id,label,returncode,timeout,wall_seconds,command,tool,queries,repetition,phase,threads
20260907T203213.914606-install-classic-tools,install-classic-tools,0,False,5.476475673000095,"['sudo', 'env', 'DEBIAN_FRONTEND=noninteractive', 'apt-get', 'install', '-y', 'bwa', 'ncbi-blast+', 'minimap2']",,,,,
20260907T203219.438974-native-parallel-tests,native-parallel-tests,0,False,3.9724207959989144,"['env', 'OMP_NUM_THREADS=2', 'cargo', 'test', '--locked', '--all-targets']",,,,,
20260907T203223.443156-native-parallel-build,native-parallel-build,0,False,5.325039635001303,"['cargo', 'build', '--locked', '--release', '--bin', 'ooff-index']",,,,,
20260907T203228.800837-prepare-eligible-reference,prepare-eligible-reference,0,False,34.44447655099793,"['python3', 'benchmarks/classic/prepare.py']",,,,,
20260907T203303.291193-build-bwa-index,build-bwa-index,0,False,2753.43898988,"['bwa', 'index', '-p', 'data/classic-v1/bwa', 'data/classic-v1/eligible.fa']",,,,,
20260907T212853.783160-bwa-fetch-inputs,bwa-fetch-inputs,0,False,34.04988892,"['python3', 'benchmarks/classic/fetch_inputs.py', '--source', 'http://172.31.19.41:8765', '--tool', 'bwa']",,,,,
20260907T212857.126376-minimap2-fetch-inputs,minimap2-fetch-inputs,0,False,5.226832644999988,"['python3', 'benchmarks/classic/fetch_inputs.py', '--source', 'http://172.31.19.41:8765', '--tool', 'minimap2']",,,,,
20260907T212857.531479-blast-fetch-inputs,blast-fetch-inputs,0,False,5.226680833999993,"['python3', 'benchmarks/classic/fetch_inputs.py', '--source', 'http://172.31.19.41:8765', '--tool', 'blast']",,,,,
20260907T212902.416037-build-minimap2-index,build-minimap2-index,137,False,30.786224536000006,"['minimap2', '-t', '8', '-k', '7', '-w', '5', '-d', 'data/classic-v1/minimap2-k7w5.mmi', 'data/classic-v1/eligible.fa']",,,,,
20260907T212902.815719-build-blast-index,build-blast-index,0,False,16.003739922999998,"['makeblastdb', '-in', 'data/classic-v1/eligible.fa', '-dbtype', 'nucl', '-parse_seqids', '-out', 'data/classic-v1/blast']",,,,,
20260907T212918.963009-pilot-blast-100-r1-search,pilot-blast-100-r1-search,0,False,141.035212809,"['blastn', '-task', 'blastn-short', '-db', 'data/classic-v1/blast', '-query', 'data/classic-v1/targets-100.fa', '-num_threads', '8', '-strand', 'plus', '-dust', 'no', '-soft_masking', 'false', '-evalue', '1000000000', '-reward', '1', '-penalty', '-1', '-gapopen', '0', '-gapextend', '2', '-qcov_hsp_perc', '85', '-max_target_seqs', '1000', '-max_hsps', '1', '-outfmt', '6 qseqid sseqid sstart send']",blast,100,1,pilot,8
20260907T212928.150841-pilot-bwa-100-r1-aln,pilot-bwa-100-r1-aln,0,False,1.1667829040000015,"['bwa', 'aln', '-t', '8', '-n', '3', '-o', '3', '-e', '3', '-i', '0', '-l', '1024', '-M', '1', '-O', '1', '-E', '1', 'data/classic-v1/bwa', 'data/classic-v1/targets-100.fa']",bwa,100,1,pilot,8
20260907T212929.343196-pilot-bwa-100-r1-samse,pilot-bwa-100-r1-samse,0,False,2.0193167959999982,"['bwa', 'samse', '-n', '1000', 'data/classic-v1/bwa', 'benchmarks/classic/iterations/20260907T212928.150841-pilot-bwa-100-r1-aln/stdout', 'data/classic-v1/targets-100.fa']",bwa,100,1,pilot,8
20260907T212931.387286-pilot-bwa-100-r1-verify,pilot-bwa-100-r1-verify,0,False,0.41502718799998206,"['python3', 'benchmarks/classic/verify.py', '--input', 'benchmarks/classic/iterations/20260907T212929.343196-pilot-bwa-100-r1-samse/stdout', '--kind', 'sam', '--queries', 'data/classic-v1/targets-100.fa', '--threads', '8']",bwa,100,1,pilot,8
20260907T213140.001308-pilot-blast-100-r1-verify,pilot-blast-100-r1-verify,1,False,0.4147002240000006,"['python3', 'benchmarks/classic/verify.py', '--input', 'benchmarks/classic/iterations/20260907T212918.963009-pilot-blast-100-r1-search/stdout', '--kind', 'blast', '--queries', 'data/classic-v1/targets-100.fa', '--threads', '8']",blast,100,1,pilot,8
20260907T213444.987589-pilot-blast-identifier-repair,pilot-blast-identifier-repair,0,False,0.515051217000007,"['python3', 'benchmarks/classic/verify.py', '--input', 'benchmarks/classic/iterations/20260907T212918.963009-pilot-blast-100-r1-search/stdout', '--kind', 'blast', '--queries', 'data/classic-v1/targets-100.fa', '--threads', '8']",,,,,
20260907T213451.582230-measurement-bwa-100-r1-aln,measurement-bwa-100-r1-aln,0,False,1.0659324490000017,"['bwa', 'aln', '-t', '8', '-n', '3', '-o', '3', '-e', '3', '-i', '0', '-l', '1024', '-M', '1', '-O', '1', '-E', '1', 'data/classic-v1/bwa', 'data/classic-v1/targets-100.fa']",bwa,100,1,measurement,8
20260907T213452.651649-measurement-bwa-100-r1-samse,measurement-bwa-100-r1-samse,0,False,2.018260868000027,"['bwa', 'samse', '-n', '1000', 'data/classic-v1/bwa', 'benchmarks/classic/iterations/20260907T213451.582230-measurement-bwa-100-r1-aln/stdout', 'data/classic-v1/targets-100.fa']",bwa,100,1,measurement,8
20260907T213454.671827-measurement-bwa-100-r1-verify,measurement-bwa-100-r1-verify,0,False,0.4650930829999993,"['python3', 'benchmarks/classic/verify.py', '--input', 'benchmarks/classic/iterations/20260907T213452.651649-measurement-bwa-100-r1-samse/stdout', '--kind', 'sam', '--queries', 'data/classic-v1/targets-100.fa', '--threads', '8']",bwa,100,1,measurement,8
20260907T213455.146685-measurement-bwa-100-r2-aln,measurement-bwa-100-r2-aln,0,False,1.0159566609999615,"['bwa', 'aln', '-t', '8', '-n', '3', '-o', '3', '-e', '3', '-i', '0', '-l', '1024', '-M', '1', '-O', '1', '-E', '1', 'data/classic-v1/bwa', 'data/classic-v1/targets-100.fa']",bwa,100,2,measurement,8
20260907T213456.164759-measurement-bwa-100-r2-samse,measurement-bwa-100-r2-samse,0,False,1.8679177539999614,"['bwa', 'samse', '-n', '1000', 'data/classic-v1/bwa', 'benchmarks/classic/iterations/20260907T213455.146685-measurement-bwa-100-r2-aln/stdout', 'data/classic-v1/targets-100.fa']",bwa,100,2,measurement,8
20260907T213458.034841-measurement-bwa-100-r2-verify,measurement-bwa-100-r2-verify,0,False,0.4149220360000072,"['python3', 'benchmarks/classic/verify.py', '--input', 'benchmarks/classic/iterations/20260907T213456.164759-measurement-bwa-100-r2-samse/stdout', '--kind', 'sam', '--queries', 'data/classic-v1/targets-100.fa', '--threads', '8']",bwa,100,2,measurement,8
20260907T213458.459763-measurement-bwa-100-r3-aln,measurement-bwa-100-r3-aln,0,False,1.0164841019999926,"['bwa', 'aln', '-t', '8', '-n', '3', '-o', '3', '-e', '3', '-i', '0', '-l', '1024', '-M', '1', '-O', '1', '-E', '1', 'data/classic-v1/bwa', 'data/classic-v1/targets-100.fa']",bwa,100,3,measurement,8
20260907T213459.478654-measurement-bwa-100-r3-samse,measurement-bwa-100-r3-samse,0,False,1.8677434600000424,"['bwa', 'samse', '-n', '1000', 'data/classic-v1/bwa', 'benchmarks/classic/iterations/20260907T213458.459763-measurement-bwa-100-r3-aln/stdout', 'data/classic-v1/targets-100.fa']",bwa,100,3,measurement,8
20260907T213501.348823-measurement-bwa-100-r3-verify,measurement-bwa-100-r3-verify,0,False,0.41493887799998674,"['python3', 'benchmarks/classic/verify.py', '--input', 'benchmarks/classic/iterations/20260907T213459.478654-measurement-bwa-100-r3-samse/stdout', '--kind', 'sam', '--queries', 'data/classic-v1/targets-100.fa', '--threads', '8']",bwa,100,3,measurement,8
20260907T213501.774057-measurement-bwa-1000-r1-aln,measurement-bwa-1000-r1-aln,0,False,1.3676436310000213,"['bwa', 'aln', '-t', '8', '-n', '3', '-o', '3', '-e', '3', '-i', '0', '-l', '1024', '-M', '1', '-O', '1', '-E', '1', 'data/classic-v1/bwa', 'data/classic-v1/targets-1000.fa']",bwa,1000,1,measurement,8
20260907T213503.144299-measurement-bwa-1000-r1-samse,measurement-bwa-1000-r1-samse,0,False,2.3197184260000085,"['bwa', 'samse', '-n', '1000', 'data/classic-v1/bwa', 'benchmarks/classic/iterations/20260907T213501.774057-measurement-bwa-1000-r1-aln/stdout', 'data/classic-v1/targets-1000.fa']",bwa,1000,1,measurement,8
20260907T213505.466723-measurement-bwa-1000-r1-verify,measurement-bwa-1000-r1-verify,0,False,0.6153122240000357,"['python3', 'benchmarks/classic/verify.py', '--input', 'benchmarks/classic/iterations/20260907T213503.144299-measurement-bwa-1000-r1-samse/stdout', '--kind', 'sam', '--queries', 'data/classic-v1/targets-1000.fa', '--threads', '8']",bwa,1000,1,measurement,8
20260907T213506.096168-measurement-bwa-1000-r2-aln,measurement-bwa-1000-r2-aln,0,False,1.317510459999994,"['bwa', 'aln', '-t', '8', '-n', '3', '-o', '3', '-e', '3', '-i', '0', '-l', '1024', '-M', '1', '-O', '1', '-E', '1', 'data/classic-v1/bwa', 'data/classic-v1/targets-1000.fa']",bwa,1000,2,measurement,8
20260907T213507.417789-measurement-bwa-1000-r2-samse,measurement-bwa-1000-r2-samse,0,False,2.2189105680000125,"['bwa', 'samse', '-n', '1000', 'data/classic-v1/bwa', 'benchmarks/classic/iterations/20260907T213506.096168-measurement-bwa-1000-r2-aln/stdout', 'data/classic-v1/targets-1000.fa']",bwa,1000,2,measurement,8
20260907T213509.640171-measurement-bwa-1000-r2-verify,measurement-bwa-1000-r2-verify,0,False,0.615323965000016,"['python3', 'benchmarks/classic/verify.py', '--input', 'benchmarks/classic/iterations/20260907T213507.417789-measurement-bwa-1000-r2-samse/stdout', '--kind', 'sam', '--queries', 'data/classic-v1/targets-1000.fa', '--threads', '8']",bwa,1000,2,measurement,8
20260907T213510.271220-measurement-bwa-1000-r3-aln,measurement-bwa-1000-r3-aln,0,False,1.3176010910000286,"['bwa', 'aln', '-t', '8', '-n', '3', '-o', '3', '-e', '3', '-i', '0', '-l', '1024', '-M', '1', '-O', '1', '-E', '1', 'data/classic-v1/bwa', 'data/classic-v1/targets-1000.fa']",bwa,1000,3,measurement,8
20260907T213511.593081-measurement-bwa-1000-r3-samse,measurement-bwa-1000-r3-samse,0,False,2.2191380579999986,"['bwa', 'samse', '-n', '1000', 'data/classic-v1/bwa', 'benchmarks/classic/iterations/20260907T213510.271220-measurement-bwa-1000-r3-aln/stdout', 'data/classic-v1/targets-1000.fa']",bwa,1000,3,measurement,8
20260907T213513.816599-measurement-bwa-1000-r3-verify,measurement-bwa-1000-r3-verify,0,False,0.6157798819999698,"['python3', 'benchmarks/classic/verify.py', '--input', 'benchmarks/classic/iterations/20260907T213511.593081-measurement-bwa-1000-r3-samse/stdout', '--kind', 'sam', '--queries', 'data/classic-v1/targets-1000.fa', '--threads', '8']",bwa,1000,3,measurement,8
20260907T213514.449338-measurement-bwa-5000-r1-aln,measurement-bwa-5000-r1-aln,0,False,8.686835191,"['bwa', 'aln', '-t', '8', '-n', '3', '-o', '3', '-e', '3', '-i', '0', '-l', '1024', '-M', '1', '-O', '1', '-E', '1', 'data/classic-v1/bwa', 'data/classic-v1/targets-5000.fa']",bwa,5000,1,measurement,8
20260907T213523.141685-measurement-bwa-5000-r1-samse,measurement-bwa-5000-r1-samse,0,False,5.175112252999952,"['bwa', 'samse', '-n', '1000', 'data/classic-v1/bwa', 'benchmarks/classic/iterations/20260907T213514.449338-measurement-bwa-5000-r1-aln/stdout', 'data/classic-v1/targets-5000.fa']",bwa,5000,1,measurement,8
20260907T213528.322187-measurement-bwa-5000-r1-verify,measurement-bwa-5000-r1-verify,0,False,1.8680032180000126,"['python3', 'benchmarks/classic/verify.py', '--input', 'benchmarks/classic/iterations/20260907T213523.141685-measurement-bwa-5000-r1-samse/stdout', '--kind', 'sam', '--queries', 'data/classic-v1/targets-5000.fa', '--threads', '8']",bwa,5000,1,measurement,8
20260907T213530.226832-measurement-bwa-5000-r2-aln,measurement-bwa-5000-r2-aln,0,False,8.787929788000042,"['bwa', 'aln', '-t', '8', '-n', '3', '-o', '3', '-e', '3', '-i', '0', '-l', '1024', '-M', '1', '-O', '1', '-E', '1', 'data/classic-v1/bwa', 'data/classic-v1/targets-5000.fa']",bwa,5000,2,measurement,8
20260907T213539.023222-measurement-bwa-5000-r2-samse,measurement-bwa-5000-r2-samse,0,False,5.2228205200000275,"['bwa', 'samse', '-n', '1000', 'data/classic-v1/bwa', 'benchmarks/classic/iterations/20260907T213530.226832-measurement-bwa-5000-r2-aln/stdout', 'data/classic-v1/targets-5000.fa']",bwa,5000,2,measurement,8
20260907T213544.254646-measurement-bwa-5000-r2-verify,measurement-bwa-5000-r2-verify,0,False,1.8701544430000467,"['python3', 'benchmarks/classic/verify.py', '--input', 'benchmarks/classic/iterations/20260907T213539.023222-measurement-bwa-5000-r2-samse/stdout', '--kind', 'sam', '--queries', 'data/classic-v1/targets-5000.fa', '--threads', '8']",bwa,5000,2,measurement,8
20260907T213546.166190-measurement-bwa-5000-r3-aln,measurement-bwa-5000-r3-aln,0,False,8.637535335000052,"['bwa', 'aln', '-t', '8', '-n', '3', '-o', '3', '-e', '3', '-i', '0', '-l', '1024', '-M', '1', '-O', '1', '-E', '1', 'data/classic-v1/bwa', 'data/classic-v1/targets-5000.fa']",bwa,5000,3,measurement,8
20260907T213554.816164-measurement-bwa-5000-r3-samse,measurement-bwa-5000-r3-samse,0,False,5.125967795000065,"['bwa', 'samse', '-n', '1000', 'data/classic-v1/bwa', 'benchmarks/classic/iterations/20260907T213546.166190-measurement-bwa-5000-r3-aln/stdout', 'data/classic-v1/targets-5000.fa']",bwa,5000,3,measurement,8
20260907T213559.954221-measurement-bwa-5000-r3-verify,measurement-bwa-5000-r3-verify,0,False,1.8687006340001062,"['python3', 'benchmarks/classic/verify.py', '--input', 'benchmarks/classic/iterations/20260907T213554.816164-measurement-bwa-5000-r3-samse/stdout', '--kind', 'sam', '--queries', 'data/classic-v1/targets-5000.fa', '--threads', '8']",bwa,5000,3,measurement,8
20260907T213601.870356-measurement-bwa-10000-r1-aln,measurement-bwa-10000-r1-aln,0,False,14.855955342000016,"['bwa', 'aln', '-t', '8', '-n', '3', '-o', '3', '-e', '3', '-i', '0', '-l', '1024', '-M', '1', '-O', '1', '-E', '1', 'data/classic-v1/bwa', 'data/classic-v1/targets-10000.fa']",bwa,10000,1,measurement,8
20260907T213616.742033-measurement-bwa-10000-r1-samse,measurement-bwa-10000-r1-samse,0,False,8.733382151,"['bwa', 'samse', '-n', '1000', 'data/classic-v1/bwa', 'benchmarks/classic/iterations/20260907T213601.870356-measurement-bwa-10000-r1-aln/stdout', 'data/classic-v1/targets-10000.fa']",bwa,10000,1,measurement,8
20260907T213625.491285-measurement-bwa-10000-r1-verify,measurement-bwa-10000-r1-verify,0,False,3.572102249000068,"['python3', 'benchmarks/classic/verify.py', '--input', 'benchmarks/classic/iterations/20260907T213616.742033-measurement-bwa-10000-r1-samse/stdout', '--kind', 'sam', '--queries', 'data/classic-v1/targets-10000.fa', '--threads', '8']",bwa,10000,1,measurement,8
20260907T213629.138889-measurement-bwa-10000-r2-aln,measurement-bwa-10000-r2-aln,0,False,14.605031163000035,"['bwa', 'aln', '-t', '8', '-n', '3', '-o', '3', '-e', '3', '-i', '0', '-l', '1024', '-M', '1', '-O', '1', '-E', '1', 'data/classic-v1/bwa', 'data/classic-v1/targets-10000.fa']",bwa,10000,2,measurement,8
20260907T213643.765251-measurement-bwa-10000-r2-samse,measurement-bwa-10000-r2-samse,0,False,8.835069286999897,"['bwa', 'samse', '-n', '1000', 'data/classic-v1/bwa', 'benchmarks/classic/iterations/20260907T213629.138889-measurement-bwa-10000-r2-aln/stdout', 'data/classic-v1/targets-10000.fa']",bwa,10000,2,measurement,8
20260907T213652.624809-measurement-bwa-10000-r2-verify,measurement-bwa-10000-r2-verify,0,False,3.5209333770000057,"['python3', 'benchmarks/classic/verify.py', '--input', 'benchmarks/classic/iterations/20260907T213643.765251-measurement-bwa-10000-r2-samse/stdout', '--kind', 'sam', '--queries', 'data/classic-v1/targets-10000.fa', '--threads', '8']",bwa,10000,2,measurement,8
20260907T213656.230046-measurement-bwa-10000-r3-aln,measurement-bwa-10000-r3-aln,0,False,14.804630971000051,"['bwa', 'aln', '-t', '8', '-n', '3', '-o', '3', '-e', '3', '-i', '0', '-l', '1024', '-M', '1', '-O', '1', '-E', '1', 'data/classic-v1/bwa', 'data/classic-v1/targets-10000.fa']",bwa,10000,3,measurement,8
20260907T213711.064118-measurement-bwa-10000-r3-samse,measurement-bwa-10000-r3-samse,0,False,8.783831501000009,"['bwa', 'samse', '-n', '1000', 'data/classic-v1/bwa', 'benchmarks/classic/iterations/20260907T213656.230046-measurement-bwa-10000-r3-aln/stdout', 'data/classic-v1/targets-10000.fa']",bwa,10000,3,measurement,8
20260907T213719.875798-measurement-bwa-10000-r3-verify,measurement-bwa-10000-r3-verify,0,False,3.5708519859999797,"['python3', 'benchmarks/classic/verify.py', '--input', 'benchmarks/classic/iterations/20260907T213711.064118-measurement-bwa-10000-r3-samse/stdout', '--kind', 'sam', '--queries', 'data/classic-v1/targets-10000.fa', '--threads', '8']",bwa,10000,3,measurement,8
20260907T213723.543965-measurement-bwa-26643-r1-aln,measurement-bwa-26643-r1-aln,0,False,41.12790481100001,"['bwa', 'aln', '-t', '8', '-n', '3', '-o', '3', '-e', '3', '-i', '0', '-l', '1024', '-M', '1', '-O', '1', '-E', '1', 'data/classic-v1/bwa', 'data/classic-v1/targets-26643.fa']",bwa,26643,1,measurement,8
20260907T213804.708222-measurement-bwa-26643-r1-samse,measurement-bwa-26643-r1-samse,0,False,21.814179140999954,"['bwa', 'samse', '-n', '1000', 'data/classic-v1/bwa', 'benchmarks/classic/iterations/20260907T213723.543965-measurement-bwa-26643-r1-aln/stdout', 'data/classic-v1/targets-26643.fa']",bwa,26643,1,measurement,8
20260907T213826.557780-measurement-bwa-26643-r1-verify,measurement-bwa-26643-r1-verify,0,False,9.385177569000007,"['python3', 'benchmarks/classic/verify.py', '--input', 'benchmarks/classic/iterations/20260907T213804.708222-measurement-bwa-26643-r1-samse/stdout', '--kind', 'sam', '--queries', 'data/classic-v1/targets-26643.fa', '--threads', '8']",bwa,26643,1,measurement,8
20260907T213836.125724-measurement-bwa-26643-r2-aln,measurement-bwa-26643-r2-aln,0,False,40.37717851800005,"['bwa', 'aln', '-t', '8', '-n', '3', '-o', '3', '-e', '3', '-i', '0', '-l', '1024', '-M', '1', '-O', '1', '-E', '1', 'data/classic-v1/bwa', 'data/classic-v1/targets-26643.fa']",bwa,26643,2,measurement,8
20260907T213847.888138-measurement-blast-10-r1-search,measurement-blast-10-r1-search,0,False,13.61071856000001,"['blastn', '-task', 'blastn-short', '-db', 'data/classic-v1/blast', '-query', 'data/classic-v1/targets-10.fa', '-num_threads', '8', '-strand', 'plus', '-dust', 'no', '-soft_masking', 'false', '-evalue', '1000000000', '-reward', '1', '-penalty', '-1', '-gapopen', '0', '-gapextend', '2', '-qcov_hsp_perc', '85', '-max_target_seqs', '1000', '-max_hsps', '1', '-outfmt', '6 qseqid sseqid sstart send']",blast,10,1,measurement,8
20260907T213854.104888-minimap2-fetch-inputs,minimap2-fetch-inputs,0,False,3.8237144230000126,"['python3', 'benchmarks/classic/fetch_inputs.py', '--source', 'http://172.31.19.41:8765', '--tool', 'minimap2']",,,,,
20260907T213857.983421-build-minimap2-index,build-minimap2-index,0,False,73.64292037400003,"['minimap2', '-t', '8', '-k', '7', '-w', '5', '-d', 'data/classic-v1/minimap2-k7w5.mmi', 'data/classic-v1/eligible.fa']",,,,,
20260907T213901.501968-measurement-blast-10-r1-verify,measurement-blast-10-r1-verify,0,False,0.3649585189999698,"['python3', 'benchmarks/classic/verify.py', '--input', 'benchmarks/classic/iterations/20260907T213847.888138-measurement-blast-10-r1-search/stdout', '--kind', 'blast', '--queries', 'data/classic-v1/targets-10.fa', '--threads', '8']",blast,10,1,measurement,8
20260907T213901.875281-measurement-blast-10-r2-search,measurement-blast-10-r2-search,0,False,13.55571071999998,"['blastn', '-task', 'blastn-short', '-db', 'data/classic-v1/blast', '-query', 'data/classic-v1/targets-10.fa', '-num_threads', '8', '-strand', 'plus', '-dust', 'no', '-soft_masking', 'false', '-evalue', '1000000000', '-reward', '1', '-penalty', '-1', '-gapopen', '0', '-gapextend', '2', '-qcov_hsp_perc', '85', '-max_target_seqs', '1000', '-max_hsps', '1', '-outfmt', '6 qseqid sseqid sstart send']",blast,10,2,measurement,8
20260907T213915.432927-measurement-blast-10-r2-verify,measurement-blast-10-r2-verify,0,False,0.36476316300002054,"['python3', 'benchmarks/classic/verify.py', '--input', 'benchmarks/classic/iterations/20260907T213901.875281-measurement-blast-10-r2-search/stdout', '--kind', 'blast', '--queries', 'data/classic-v1/targets-10.fa', '--threads', '8']",blast,10,2,measurement,8
20260907T213915.806714-measurement-blast-10-r3-search,measurement-blast-10-r3-search,0,False,13.56048061499996,"['blastn', '-task', 'blastn-short', '-db', 'data/classic-v1/blast', '-query', 'data/classic-v1/targets-10.fa', '-num_threads', '8', '-strand', 'plus', '-dust', 'no', '-soft_masking', 'false', '-evalue', '1000000000', '-reward', '1', '-penalty', '-1', '-gapopen', '0', '-gapextend', '2', '-qcov_hsp_perc', '85', '-max_target_seqs', '1000', '-max_hsps', '1', '-outfmt', '6 qseqid sseqid sstart send']",blast,10,3,measurement,8
20260907T213916.555133-measurement-bwa-26643-r2-samse,measurement-bwa-26643-r2-samse,0,False,22.164437831999976,"['bwa', 'samse', '-n', '1000', 'data/classic-v1/bwa', 'benchmarks/classic/iterations/20260907T213836.125724-measurement-bwa-26643-r2-aln/stdout', 'data/classic-v1/targets-26643.fa']",bwa,26643,2,measurement,8
20260907T213929.369220-measurement-blast-10-r3-verify,measurement-blast-10-r3-verify,0,False,0.36477685700003804,"['python3', 'benchmarks/classic/verify.py', '--input', 'benchmarks/classic/iterations/20260907T213915.806714-measurement-blast-10-r3-search/stdout', '--kind', 'blast', '--queries', 'data/classic-v1/targets-10.fa', '--threads', '8']",blast,10,3,measurement,8
20260907T213929.742754-measurement-blast-30-r1-search,measurement-blast-30-r1-search,0,False,36.72831713100004,"['blastn', '-task', 'blastn-short', '-db', 'data/classic-v1/blast', '-query', 'data/classic-v1/targets-30.fa', '-num_threads', '8', '-strand', 'plus', '-dust', 'no', '-soft_masking', 'false', '-evalue', '1000000000', '-reward', '1', '-penalty', '-1', '-gapopen', '0', '-gapextend', '2', '-qcov_hsp_perc', '85', '-max_target_seqs', '1000', '-max_hsps', '1', '-outfmt', '6 qseqid sseqid sstart send']",blast,30,1,measurement,8
20260907T213938.771362-measurement-bwa-26643-r2-verify,measurement-bwa-26643-r2-verify,0,False,9.483293294000077,"['python3', 'benchmarks/classic/verify.py', '--input', 'benchmarks/classic/iterations/20260907T213916.555133-measurement-bwa-26643-r2-samse/stdout', '--kind', 'sam', '--queries', 'data/classic-v1/targets-26643.fa', '--threads', '8']",bwa,26643,2,measurement,8
20260907T213948.467508-measurement-bwa-26643-r3-aln,measurement-bwa-26643-r3-aln,0,False,39.72468421899998,"['bwa', 'aln', '-t', '8', '-n', '3', '-o', '3', '-e', '3', '-i', '0', '-l', '1024', '-M', '1', '-O', '1', '-E', '1', 'data/classic-v1/bwa', 'data/classic-v1/targets-26643.fa']",bwa,26643,3,measurement,8
20260907T214006.473253-measurement-blast-30-r1-verify,measurement-blast-30-r1-verify,0,False,0.4148103690000653,"['python3', 'benchmarks/classic/verify.py', '--input', 'benchmarks/classic/iterations/20260907T213929.742754-measurement-blast-30-r1-search/stdout', '--kind', 'blast', '--queries', 'data/classic-v1/targets-30.fa', '--threads', '8']",blast,30,1,measurement,8
20260907T214006.897512-measurement-blast-30-r2-search,measurement-blast-30-r2-search,0,False,36.744832853999924,"['blastn', '-task', 'blastn-short', '-db', 'data/classic-v1/blast', '-query', 'data/classic-v1/targets-30.fa', '-num_threads', '8', '-strand', 'plus', '-dust', 'no', '-soft_masking', 'false', '-evalue', '1000000000', '-reward', '1', '-penalty', '-1', '-gapopen', '0', '-gapextend', '2', '-qcov_hsp_perc', '85', '-max_target_seqs', '1000', '-max_hsps', '1', '-outfmt', '6 qseqid sseqid sstart send']",blast,30,2,measurement,8
20260907T214012.081155-pilot-minimap2-100-r1-search,pilot-minimap2-100-r1-search,0,False,4.8761714149999875,"['minimap2', '-a', '-t', '8', '-n', '2', '-m', '10', '-s', '10', '-A', '1', '-B', '1', '-O', '1,1', '-E', '1,1', '-N', '100', '-p', '0', '--for-only', 'data/classic-v1/minimap2-k7w5.mmi', 'data/classic-v1/targets-100.fa']",minimap2,100,1,pilot,8
20260907T214016.976237-pilot-minimap2-100-r1-verify,pilot-minimap2-100-r1-verify,0,False,1.4670794300000125,"['python3', 'benchmarks/classic/verify.py', '--input', 'benchmarks/classic/iterations/20260907T214012.081155-pilot-minimap2-100-r1-search/stdout', '--kind', 'sam', '--queries', 'data/classic-v1/targets-100.fa', '--threads', '8']",minimap2,100,1,pilot,8
20260907T214028.261785-measurement-bwa-26643-r3-samse,measurement-bwa-26643-r3-samse,0,False,22.468728328999987,"['bwa', 'samse', '-n', '1000', 'data/classic-v1/bwa', 'benchmarks/classic/iterations/20260907T213948.467508-measurement-bwa-26643-r3-aln/stdout', 'data/classic-v1/targets-26643.fa']",bwa,26643,3,measurement,8
20260907T214043.644669-measurement-blast-30-r2-verify,measurement-blast-30-r2-verify,0,False,0.4148312080000096,"['python3', 'benchmarks/classic/verify.py', '--input', 'benchmarks/classic/iterations/20260907T214006.897512-measurement-blast-30-r2-search/stdout', '--kind', 'blast', '--queries', 'data/classic-v1/targets-30.fa', '--threads', '8']",blast,30,2,measurement,8
20260907T214044.068617-measurement-blast-30-r3-search,measurement-blast-30-r3-search,0,False,36.64183999199997,"['blastn', '-task', 'blastn-short', '-db', 'data/classic-v1/blast', '-query', 'data/classic-v1/targets-30.fa', '-num_threads', '8', '-strand', 'plus', '-dust', 'no', '-soft_masking', 'false', '-evalue', '1000000000', '-reward', '1', '-penalty', '-1', '-gapopen', '0', '-gapextend', '2', '-qcov_hsp_perc', '85', '-max_target_seqs', '1000', '-max_hsps', '1', '-outfmt', '6 qseqid sseqid sstart send']",blast,30,3,measurement,8
20260907T214050.799757-measurement-bwa-26643-r3-verify,measurement-bwa-26643-r3-verify,0,False,9.334660245999999,"['python3', 'benchmarks/classic/verify.py', '--input', 'benchmarks/classic/iterations/20260907T214028.261785-measurement-bwa-26643-r3-samse/stdout', '--kind', 'sam', '--queries', 'data/classic-v1/targets-26643.fa', '--threads', '8']",bwa,26643,3,measurement,8
20260907T214120.712952-measurement-blast-30-r3-verify,measurement-blast-30-r3-verify,0,False,0.41495733199997176,"['python3', 'benchmarks/classic/verify.py', '--input', 'benchmarks/classic/iterations/20260907T214044.068617-measurement-blast-30-r3-search/stdout', '--kind', 'blast', '--queries', 'data/classic-v1/targets-30.fa', '--threads', '8']",blast,30,3,measurement,8
20260907T214121.137263-measurement-blast-100-r1-search,measurement-blast-100-r1-search,0,False,140.24934273200006,"['blastn', '-task', 'blastn-short', '-db', 'data/classic-v1/blast', '-query', 'data/classic-v1/targets-100.fa', '-num_threads', '8', '-strand', 'plus', '-dust', 'no', '-soft_masking', 'false', '-evalue', '1000000000', '-reward', '1', '-penalty', '-1', '-gapopen', '0', '-gapextend', '2', '-qcov_hsp_perc', '85', '-max_target_seqs', '1000', '-max_hsps', '1', '-outfmt', '6 qseqid sseqid sstart send']",blast,100,1,measurement,8
20260907T214341.389125-measurement-blast-100-r1-verify,measurement-blast-100-r1-verify,0,False,0.5148880589999862,"['python3', 'benchmarks/classic/verify.py', '--input', 'benchmarks/classic/iterations/20260907T214121.137263-measurement-blast-100-r1-search/stdout', '--kind', 'blast', '--queries', 'data/classic-v1/targets-100.fa', '--threads', '8']",blast,100,1,measurement,8
20260907T214341.913794-measurement-blast-100-r2-search,measurement-blast-100-r2-search,0,False,140.18336703199986,"['blastn', '-task', 'blastn-short', '-db', 'data/classic-v1/blast', '-query', 'data/classic-v1/targets-100.fa', '-num_threads', '8', '-strand', 'plus', '-dust', 'no', '-soft_masking', 'false', '-evalue', '1000000000', '-reward', '1', '-penalty', '-1', '-gapopen', '0', '-gapextend', '2', '-qcov_hsp_perc', '85', '-max_target_seqs', '1000', '-max_hsps', '1', '-outfmt', '6 qseqid sseqid sstart send']",blast,100,2,measurement,8
20260907T214602.099929-measurement-blast-100-r2-verify,measurement-blast-100-r2-verify,0,False,0.5150212710000233,"['python3', 'benchmarks/classic/verify.py', '--input', 'benchmarks/classic/iterations/20260907T214341.913794-measurement-blast-100-r2-search/stdout', '--kind', 'blast', '--queries', 'data/classic-v1/targets-100.fa', '--threads', '8']",blast,100,2,measurement,8
20260907T214602.625137-measurement-blast-100-r3-search,measurement-blast-100-r3-search,0,False,140.56535167100014,"['blastn', '-task', 'blastn-short', '-db', 'data/classic-v1/blast', '-query', 'data/classic-v1/targets-100.fa', '-num_threads', '8', '-strand', 'plus', '-dust', 'no', '-soft_masking', 'false', '-evalue', '1000000000', '-reward', '1', '-penalty', '-1', '-gapopen', '0', '-gapextend', '2', '-qcov_hsp_perc', '85', '-max_target_seqs', '1000', '-max_hsps', '1', '-outfmt', '6 qseqid sseqid sstart send']",blast,100,3,measurement,8
20260907T214628.835626-measurement-minimap2-10-r1-search,measurement-minimap2-10-r1-search,0,False,4.0741063929999655,"['minimap2', '-a', '-t', '8', '-n', '2', '-m', '10', '-s', '10', '-A', '1', '-B', '1', '-O', '1,1', '-E', '1,1', '-N', '100', '-p', '0', '--for-only', 'data/classic-v1/minimap2-k7w5.mmi', 'data/classic-v1/targets-10.fa']",minimap2,10,1,measurement,8
20260907T214632.912904-measurement-minimap2-10-r1-verify,measurement-minimap2-10-r1-verify,0,False,0.7655917989999352,"['python3', 'benchmarks/classic/verify.py', '--input', 'benchmarks/classic/iterations/20260907T214628.835626-measurement-minimap2-10-r1-search/stdout', '--kind', 'sam', '--queries', 'data/classic-v1/targets-10.fa', '--threads', '8']",minimap2,10,1,measurement,8
20260907T214633.687635-measurement-minimap2-10-r2-search,measurement-minimap2-10-r2-search,0,False,4.174293659999989,"['minimap2', '-a', '-t', '8', '-n', '2', '-m', '10', '-s', '10', '-A', '1', '-B', '1', '-O', '1,1', '-E', '1,1', '-N', '100', '-p', '0', '--for-only', 'data/classic-v1/minimap2-k7w5.mmi', 'data/classic-v1/targets-10.fa']",minimap2,10,2,measurement,8
20260907T214637.863909-measurement-minimap2-10-r2-verify,measurement-minimap2-10-r2-verify,0,False,0.7655622119999634,"['python3', 'benchmarks/classic/verify.py', '--input', 'benchmarks/classic/iterations/20260907T214633.687635-measurement-minimap2-10-r2-search/stdout', '--kind', 'sam', '--queries', 'data/classic-v1/targets-10.fa', '--threads', '8']",minimap2,10,2,measurement,8
20260907T214638.638054-measurement-minimap2-10-r3-search,measurement-minimap2-10-r3-search,0,False,4.073740202999943,"['minimap2', '-a', '-t', '8', '-n', '2', '-m', '10', '-s', '10', '-A', '1', '-B', '1', '-O', '1,1', '-E', '1,1', '-N', '100', '-p', '0', '--for-only', 'data/classic-v1/minimap2-k7w5.mmi', 'data/classic-v1/targets-10.fa']",minimap2,10,3,measurement,8
20260907T214642.713763-measurement-minimap2-10-r3-verify,measurement-minimap2-10-r3-verify,0,False,0.7653508170000123,"['python3', 'benchmarks/classic/verify.py', '--input', 'benchmarks/classic/iterations/20260907T214638.638054-measurement-minimap2-10-r3-search/stdout', '--kind', 'sam', '--queries', 'data/classic-v1/targets-10.fa', '--threads', '8']",minimap2,10,3,measurement,8
20260907T214643.488208-measurement-minimap2-30-r1-search,measurement-minimap2-30-r1-search,0,False,4.224819806000028,"['minimap2', '-a', '-t', '8', '-n', '2', '-m', '10', '-s', '10', '-A', '1', '-B', '1', '-O', '1,1', '-E', '1,1', '-N', '100', '-p', '0', '--for-only', 'data/classic-v1/minimap2-k7w5.mmi', 'data/classic-v1/targets-30.fa']",minimap2,30,1,measurement,8
20260907T214646.690920-measurement-bwa-10-r1-aln,measurement-bwa-10-r1-aln,0,False,1.066025727999886,"['bwa', 'aln', '-t', '8', '-n', '3', '-o', '3', '-e', '3', '-i', '0', '-l', '1024', '-M', '1', '-O', '1', '-E', '1', 'data/classic-v1/bwa', 'data/classic-v1/targets-10.fa']",bwa,10,1,measurement,8
20260907T214647.715108-measurement-minimap2-30-r1-verify,measurement-minimap2-30-r1-verify,0,False,0.8655762010000672,"['python3', 'benchmarks/classic/verify.py', '--input', 'benchmarks/classic/iterations/20260907T214643.488208-measurement-minimap2-30-r1-search/stdout', '--kind', 'sam', '--queries', 'data/classic-v1/targets-30.fa', '--threads', '8']",minimap2,30,1,measurement,8
20260907T214647.859177-measurement-bwa-10-r1-samse,measurement-bwa-10-r1-samse,0,False,1.9186836930000482,"['bwa', 'samse', '-n', '1000', 'data/classic-v1/bwa', 'benchmarks/classic/iterations/20260907T214646.690920-measurement-bwa-10-r1-aln/stdout', 'data/classic-v1/targets-10.fa']",bwa,10,1,measurement,8
20260907T214648.589612-measurement-minimap2-30-r2-search,measurement-minimap2-30-r2-search,0,False,4.27451866399997,"['minimap2', '-a', '-t', '8', '-n', '2', '-m', '10', '-s', '10', '-A', '1', '-B', '1', '-O', '1,1', '-E', '1,1', '-N', '100', '-p', '0', '--for-only', 'data/classic-v1/minimap2-k7w5.mmi', 'data/classic-v1/targets-30.fa']",minimap2,30,2,measurement,8
20260907T214649.868760-measurement-bwa-10-r1-verify,measurement-bwa-10-r1-verify,0,False,0.41500668300000143,"['python3', 'benchmarks/classic/verify.py', '--input', 'benchmarks/classic/iterations/20260907T214647.859177-measurement-bwa-10-r1-samse/stdout', '--kind', 'sam', '--queries', 'data/classic-v1/targets-10.fa', '--threads', '8']",bwa,10,1,measurement,8
20260907T214650.463789-measurement-bwa-10-r2-aln,measurement-bwa-10-r2-aln,0,False,1.0161488709998139,"['bwa', 'aln', '-t', '8', '-n', '3', '-o', '3', '-e', '3', '-i', '0', '-l', '1024', '-M', '1', '-O', '1', '-E', '1', 'data/classic-v1/bwa', 'data/classic-v1/targets-10.fa']",bwa,10,2,measurement,8
20260907T214651.568970-measurement-bwa-10-r2-samse,measurement-bwa-10-r2-samse,0,False,1.968082375999984,"['bwa', 'samse', '-n', '1000', 'data/classic-v1/bwa', 'benchmarks/classic/iterations/20260907T214650.463789-measurement-bwa-10-r2-aln/stdout', 'data/classic-v1/targets-10.fa']",bwa,10,2,measurement,8
20260907T214652.866346-measurement-minimap2-30-r2-verify,measurement-minimap2-30-r2-verify,0,False,0.8655472350000082,"['python3', 'benchmarks/classic/verify.py', '--input', 'benchmarks/classic/iterations/20260907T214648.589612-measurement-minimap2-30-r2-search/stdout', '--kind', 'sam', '--queries', 'data/classic-v1/targets-30.fa', '--threads', '8']",minimap2,30,2,measurement,8
20260907T214653.625566-measurement-bwa-10-r2-verify,measurement-bwa-10-r2-verify,0,False,0.4149731640000027,"['python3', 'benchmarks/classic/verify.py', '--input', 'benchmarks/classic/iterations/20260907T214651.568970-measurement-bwa-10-r2-samse/stdout', '--kind', 'sam', '--queries', 'data/classic-v1/targets-10.fa', '--threads', '8']",bwa,10,2,measurement,8
20260907T214653.741139-measurement-minimap2-30-r3-search,measurement-minimap2-30-r3-search,0,False,4.225042394999946,"['minimap2', '-a', '-t', '8', '-n', '2', '-m', '10', '-s', '10', '-A', '1', '-B', '1', '-O', '1,1', '-E', '1,1', '-N', '100', '-p', '0', '--for-only', 'data/classic-v1/minimap2-k7w5.mmi', 'data/classic-v1/targets-30.fa']",minimap2,30,3,measurement,8
20260907T214654.220072-measurement-bwa-10-r3-aln,measurement-bwa-10-r3-aln,0,False,1.0159802820001005,"['bwa', 'aln', '-t', '8', '-n', '3', '-o', '3', '-e', '3', '-i', '0', '-l', '1024', '-M', '1', '-O', '1', '-E', '1', 'data/classic-v1/bwa', 'data/classic-v1/targets-10.fa']",bwa,10,3,measurement,8
20260907T214655.323392-measurement-bwa-10-r3-samse,measurement-bwa-10-r3-samse,0,False,1.9182120400000713,"['bwa', 'samse', '-n', '1000', 'data/classic-v1/bwa', 'benchmarks/classic/iterations/20260907T214654.220072-measurement-bwa-10-r3-aln/stdout', 'data/classic-v1/targets-10.fa']",bwa,10,3,measurement,8
20260907T214657.331123-measurement-bwa-10-r3-verify,measurement-bwa-10-r3-verify,0,False,0.4149827589999404,"['python3', 'benchmarks/classic/verify.py', '--input', 'benchmarks/classic/iterations/20260907T214655.323392-measurement-bwa-10-r3-samse/stdout', '--kind', 'sam', '--queries', 'data/classic-v1/targets-10.fa', '--threads', '8']",bwa,10,3,measurement,8
20260907T214657.923573-measurement-bwa-30-r1-aln,measurement-bwa-30-r1-aln,0,False,1.066210060000003,"['bwa', 'aln', '-t', '8', '-n', '3', '-o', '3', '-e', '3', '-i', '0', '-l', '1024', '-M', '1', '-O', '1', '-E', '1', 'data/classic-v1/bwa', 'data/classic-v1/targets-30.fa']",bwa,30,1,measurement,8
20260907T214657.968499-measurement-minimap2-30-r3-verify,measurement-minimap2-30-r3-verify,0,False,0.8657133719999592,"['python3', 'benchmarks/classic/verify.py', '--input', 'benchmarks/classic/iterations/20260907T214653.741139-measurement-minimap2-30-r3-search/stdout', '--kind', 'sam', '--queries', 'data/classic-v1/targets-30.fa', '--threads', '8']",minimap2,30,3,measurement,8
20260907T214658.843529-measurement-minimap2-100-r1-search,measurement-minimap2-100-r1-search,0,False,4.82653823499993,"['minimap2', '-a', '-t', '8', '-n', '2', '-m', '10', '-s', '10', '-A', '1', '-B', '1', '-O', '1,1', '-E', '1,1', '-N', '100', '-p', '0', '--for-only', 'data/classic-v1/minimap2-k7w5.mmi', 'data/classic-v1/targets-100.fa']",minimap2,100,1,measurement,8
20260907T214659.078775-measurement-bwa-30-r1-samse,measurement-bwa-30-r1-samse,0,False,1.968204642000046,"['bwa', 'samse', '-n', '1000', 'data/classic-v1/bwa', 'benchmarks/classic/iterations/20260907T214657.923573-measurement-bwa-30-r1-aln/stdout', 'data/classic-v1/targets-30.fa']",bwa,30,1,measurement,8
20260907T214701.135595-measurement-bwa-30-r1-verify,measurement-bwa-30-r1-verify,0,False,0.4150371850000738,"['python3', 'benchmarks/classic/verify.py', '--input', 'benchmarks/classic/iterations/20260907T214659.078775-measurement-bwa-30-r1-samse/stdout', '--kind', 'sam', '--queries', 'data/classic-v1/targets-30.fa', '--threads', '8']",bwa,30,1,measurement,8
20260907T214701.731015-measurement-bwa-30-r2-aln,measurement-bwa-30-r2-aln,0,False,1.0664075869999579,"['bwa', 'aln', '-t', '8', '-n', '3', '-o', '3', '-e', '3', '-i', '0', '-l', '1024', '-M', '1', '-O', '1', '-E', '1', 'data/classic-v1/bwa', 'data/classic-v1/targets-30.fa']",bwa,30,2,measurement,8
20260907T214702.886742-measurement-bwa-30-r2-samse,measurement-bwa-30-r2-samse,0,False,1.9686389930000132,"['bwa', 'samse', '-n', '1000', 'data/classic-v1/bwa', 'benchmarks/classic/iterations/20260907T214701.731015-measurement-bwa-30-r2-aln/stdout', 'data/classic-v1/targets-30.fa']",bwa,30,2,measurement,8
20260907T214703.672495-measurement-minimap2-100-r1-verify,measurement-minimap2-100-r1-verify,0,False,1.4669169369999508,"['python3', 'benchmarks/classic/verify.py', '--input', 'benchmarks/classic/iterations/20260907T214658.843529-measurement-minimap2-100-r1-search/stdout', '--kind', 'sam', '--queries', 'data/classic-v1/targets-100.fa', '--threads', '8']",minimap2,100,1,measurement,8
20260907T214704.944632-measurement-bwa-30-r2-verify,measurement-bwa-30-r2-verify,0,False,0.41518192700004874,"['python3', 'benchmarks/classic/verify.py', '--input', 'benchmarks/classic/iterations/20260907T214702.886742-measurement-bwa-30-r2-samse/stdout', '--kind', 'sam', '--queries', 'data/classic-v1/targets-30.fa', '--threads', '8']",bwa,30,2,measurement,8
20260907T214705.149171-measurement-minimap2-100-r2-search,measurement-minimap2-100-r2-search,0,False,4.826337032999959,"['minimap2', '-a', '-t', '8', '-n', '2', '-m', '10', '-s', '10', '-A', '1', '-B', '1', '-O', '1,1', '-E', '1,1', '-N', '100', '-p', '0', '--for-only', 'data/classic-v1/minimap2-k7w5.mmi', 'data/classic-v1/targets-100.fa']",minimap2,100,2,measurement,8
20260907T214705.539261-measurement-bwa-30-r3-aln,measurement-bwa-30-r3-aln,0,False,1.0660505769999418,"['bwa', 'aln', '-t', '8', '-n', '3', '-o', '3', '-e', '3', '-i', '0', '-l', '1024', '-M', '1', '-O', '1', '-E', '1', 'data/classic-v1/bwa', 'data/classic-v1/targets-30.fa']",bwa,30,3,measurement,8
20260907T214706.694676-measurement-bwa-30-r3-samse,measurement-bwa-30-r3-samse,0,False,1.968138733999922,"['bwa', 'samse', '-n', '1000', 'data/classic-v1/bwa', 'benchmarks/classic/iterations/20260907T214705.539261-measurement-bwa-30-r3-aln/stdout', 'data/classic-v1/targets-30.fa']",bwa,30,3,measurement,8
20260907T214708.754070-measurement-bwa-30-r3-verify,measurement-bwa-30-r3-verify,0,False,0.41473491799979456,"['python3', 'benchmarks/classic/verify.py', '--input', 'benchmarks/classic/iterations/20260907T214706.694676-measurement-bwa-30-r3-samse/stdout', '--kind', 'sam', '--queries', 'data/classic-v1/targets-30.fa', '--threads', '8']",bwa,30,3,measurement,8
20260907T214709.978118-measurement-minimap2-100-r2-verify,measurement-minimap2-100-r2-verify,0,False,1.4665955510000686,"['python3', 'benchmarks/classic/verify.py', '--input', 'benchmarks/classic/iterations/20260907T214705.149171-measurement-minimap2-100-r2-search/stdout', '--kind', 'sam', '--queries', 'data/classic-v1/targets-100.fa', '--threads', '8']",minimap2,100,2,measurement,8
20260907T214711.454877-measurement-minimap2-100-r3-search,measurement-minimap2-100-r3-search,0,False,4.826275864000081,"['minimap2', '-a', '-t', '8', '-n', '2', '-m', '10', '-s', '10', '-A', '1', '-B', '1', '-O', '1,1', '-E', '1,1', '-N', '100', '-p', '0', '--for-only', 'data/classic-v1/minimap2-k7w5.mmi', 'data/classic-v1/targets-100.fa']",minimap2,100,3,measurement,8
20260907T214716.283956-measurement-minimap2-100-r3-verify,measurement-minimap2-100-r3-verify,0,False,1.4668412240000634,"['python3', 'benchmarks/classic/verify.py', '--input', 'benchmarks/classic/iterations/20260907T214711.454877-measurement-minimap2-100-r3-search/stdout', '--kind', 'sam', '--queries', 'data/classic-v1/targets-100.fa', '--threads', '8']",minimap2,100,3,measurement,8
20260907T214717.761149-measurement-minimap2-1000-r1-search,measurement-minimap2-1000-r1-search,0,False,12.649132975000043,"['minimap2', '-a', '-t', '8', '-n', '2', '-m', '10', '-s', '10', '-A', '1', '-B', '1', '-O', '1,1', '-E', '1,1', '-N', '100', '-p', '0', '--for-only', 'data/classic-v1/minimap2-k7w5.mmi', 'data/classic-v1/targets-1000.fa']",minimap2,1000,1,measurement,8
20260907T214730.413213-measurement-minimap2-1000-r1-verify,measurement-minimap2-1000-r1-verify,0,False,12.238725061999958,"['python3', 'benchmarks/classic/verify.py', '--input', 'benchmarks/classic/iterations/20260907T214717.761149-measurement-minimap2-1000-r1-search/stdout', '--kind', 'sam', '--queries', 'data/classic-v1/targets-1000.fa', '--threads', '8']",minimap2,1000,1,measurement,8
20260907T214742.666500-measurement-minimap2-1000-r2-search,measurement-minimap2-1000-r2-search,0,False,12.648502828000005,"['minimap2', '-a', '-t', '8', '-n', '2', '-m', '10', '-s', '10', '-A', '1', '-B', '1', '-O', '1,1', '-E', '1,1', '-N', '100', '-p', '0', '--for-only', 'data/classic-v1/minimap2-k7w5.mmi', 'data/classic-v1/targets-1000.fa']",minimap2,1000,2,measurement,8
20260907T214755.318679-measurement-minimap2-1000-r2-verify,measurement-minimap2-1000-r2-verify,0,False,12.188236905000053,"['python3', 'benchmarks/classic/verify.py', '--input', 'benchmarks/classic/iterations/20260907T214742.666500-measurement-minimap2-1000-r2-search/stdout', '--kind', 'sam', '--queries', 'data/classic-v1/targets-1000.fa', '--threads', '8']",minimap2,1000,2,measurement,8
20260907T214800.253227-native-witness-tests,native-witness-tests,0,False,4.8808997410000075,"['env', 'OMP_NUM_THREADS=8', '/home/ubuntu/.cargo/bin/cargo', 'test', '--locked', '--all-targets', '-j', '8']",,,,,
20260907T214805.151180-native-witness-build,native-witness-build,0,False,2.4731436489999936,"['/home/ubuntu/.cargo/bin/cargo', 'build', '--release', '--locked', '--bin', 'ooff-index', '-j', '8']",,,,,
20260907T214807.522283-measurement-minimap2-1000-r3-search,measurement-minimap2-1000-r3-search,0,False,12.649435918999984,"['minimap2', '-a', '-t', '8', '-n', '2', '-m', '10', '-s', '10', '-A', '1', '-B', '1', '-O', '1,1', '-E', '1,1', '-N', '100', '-p', '0', '--for-only', 'data/classic-v1/minimap2-k7w5.mmi', 'data/classic-v1/targets-1000.fa']",minimap2,1000,3,measurement,8
20260907T214807.700132-build-ooff-index-8,build-ooff-index-8,0,False,206.12529996,"['env', 'OMP_NUM_THREADS=8', 'target/release/ooff-index', 'build', '--reference', 'data/reference-v1/reference.fa', '--output', 'data/fm-classic-8-v1', '--shard-bases', '1300000000']",ooff,,,,8
20260907T214820.176411-measurement-minimap2-1000-r3-verify,measurement-minimap2-1000-r3-verify,0,False,12.289903305999928,"['python3', 'benchmarks/classic/verify.py', '--input', 'benchmarks/classic/iterations/20260907T214807.522283-measurement-minimap2-1000-r3-search/stdout', '--kind', 'sam', '--queries', 'data/classic-v1/targets-1000.fa', '--threads', '8']",minimap2,1000,3,measurement,8
20260907T214823.193454-measurement-blast-100-r3-verify,measurement-blast-100-r3-verify,0,False,0.5151115429998754,"['python3', 'benchmarks/classic/verify.py', '--input', 'benchmarks/classic/iterations/20260907T214602.625137-measurement-blast-100-r3-search/stdout', '--kind', 'blast', '--queries', 'data/classic-v1/targets-100.fa', '--threads', '8']",blast,100,3,measurement,8
20260907T214823.718993-measurement-blast-1000-r1-search,measurement-blast-1000-r1-search,-15,True,600.004070105,"['blastn', '-task', 'blastn-short', '-db', 'data/classic-v1/blast', '-query', 'data/classic-v1/targets-1000.fa', '-num_threads', '8', '-strand', 'plus', '-dust', 'no', '-soft_masking', 'false', '-evalue', '1000000000', '-reward', '1', '-penalty', '-1', '-gapopen', '0', '-gapextend', '2', '-qcov_hsp_perc', '85', '-max_target_seqs', '1000', '-max_hsps', '1', '-outfmt', '6 qseqid sseqid sstart send']",blast,1000,1,measurement,8
20260907T214832.482890-measurement-minimap2-5000-r1-search,measurement-minimap2-5000-r1-search,0,False,69.208328532,"['minimap2', '-a', '-t', '8', '-n', '2', '-m', '10', '-s', '10', '-A', '1', '-B', '1', '-O', '1,1', '-E', '1,1', '-N', '100', '-p', '0', '--for-only', 'data/classic-v1/minimap2-k7w5.mmi', 'data/classic-v1/targets-5000.fa']",minimap2,5000,1,measurement,8
20260907T214941.696232-measurement-minimap2-5000-r1-verify,measurement-minimap2-5000-r1-verify,0,False,96.67636415100014,"['python3', 'benchmarks/classic/verify.py', '--input', 'benchmarks/classic/iterations/20260907T214832.482890-measurement-minimap2-5000-r1-search/stdout', '--kind', 'sam', '--queries', 'data/classic-v1/targets-5000.fa', '--threads', '8']",minimap2,5000,1,measurement,8
20260907T215118.405415-measurement-minimap2-5000-r2-search,measurement-minimap2-5000-r2-search,0,False,69.15848358800008,"['minimap2', '-a', '-t', '8', '-n', '2', '-m', '10', '-s', '10', '-A', '1', '-B', '1', '-O', '1,1', '-E', '1,1', '-N', '100', '-p', '0', '--for-only', 'data/classic-v1/minimap2-k7w5.mmi', 'data/classic-v1/targets-5000.fa']",minimap2,5000,2,measurement,8
20260907T215135.141795-archive-witness-source,archive-witness-source,0,False,0.0321272059999842,"['tar', '-czf', 'data/classic-v1/source-with-witnesses.tar.gz', 'Cargo.toml', 'Cargo.lock', 'src', 'tests', 'benchmarks/classic']",,,,,
20260907T215135.232304-parallel-human-gate-sassy-k0,parallel-human-gate-sassy-k0,0,False,45.193714581999984,"['/home/ubuntu/comparators/sassy-0.2.6-fast-interval/target/release/sassy-comparator', '--reference', 'data/reference-v1/reference.fa', '--queries', 'benchmarks/sassy_benchmark/SCN2A_patterns.fa', '--mode', 'sites', '--queries-limit', '32', '-k', '0', '--repetitions', '1', '--site-tuples', 'data/classic-v1/parallel-gate-20260907T215135/sassy-k0.csv']",,,,,1
20260907T215220.435028-parallel-human-gate-ooff-k0,parallel-human-gate-ooff-k0,0,False,1.0166588149999711,"['target/release/ooff-index', 'search', '--index', 'data/fm-classic-8-v1', '--reverse-index', 'data/fm-reverse-v1', '--mmap', '--threads', '8', '--reference', 'data/reference-v1/reference.fa', '--queries', 'benchmarks/sassy_benchmark/SCN2A_patterns.fa', '--mode', 'sites', '--queries-limit', '32', '-k', '0', '--repetitions', '1', '--site-tuples', 'data/classic-v1/parallel-gate-20260907T215135/ooff-k0.csv']",,,,,8
20260907T215221.464815-parallel-human-gate-sassy-k1,parallel-human-gate-sassy-k1,0,False,19.47921793500001,"['/home/ubuntu/comparators/sassy-0.2.6-fast-interval/target/release/sassy-comparator', '--reference', 'data/reference-v1/reference.fa', '--queries', 'benchmarks/sassy_benchmark/SCN2A_patterns.fa', '--mode', 'sites', '--queries-limit', '32', '-k', '1', '--repetitions', '1', '--site-tuples', 'data/classic-v1/parallel-gate-20260907T215135/sassy-k1.csv']",,,,,1
20260907T215227.571852-measurement-minimap2-5000-r2-verify,measurement-minimap2-5000-r2-verify,0,False,97.56412061900005,"['python3', 'benchmarks/classic/verify.py', '--input', 'benchmarks/classic/iterations/20260907T215118.405415-measurement-minimap2-5000-r2-search/stdout', '--kind', 'sam', '--queries', 'data/classic-v1/targets-5000.fa', '--threads', '8']",minimap2,5000,2,measurement,8
20260907T215240.946983-parallel-human-gate-ooff-k1,parallel-human-gate-ooff-k1,0,False,4.628778350999994,"['target/release/ooff-index', 'search', '--index', 'data/fm-classic-8-v1', '--reverse-index', 'data/fm-reverse-v1', '--mmap', '--threads', '8', '--reference', 'data/reference-v1/reference.fa', '--queries', 'benchmarks/sassy_benchmark/SCN2A_patterns.fa', '--mode', 'sites', '--queries-limit', '32', '-k', '1', '--repetitions', '1', '--site-tuples', 'data/classic-v1/parallel-gate-20260907T215135/ooff-k1.csv']",,,,,8
20260907T215245.588888-parallel-human-gate-sassy-k2,parallel-human-gate-sassy-k2,0,False,19.678557729999966,"['/home/ubuntu/comparators/sassy-0.2.6-fast-interval/target/release/sassy-comparator', '--reference', 'data/reference-v1/reference.fa', '--queries', 'benchmarks/sassy_benchmark/SCN2A_patterns.fa', '--mode', 'sites', '--queries-limit', '32', '-k', '2', '--repetitions', '1', '--site-tuples', 'data/classic-v1/parallel-gate-20260907T215135/sassy-k2.csv']",,,,,1
20260907T215305.270502-parallel-human-gate-ooff-k2,parallel-human-gate-ooff-k2,0,False,13.151413112,"['target/release/ooff-index', 'search', '--index', 'data/fm-classic-8-v1', '--reverse-index', 'data/fm-reverse-v1', '--mmap', '--threads', '8', '--reference', 'data/reference-v1/reference.fa', '--queries', 'benchmarks/sassy_benchmark/SCN2A_patterns.fa', '--mode', 'sites', '--queries-limit', '32', '-k', '2', '--repetitions', '1', '--site-tuples', 'data/classic-v1/parallel-gate-20260907T215135/ooff-k2.csv']",,,,,8
20260907T215318.435477-parallel-human-gate-sassy-k3,parallel-human-gate-sassy-k3,0,False,20.180564885000024,"['/home/ubuntu/comparators/sassy-0.2.6-fast-interval/target/release/sassy-comparator', '--reference', 'data/reference-v1/reference.fa', '--queries', 'benchmarks/sassy_benchmark/SCN2A_patterns.fa', '--mode', 'sites', '--queries-limit', '32', '-k', '3', '--repetitions', '1', '--site-tuples', 'data/classic-v1/parallel-gate-20260907T215135/sassy-k3.csv']",,,,,1
20260907T215338.619301-parallel-human-gate-ooff-k3,parallel-human-gate-ooff-k3,0,False,2.7209790899999575,"['target/release/ooff-index', 'search', '--index', 'data/fm-classic-8-v1', '--reverse-index', 'data/fm-reverse-v1', '--mmap', '--threads', '8', '--reference', 'data/reference-v1/reference.fa', '--queries', 'benchmarks/sassy_benchmark/SCN2A_patterns.fa', '--mode', 'sites', '--queries-limit', '32', '-k', '3', '--repetitions', '1', '--site-tuples', 'data/classic-v1/parallel-gate-20260907T215135/ooff-k3.csv']",,,,,8
20260907T215343.375896-pilot-ooff-100-r1-search,pilot-ooff-100-r1-search,0,False,0.16435174200000802,"['target/release/ooff-index', 'search', '--index', 'data/fm-classic-8-v1', '--reference', 'data/reference-v1/reference.fa', '--queries', 'data/classic-v1/queries-100.fa', '--queries-limit', '100', '--threads', '8', '--repetitions', '1', '--mode', 'screen', '--mmap', '-k', '3']",ooff,100,1,pilot,8
20260907T215343.555509-pilot-ooff-100-r1-verify,pilot-ooff-100-r1-verify,1,False,0.4653672569999685,"['python3', 'benchmarks/classic/verify.py', '--input', 'benchmarks/classic/iterations/20260907T215343.375896-pilot-ooff-100-r1-search/stdout', '--kind', 'native', '--queries', 'data/classic-v1/targets-100.fa', '--threads', '8']",ooff,100,1,pilot,8
20260907T215405.173504-measurement-minimap2-5000-r3-search,measurement-minimap2-5000-r3-search,0,False,69.15726746199994,"['minimap2', '-a', '-t', '8', '-n', '2', '-m', '10', '-s', '10', '-A', '1', '-B', '1', '-O', '1,1', '-E', '1,1', '-N', '100', '-p', '0', '--for-only', 'data/classic-v1/minimap2-k7w5.mmi', 'data/classic-v1/targets-5000.fa']",minimap2,5000,3,measurement,8
20260907T215514.341832-measurement-minimap2-5000-r3-verify,measurement-minimap2-5000-r3-verify,0,False,96.723022592,"['python3', 'benchmarks/classic/verify.py', '--input', 'benchmarks/classic/iterations/20260907T215405.173504-measurement-minimap2-5000-r3-search/stdout', '--kind', 'sam', '--queries', 'data/classic-v1/targets-5000.fa', '--threads', '8']",minimap2,5000,3,measurement,8
20260907T215651.106705-measurement-minimap2-10000-r1-search,measurement-minimap2-10000-r1-search,0,False,138.602698101,"['minimap2', '-a', '-t', '8', '-n', '2', '-m', '10', '-s', '10', '-A', '1', '-B', '1', '-O', '1,1', '-E', '1,1', '-N', '100', '-p', '0', '--for-only', 'data/classic-v1/minimap2-k7w5.mmi', 'data/classic-v1/targets-10000.fa']",minimap2,10000,1,measurement,8
20260907T215751.735255-word-cache-tests,word-cache-tests,0,False,2.872521354000014,"['env', 'OMP_NUM_THREADS=8', '/home/ubuntu/.cargo/bin/cargo', 'test', '--locked', '--all-targets', '-j', '8']",,,,optimization,8
20260907T215754.611777-word-cache-build,word-cache-build,0,False,3.9316582229999995,"['/home/ubuntu/.cargo/bin/cargo', 'build', '--release', '--locked', '--bin', 'ooff-index', '-j', '8']",,,,optimization,8
20260907T215758.611053-word-cache-archive,word-cache-archive,0,False,0.016035193999982766,"['tar', '-czf', 'data/classic-stage/word-cache-20260907T215751/source.tar.gz', 'src', 'tests', 'Cargo.toml', 'Cargo.lock', 'benchmarks/classic/word_cache_experiment.py']",,,,optimization,8
20260907T215758.629650-word-cache-gate-baseline-k0,word-cache-gate-baseline-k0,0,False,0.2644535870000482,"['target/release/ooff-index', 'search', '--index', 'data/fm-classic-8-v1', '--reverse-index', 'data/fm-reverse-v1', '--reference', 'data/reference-v1/reference.fa', '--mmap', '--mode', 'sites', '--threads', '1', '--repetitions', '1', '--queries', 'benchmarks/sassy_benchmark/SCN2A_patterns.fa', '--queries-limit', '32', '-k', '0', '--site-tuples', 'data/classic-stage/word-cache-20260907T215751/baseline-k0.csv']",ooff,32,,optimization_correctness,1
20260907T215758.907509-word-cache-gate-cached-k0,word-cache-gate-cached-k0,0,False,0.26491375299997344,"['target/release/ooff-index', 'search', '--index', 'data/fm-classic-8-v1', '--reverse-index', 'data/fm-reverse-v1', '--reference', 'data/reference-v1/reference.fa', '--mmap', '--mode', 'sites', '--threads', '1', '--repetitions', '1', '--queries', 'benchmarks/sassy_benchmark/SCN2A_patterns.fa', '--queries-limit', '32', '-k', '0', '--site-tuples', 'data/classic-stage/word-cache-20260907T215751/cached-k0.csv', '--word-cache']",ooff,32,,optimization_correctness,1
20260907T215759.186036-word-cache-gate-baseline-k1,word-cache-gate-baseline-k1,0,False,0.2650923559999683,"['target/release/ooff-index', 'search', '--index', 'data/fm-classic-8-v1', '--reverse-index', 'data/fm-reverse-v1', '--reference', 'data/reference-v1/reference.fa', '--mmap', '--mode', 'sites', '--threads', '1', '--repetitions', '1', '--queries', 'benchmarks/sassy_benchmark/SCN2A_patterns.fa', '--queries-limit', '32', '-k', '1', '--site-tuples', 'data/classic-stage/word-cache-20260907T215751/baseline-k1.csv']",ooff,32,,optimization_correctness,1
20260907T215759.464903-word-cache-gate-cached-k1,word-cache-gate-cached-k1,0,False,0.2646628300000202,"['target/release/ooff-index', 'search', '--index', 'data/fm-classic-8-v1', '--reverse-index', 'data/fm-reverse-v1', '--reference', 'data/reference-v1/reference.fa', '--mmap', '--mode', 'sites', '--threads', '1', '--repetitions', '1', '--queries', 'benchmarks/sassy_benchmark/SCN2A_patterns.fa', '--queries-limit', '32', '-k', '1', '--site-tuples', 'data/classic-stage/word-cache-20260907T215751/cached-k1.csv', '--word-cache']",ooff,32,,optimization_correctness,1
20260907T215759.743321-word-cache-gate-baseline-k2,word-cache-gate-baseline-k2,0,False,0.515641434000031,"['target/release/ooff-index', 'search', '--index', 'data/fm-classic-8-v1', '--reverse-index', 'data/fm-reverse-v1', '--reference', 'data/reference-v1/reference.fa', '--mmap', '--mode', 'sites', '--threads', '1', '--repetitions', '1', '--queries', 'benchmarks/sassy_benchmark/SCN2A_patterns.fa', '--queries-limit', '32', '-k', '2', '--site-tuples', 'data/classic-stage/word-cache-20260907T215751/baseline-k2.csv']",ooff,32,,optimization_correctness,1
20260907T215800.272603-word-cache-gate-cached-k2,word-cache-gate-cached-k2,0,False,0.5157803739999736,"['target/release/ooff-index', 'search', '--index', 'data/fm-classic-8-v1', '--reverse-index', 'data/fm-reverse-v1', '--reference', 'data/reference-v1/reference.fa', '--mmap', '--mode', 'sites', '--threads', '1', '--repetitions', '1', '--queries', 'benchmarks/sassy_benchmark/SCN2A_patterns.fa', '--queries-limit', '32', '-k', '2', '--site-tuples', 'data/classic-stage/word-cache-20260907T215751/cached-k2.csv', '--word-cache']",ooff,32,,optimization_correctness,1
20260907T215800.802912-word-cache-gate-baseline-k3,word-cache-gate-baseline-k3,0,False,1.0179623440000114,"['target/release/ooff-index', 'search', '--index', 'data/fm-classic-8-v1', '--reverse-index', 'data/fm-reverse-v1', '--reference', 'data/reference-v1/reference.fa', '--mmap', '--mode', 'sites', '--threads', '1', '--repetitions', '1', '--queries', 'benchmarks/sassy_benchmark/SCN2A_patterns.fa', '--queries-limit', '32', '-k', '3', '--site-tuples', 'data/classic-stage/word-cache-20260907T215751/baseline-k3.csv']",ooff,32,,optimization_correctness,1
20260907T215801.834582-word-cache-gate-cached-k3,word-cache-gate-cached-k3,0,False,1.0175159949999397,"['target/release/ooff-index', 'search', '--index', 'data/fm-classic-8-v1', '--reverse-index', 'data/fm-reverse-v1', '--reference', 'data/reference-v1/reference.fa', '--mmap', '--mode', 'sites', '--threads', '1', '--repetitions', '1', '--queries', 'benchmarks/sassy_benchmark/SCN2A_patterns.fa', '--queries-limit', '32', '-k', '3', '--site-tuples', 'data/classic-stage/word-cache-20260907T215751/cached-k3.csv', '--word-cache']",ooff,32,,optimization_correctness,1
20260907T215802.888374-word-cache-1000-baseline-r1,word-cache-1000-baseline-r1,0,False,86.16200859599996,"['target/release/ooff-index', 'search', '--index', 'data/fm-classic-8-v1', '--reverse-index', 'data/fm-reverse-v1', '--reference', 'data/reference-v1/reference.fa', '--mmap', '--mode', 'sites', '--threads', '1', '--repetitions', '1', '--queries', 'benchmarks/sassy_1000/SCN2A_unfiltered_1000.fa', '--queries-limit', '1000', '-k', '3']",ooff,1000,1,optimization,1
20260907T215823.766147-measurement-blast-5000-r1-search,measurement-blast-5000-r1-search,-15,True,600.0128108690001,"['blastn', '-task', 'blastn-short', '-db', 'data/classic-v1/blast', '-query', 'data/classic-v1/targets-5000.fa', '-num_threads', '8', '-strand', 'plus', '-dust', 'no', '-soft_masking', 'false', '-evalue', '1000000000', '-reward', '1', '-penalty', '-1', '-gapopen', '0', '-gapextend', '2', '-qcov_hsp_perc', '85', '-max_target_seqs', '1000', '-max_hsps', '1', '-outfmt', '6 qseqid sseqid sstart send']",blast,5000,1,measurement,8
20260907T215909.756220-measurement-minimap2-10000-r1-verify,measurement-minimap2-10000-r1-verify,0,False,232.659710723,"['python3', 'benchmarks/classic/verify.py', '--input', 'benchmarks/classic/iterations/20260907T215651.106705-measurement-minimap2-10000-r1-search/stdout', '--kind', 'sam', '--queries', 'data/classic-v1/targets-10000.fa', '--threads', '8']",minimap2,10000,1,measurement,8
20260907T215929.073236-word-cache-1000-cached-r1,word-cache-1000-cached-r1,0,False,30.720869649000065,"['target/release/ooff-index', 'search', '--index', 'data/fm-classic-8-v1', '--reverse-index', 'data/fm-reverse-v1', '--reference', 'data/reference-v1/reference.fa', '--mmap', '--mode', 'sites', '--threads', '1', '--repetitions', '1', '--queries', 'benchmarks/sassy_1000/SCN2A_unfiltered_1000.fa', '--queries-limit', '1000', '-k', '3', '--word-cache']",ooff,1000,1,optimization,1
20260907T215959.810094-word-cache-1000-cached-r2,word-cache-1000-cached-r2,0,False,27.762051695999958,"['target/release/ooff-index', 'search', '--index', 'data/fm-classic-8-v1', '--reverse-index', 'data/fm-reverse-v1', '--reference', 'data/reference-v1/reference.fa', '--mmap', '--mode', 'sites', '--threads', '1', '--repetitions', '1', '--queries', 'benchmarks/sassy_1000/SCN2A_unfiltered_1000.fa', '--queries-limit', '1000', '-k', '3', '--word-cache']",ooff,1000,2,optimization,1
20260907T220027.586677-word-cache-1000-baseline-r2,word-cache-1000-baseline-r2,0,False,27.55805736900004,"['target/release/ooff-index', 'search', '--index', 'data/fm-classic-8-v1', '--reverse-index', 'data/fm-reverse-v1', '--reference', 'data/reference-v1/reference.fa', '--mmap', '--mode', 'sites', '--threads', '1', '--repetitions', '1', '--queries', 'benchmarks/sassy_1000/SCN2A_unfiltered_1000.fa', '--queries-limit', '1000', '-k', '3']",ooff,1000,2,optimization,1
20260907T220055.159302-word-cache-1000-baseline-r3,word-cache-1000-baseline-r3,0,False,27.61000669500004,"['target/release/ooff-index', 'search', '--index', 'data/fm-classic-8-v1', '--reverse-index', 'data/fm-reverse-v1', '--reference', 'data/reference-v1/reference.fa', '--mmap', '--mode', 'sites', '--threads', '1', '--repetitions', '1', '--queries', 'benchmarks/sassy_1000/SCN2A_unfiltered_1000.fa', '--queries-limit', '1000', '-k', '3']",ooff,1000,3,optimization,1
20260907T220122.783989-word-cache-1000-cached-r3,word-cache-1000-cached-r3,0,False,27.36026291799999,"['target/release/ooff-index', 'search', '--index', 'data/fm-classic-8-v1', '--reverse-index', 'data/fm-reverse-v1', '--reference', 'data/reference-v1/reference.fa', '--mmap', '--mode', 'sites', '--threads', '1', '--repetitions', '1', '--queries', 'benchmarks/sassy_1000/SCN2A_unfiltered_1000.fa', '--queries-limit', '1000', '-k', '3', '--word-cache']",ooff,1000,3,optimization,1
20260907T220150.206205-pilot-ooff-100-r1-search,pilot-ooff-100-r1-search,0,False,0.1643393519999563,"['target/release/ooff-index', 'search', '--index', 'data/fm-classic-8-v1', '--reference', 'data/reference-v1/reference.fa', '--queries', 'data/classic-v1/queries-100.fa', '--queries-limit', '100', '--threads', '8', '--repetitions', '1', '--mode', 'screen', '--mmap', '-k', '3']",ooff,100,1,pilot,8
20260907T220150.386412-pilot-ooff-100-r1-verify,pilot-ooff-100-r1-verify,0,False,0.5157064579999542,"['python3', 'benchmarks/classic/verify.py', '--input', 'benchmarks/classic/iterations/20260907T220150.206205-pilot-ooff-100-r1-search/stdout', '--kind', 'native', '--queries', 'data/classic-v1/targets-100.fa', '--threads', '8']",ooff,100,1,pilot,8
20260907T220150.924202-measurement-ooff-10-r1-search,measurement-ooff-10-r1-search,0,False,0.11415123100005076,"['target/release/ooff-index', 'search', '--index', 'data/fm-classic-8-v1', '--reference', 'data/reference-v1/reference.fa', '--queries', 'data/classic-v1/queries-10.fa', '--queries-limit', '10', '--threads', '8', '--repetitions', '1', '--mode', 'screen', '--mmap', '-k', '3']",ooff,10,1,measurement,8
20260907T220151.052532-measurement-ooff-10-r1-verify,measurement-ooff-10-r1-verify,0,False,0.36503200999993624,"['python3', 'benchmarks/classic/verify.py', '--input', 'benchmarks/classic/iterations/20260907T220150.924202-measurement-ooff-10-r1-search/stdout', '--kind', 'native', '--queries', 'data/classic-v1/targets-10.fa', '--threads', '8']",ooff,10,1,measurement,8
20260907T220151.428873-measurement-ooff-10-r2-search,measurement-ooff-10-r2-search,0,False,0.11428035699998418,"['target/release/ooff-index', 'search', '--index', 'data/fm-classic-8-v1', '--reference', 'data/reference-v1/reference.fa', '--queries', 'data/classic-v1/queries-10.fa', '--queries-limit', '10', '--threads', '8', '--repetitions', '1', '--mode', 'screen', '--mmap', '-k', '3']",ooff,10,2,measurement,8
20260907T220151.557518-measurement-ooff-10-r2-verify,measurement-ooff-10-r2-verify,0,False,0.3652165519999926,"['python3', 'benchmarks/classic/verify.py', '--input', 'benchmarks/classic/iterations/20260907T220151.428873-measurement-ooff-10-r2-search/stdout', '--kind', 'native', '--queries', 'data/classic-v1/targets-10.fa', '--threads', '8']",ooff,10,2,measurement,8
20260907T220151.934356-measurement-ooff-10-r3-search,measurement-ooff-10-r3-search,0,False,0.11482939500001521,"['target/release/ooff-index', 'search', '--index', 'data/fm-classic-8-v1', '--reference', 'data/reference-v1/reference.fa', '--queries', 'data/classic-v1/queries-10.fa', '--queries-limit', '10', '--threads', '8', '--repetitions', '1', '--mode', 'screen', '--mmap', '-k', '3']",ooff,10,3,measurement,8
20260907T220152.063517-measurement-ooff-10-r3-verify,measurement-ooff-10-r3-verify,0,False,0.3650191650000352,"['python3', 'benchmarks/classic/verify.py', '--input', 'benchmarks/classic/iterations/20260907T220151.934356-measurement-ooff-10-r3-search/stdout', '--kind', 'native', '--queries', 'data/classic-v1/targets-10.fa', '--threads', '8']",ooff,10,3,measurement,8
20260907T220152.441515-measurement-ooff-30-r1-search,measurement-ooff-30-r1-search,0,False,0.1145505490000005,"['target/release/ooff-index', 'search', '--index', 'data/fm-classic-8-v1', '--reference', 'data/reference-v1/reference.fa', '--queries', 'data/classic-v1/queries-30.fa', '--queries-limit', '30', '--threads', '8', '--repetitions', '1', '--mode', 'screen', '--mmap', '-k', '3']",ooff,30,1,measurement,8
20260907T220152.570873-measurement-ooff-30-r1-verify,measurement-ooff-30-r1-verify,0,False,0.3652143699999897,"['python3', 'benchmarks/classic/verify.py', '--input', 'benchmarks/classic/iterations/20260907T220152.441515-measurement-ooff-30-r1-search/stdout', '--kind', 'native', '--queries', 'data/classic-v1/targets-30.fa', '--threads', '8']",ooff,30,1,measurement,8
20260907T220152.948323-measurement-ooff-30-r2-search,measurement-ooff-30-r2-search,0,False,0.11441396599991549,"['target/release/ooff-index', 'search', '--index', 'data/fm-classic-8-v1', '--reference', 'data/reference-v1/reference.fa', '--queries', 'data/classic-v1/queries-30.fa', '--queries-limit', '30', '--threads', '8', '--repetitions', '1', '--mode', 'screen', '--mmap', '-k', '3']",ooff,30,2,measurement,8
20260907T220153.077555-measurement-ooff-30-r2-verify,measurement-ooff-30-r2-verify,0,False,0.364756768999996,"['python3', 'benchmarks/classic/verify.py', '--input', 'benchmarks/classic/iterations/20260907T220152.948323-measurement-ooff-30-r2-search/stdout', '--kind', 'native', '--queries', 'data/classic-v1/targets-30.fa', '--threads', '8']",ooff,30,2,measurement,8
20260907T220153.454869-measurement-ooff-30-r3-search,measurement-ooff-30-r3-search,0,False,0.11410311600002387,"['target/release/ooff-index', 'search', '--index', 'data/fm-classic-8-v1', '--reference', 'data/reference-v1/reference.fa', '--queries', 'data/classic-v1/queries-30.fa', '--queries-limit', '30', '--threads', '8', '--repetitions', '1', '--mode', 'screen', '--mmap', '-k', '3']",ooff,30,3,measurement,8
20260907T220153.583836-measurement-ooff-30-r3-verify,measurement-ooff-30-r3-verify,0,False,0.36495446200001425,"['python3', 'benchmarks/classic/verify.py', '--input', 'benchmarks/classic/iterations/20260907T220153.454869-measurement-ooff-30-r3-search/stdout', '--kind', 'native', '--queries', 'data/classic-v1/targets-30.fa', '--threads', '8']",ooff,30,3,measurement,8
20260907T220153.961745-measurement-ooff-100-r1-search,measurement-ooff-100-r1-search,0,False,0.1142010889999483,"['target/release/ooff-index', 'search', '--index', 'data/fm-classic-8-v1', '--reference', 'data/reference-v1/reference.fa', '--queries', 'data/classic-v1/queries-100.fa', '--queries-limit', '100', '--threads', '8', '--repetitions', '1', '--mode', 'screen', '--mmap', '-k', '3']",ooff,100,1,measurement,8
20260907T220154.091197-measurement-ooff-100-r1-verify,measurement-ooff-100-r1-verify,0,False,0.3649114180000197,"['python3', 'benchmarks/classic/verify.py', '--input', 'benchmarks/classic/iterations/20260907T220153.961745-measurement-ooff-100-r1-search/stdout', '--kind', 'native', '--queries', 'data/classic-v1/targets-100.fa', '--threads', '8']",ooff,100,1,measurement,8
20260907T220154.469350-measurement-ooff-100-r2-search,measurement-ooff-100-r2-search,0,False,0.1142800669999815,"['target/release/ooff-index', 'search', '--index', 'data/fm-classic-8-v1', '--reference', 'data/reference-v1/reference.fa', '--queries', 'data/classic-v1/queries-100.fa', '--queries-limit', '100', '--threads', '8', '--repetitions', '1', '--mode', 'screen', '--mmap', '-k', '3']",ooff,100,2,measurement,8
20260907T220154.598994-measurement-ooff-100-r2-verify,measurement-ooff-100-r2-verify,0,False,0.41533387999993465,"['python3', 'benchmarks/classic/verify.py', '--input', 'benchmarks/classic/iterations/20260907T220154.469350-measurement-ooff-100-r2-search/stdout', '--kind', 'native', '--queries', 'data/classic-v1/targets-100.fa', '--threads', '8']",ooff,100,2,measurement,8
20260907T220155.027892-measurement-ooff-100-r3-search,measurement-ooff-100-r3-search,0,False,0.1144239820000621,"['target/release/ooff-index', 'search', '--index', 'data/fm-classic-8-v1', '--reference', 'data/reference-v1/reference.fa', '--queries', 'data/classic-v1/queries-100.fa', '--queries-limit', '100', '--threads', '8', '--repetitions', '1', '--mode', 'screen', '--mmap', '-k', '3']",ooff,100,3,measurement,8
20260907T220155.157489-measurement-ooff-100-r3-verify,measurement-ooff-100-r3-verify,0,False,0.3648342110000158,"['python3', 'benchmarks/classic/verify.py', '--input', 'benchmarks/classic/iterations/20260907T220155.027892-measurement-ooff-100-r3-search/stdout', '--kind', 'native', '--queries', 'data/classic-v1/targets-100.fa', '--threads', '8']",ooff,100,3,measurement,8
20260907T220155.536127-measurement-ooff-1000-r1-search,measurement-ooff-1000-r1-search,0,False,0.16423242500002289,"['target/release/ooff-index', 'search', '--index', 'data/fm-classic-8-v1', '--reference', 'data/reference-v1/reference.fa', '--queries', 'data/classic-v1/queries-1000.fa', '--queries-limit', '1000', '--threads', '8', '--repetitions', '1', '--mode', 'screen', '--mmap', '-k', '3']",ooff,1000,1,measurement,8
20260907T220155.716235-measurement-ooff-1000-r1-verify,measurement-ooff-1000-r1-verify,0,False,0.4650628340000367,"['python3', 'benchmarks/classic/verify.py', '--input', 'benchmarks/classic/iterations/20260907T220155.536127-measurement-ooff-1000-r1-search/stdout', '--kind', 'native', '--queries', 'data/classic-v1/targets-1000.fa', '--threads', '8']",ooff,1000,1,measurement,8
20260907T220156.199443-measurement-ooff-1000-r2-search,measurement-ooff-1000-r2-search,0,False,0.16457822600000327,"['target/release/ooff-index', 'search', '--index', 'data/fm-classic-8-v1', '--reference', 'data/reference-v1/reference.fa', '--queries', 'data/classic-v1/queries-1000.fa', '--queries-limit', '1000', '--threads', '8', '--repetitions', '1', '--mode', 'screen', '--mmap', '-k', '3']",ooff,1000,2,measurement,8
20260907T220156.381159-measurement-ooff-1000-r2-verify,measurement-ooff-1000-r2-verify,0,False,0.41531455599999845,"['python3', 'benchmarks/classic/verify.py', '--input', 'benchmarks/classic/iterations/20260907T220156.199443-measurement-ooff-1000-r2-search/stdout', '--kind', 'native', '--queries', 'data/classic-v1/targets-1000.fa', '--threads', '8']",ooff,1000,2,measurement,8
20260907T220156.816223-measurement-ooff-1000-r3-search,measurement-ooff-1000-r3-search,0,False,0.1645347790000642,"['target/release/ooff-index', 'search', '--index', 'data/fm-classic-8-v1', '--reference', 'data/reference-v1/reference.fa', '--queries', 'data/classic-v1/queries-1000.fa', '--queries-limit', '1000', '--threads', '8', '--repetitions', '1', '--mode', 'screen', '--mmap', '-k', '3']",ooff,1000,3,measurement,8
20260907T220156.998363-measurement-ooff-1000-r3-verify,measurement-ooff-1000-r3-verify,0,False,0.41514706999998907,"['python3', 'benchmarks/classic/verify.py', '--input', 'benchmarks/classic/iterations/20260907T220156.816223-measurement-ooff-1000-r3-search/stdout', '--kind', 'native', '--queries', 'data/classic-v1/targets-1000.fa', '--threads', '8']",ooff,1000,3,measurement,8
20260907T220157.434779-measurement-ooff-5000-r1-search,measurement-ooff-5000-r1-search,0,False,0.2144942769999716,"['target/release/ooff-index', 'search', '--index', 'data/fm-classic-8-v1', '--reference', 'data/reference-v1/reference.fa', '--queries', 'data/classic-v1/queries-5000.fa', '--queries-limit', '5000', '--threads', '8', '--repetitions', '1', '--mode', 'screen', '--mmap', '-k', '3']",ooff,5000,1,measurement,8
20260907T220157.669783-measurement-ooff-5000-r1-verify,measurement-ooff-5000-r1-verify,0,False,1.4680304730001126,"['python3', 'benchmarks/classic/verify.py', '--input', 'benchmarks/classic/iterations/20260907T220157.434779-measurement-ooff-5000-r1-search/stdout', '--kind', 'native', '--queries', 'data/classic-v1/targets-5000.fa', '--threads', '8']",ooff,5000,1,measurement,8
20260907T220159.178730-measurement-ooff-5000-r2-search,measurement-ooff-5000-r2-search,0,False,0.2154429810000238,"['target/release/ooff-index', 'search', '--index', 'data/fm-classic-8-v1', '--reference', 'data/reference-v1/reference.fa', '--queries', 'data/classic-v1/queries-5000.fa', '--queries-limit', '5000', '--threads', '8', '--repetitions', '1', '--mode', 'screen', '--mmap', '-k', '3']",ooff,5000,2,measurement,8
20260907T220159.418181-measurement-ooff-5000-r2-verify,measurement-ooff-5000-r2-verify,0,False,0.5164551070000698,"['python3', 'benchmarks/classic/verify.py', '--input', 'benchmarks/classic/iterations/20260907T220159.178730-measurement-ooff-5000-r2-search/stdout', '--kind', 'native', '--queries', 'data/classic-v1/targets-5000.fa', '--threads', '8']",ooff,5000,2,measurement,8
20260907T220159.980850-measurement-ooff-5000-r3-search,measurement-ooff-5000-r3-search,0,False,0.1652930870000091,"['target/release/ooff-index', 'search', '--index', 'data/fm-classic-8-v1', '--reference', 'data/reference-v1/reference.fa', '--queries', 'data/classic-v1/queries-5000.fa', '--queries-limit', '5000', '--threads', '8', '--repetitions', '1', '--mode', 'screen', '--mmap', '-k', '3']",ooff,5000,3,measurement,8
20260907T220200.173415-measurement-ooff-5000-r3-verify,measurement-ooff-5000-r3-verify,0,False,0.5192387679999229,"['python3', 'benchmarks/classic/verify.py', '--input', 'benchmarks/classic/iterations/20260907T220159.980850-measurement-ooff-5000-r3-search/stdout', '--kind', 'native', '--queries', 'data/classic-v1/targets-5000.fa', '--threads', '8']",ooff,5000,3,measurement,8
20260907T220200.743740-measurement-ooff-10000-r1-search,measurement-ooff-10000-r1-search,0,False,0.26497880600004464,"['target/release/ooff-index', 'search', '--index', 'data/fm-classic-8-v1', '--reference', 'data/reference-v1/reference.fa', '--queries', 'data/classic-v1/queries-10000.fa', '--queries-limit', '10000', '--threads', '8', '--repetitions', '1', '--mode', 'screen', '--mmap', '-k', '3']",ooff,10000,1,measurement,8
20260907T220201.041315-measurement-ooff-10000-r1-verify,measurement-ooff-10000-r1-verify,0,False,1.2189367019999509,"['python3', 'benchmarks/classic/verify.py', '--input', 'benchmarks/classic/iterations/20260907T220200.743740-measurement-ooff-10000-r1-search/stdout', '--kind', 'native', '--queries', 'data/classic-v1/targets-10000.fa', '--threads', '8']",ooff,10000,1,measurement,8
20260907T220202.341608-measurement-ooff-10000-r2-search,measurement-ooff-10000-r2-search,0,False,0.21572448500000974,"['target/release/ooff-index', 'search', '--index', 'data/fm-classic-8-v1', '--reference', 'data/reference-v1/reference.fa', '--queries', 'data/classic-v1/queries-10000.fa', '--queries-limit', '10000', '--threads', '8', '--repetitions', '1', '--mode', 'screen', '--mmap', '-k', '3']",ooff,10000,2,measurement,8
20260907T220202.596401-measurement-ooff-10000-r2-verify,measurement-ooff-10000-r2-verify,0,False,0.6182196450000674,"['python3', 'benchmarks/classic/verify.py', '--input', 'benchmarks/classic/iterations/20260907T220202.341608-measurement-ooff-10000-r2-search/stdout', '--kind', 'native', '--queries', 'data/classic-v1/targets-10000.fa', '--threads', '8']",ooff,10000,2,measurement,8
20260907T220203.313969-measurement-ooff-10000-r3-search,measurement-ooff-10000-r3-search,0,False,0.21718965899992781,"['target/release/ooff-index', 'search', '--index', 'data/fm-classic-8-v1', '--reference', 'data/reference-v1/reference.fa', '--queries', 'data/classic-v1/queries-10000.fa', '--queries-limit', '10000', '--threads', '8', '--repetitions', '1', '--mode', 'screen', '--mmap', '-k', '3']",ooff,10000,3,measurement,8
20260907T220203.577562-measurement-ooff-10000-r3-verify,measurement-ooff-10000-r3-verify,0,False,0.6184529010000688,"['python3', 'benchmarks/classic/verify.py', '--input', 'benchmarks/classic/iterations/20260907T220203.313969-measurement-ooff-10000-r3-search/stdout', '--kind', 'native', '--queries', 'data/classic-v1/targets-10000.fa', '--threads', '8']",ooff,10000,3,measurement,8
20260907T220204.301193-measurement-ooff-26643-r1-search,measurement-ooff-26643-r1-search,0,False,0.36526168799991865,"['target/release/ooff-index', 'search', '--index', 'data/fm-classic-8-v1', '--reference', 'data/reference-v1/reference.fa', '--queries', 'data/classic-v1/queries-26643.fa', '--queries-limit', '26643', '--threads', '8', '--repetitions', '1', '--mode', 'screen', '--mmap', '-k', '3']",ooff,26643,1,measurement,8
20260907T220204.726364-measurement-ooff-26643-r1-verify,measurement-ooff-26643-r1-verify,0,False,2.4713793569999325,"['python3', 'benchmarks/classic/verify.py', '--input', 'benchmarks/classic/iterations/20260907T220204.301193-measurement-ooff-26643-r1-search/stdout', '--kind', 'native', '--queries', 'data/classic-v1/targets-26643.fa', '--threads', '8']",ooff,26643,1,measurement,8
20260907T220207.401558-measurement-ooff-26643-r2-search,measurement-ooff-26643-r2-search,0,False,0.26572591299998294,"['target/release/ooff-index', 'search', '--index', 'data/fm-classic-8-v1', '--reference', 'data/reference-v1/reference.fa', '--queries', 'data/classic-v1/queries-26643.fa', '--queries-limit', '26643', '--threads', '8', '--repetitions', '1', '--mode', 'screen', '--mmap', '-k', '3']",ooff,26643,2,measurement,8
20260907T220207.744997-measurement-ooff-26643-r2-verify,measurement-ooff-26643-r2-verify,0,False,0.9678799839999783,"['python3', 'benchmarks/classic/verify.py', '--input', 'benchmarks/classic/iterations/20260907T220207.401558-measurement-ooff-26643-r2-search/stdout', '--kind', 'native', '--queries', 'data/classic-v1/targets-26643.fa', '--threads', '8']",ooff,26643,2,measurement,8
20260907T220208.947314-measurement-ooff-26643-r3-search,measurement-ooff-26643-r3-search,0,False,0.264809696000043,"['target/release/ooff-index', 'search', '--index', 'data/fm-classic-8-v1', '--reference', 'data/reference-v1/reference.fa', '--queries', 'data/classic-v1/queries-26643.fa', '--queries-limit', '26643', '--threads', '8', '--repetitions', '1', '--mode', 'screen', '--mmap', '-k', '3']",ooff,26643,3,measurement,8
20260907T220209.310688-measurement-ooff-26643-r3-verify,measurement-ooff-26643-r3-verify,0,False,0.9673545699999977,"['python3', 'benchmarks/classic/verify.py', '--input', 'benchmarks/classic/iterations/20260907T220208.947314-measurement-ooff-26643-r3-search/stdout', '--kind', 'native', '--queries', 'data/classic-v1/targets-26643.fa', '--threads', '8']",ooff,26643,3,measurement,8
20260907T220302.528030-measurement-minimap2-10000-r2-search,measurement-minimap2-10000-r2-search,0,False,143.56486648600003,"['minimap2', '-a', '-t', '8', '-n', '2', '-m', '10', '-s', '10', '-A', '1', '-B', '1', '-O', '1,1', '-E', '1,1', '-N', '100', '-p', '0', '--for-only', 'data/classic-v1/minimap2-k7w5.mmi', 'data/classic-v1/targets-10000.fa']",minimap2,10000,2,measurement,8
20260907T220425.415917-extension-reuse-tests,extension-reuse-tests,0,False,2.972339164999994,"['env', 'OMP_NUM_THREADS=8', '/home/ubuntu/.cargo/bin/cargo', 'test', '--locked', '--all-targets', '-j', '8']",,,,optimization,8
20260907T220428.496530-extension-reuse-build,extension-reuse-build,0,False,3.82709415599993,"['/home/ubuntu/.cargo/bin/cargo', 'build', '--release', '--locked', '--bin', 'ooff-index', '-j', '8']",,,,optimization,8
20260907T220432.480061-extension-reuse-archive,extension-reuse-archive,0,False,0.015858862999948542,"['tar', '-czf', 'data/classic-stage/extension-reuse-20260907T220425/source.tar.gz', 'src', 'tests', 'Cargo.toml', 'Cargo.lock', 'benchmarks/classic/extension_experiment.py']",,,,optimization,8
20260907T220432.590959-extension-gate-retained-k0,extension-gate-retained-k0,0,False,0.26501390799990077,"['data/classic-stage/extension-reuse-20260907T220425/baseline-binary', 'search', '--index', 'data/fm-classic-8-v1', '--reverse-index', 'data/fm-reverse-v1', '--reference', 'data/reference-v1/reference.fa', '--queries', 'benchmarks/sassy_benchmark/SCN2A_patterns.fa', '--queries-limit', '32', '--mode', 'sites', '--threads', '8', '--repetitions', '1', '--mmap', '-k', '0', '--site-tuples', 'data/classic-stage/extension-reuse-20260907T220425/retained-k0.csv']",,,,optimization_correctness,8
20260907T220432.960518-extension-gate-disabled-k0,extension-gate-disabled-k0,0,False,0.2651975210001183,"['target/release/ooff-index', 'search', '--index', 'data/fm-classic-8-v1', '--reverse-index', 'data/fm-reverse-v1', '--reference', 'data/reference-v1/reference.fa', '--queries', 'benchmarks/sassy_benchmark/SCN2A_patterns.fa', '--queries-limit', '32', '--mode', 'sites', '--threads', '8', '--repetitions', '1', '--mmap', '-k', '0', '--site-tuples', 'data/classic-stage/extension-reuse-20260907T220425/disabled-k0.csv']",,,,optimization_correctness,8
20260907T220433.332071-extension-gate-reuse-k0,extension-gate-reuse-k0,0,False,0.2652172650000466,"['target/release/ooff-index', 'search', '--index', 'data/fm-classic-8-v1', '--reverse-index', 'data/fm-reverse-v1', '--reference', 'data/reference-v1/reference.fa', '--queries', 'benchmarks/sassy_benchmark/SCN2A_patterns.fa', '--queries-limit', '32', '--mode', 'sites', '--threads', '8', '--repetitions', '1', '--mmap', '-k', '0', '--reuse-extensions', '--site-tuples', 'data/classic-stage/extension-reuse-20260907T220425/reuse-k0.csv']",,,,optimization_correctness,8
20260907T220433.700704-extension-gate-retained-k1,extension-gate-retained-k1,0,False,0.2647882280000431,"['data/classic-stage/extension-reuse-20260907T220425/baseline-binary', 'search', '--index', 'data/fm-classic-8-v1', '--reverse-index', 'data/fm-reverse-v1', '--reference', 'data/reference-v1/reference.fa', '--queries', 'benchmarks/sassy_benchmark/SCN2A_patterns.fa', '--queries-limit', '32', '--mode', 'sites', '--threads', '8', '--repetitions', '1', '--mmap', '-k', '1', '--site-tuples', 'data/classic-stage/extension-reuse-20260907T220425/retained-k1.csv']",,,,optimization_correctness,8
20260907T220434.070324-extension-gate-disabled-k1,extension-gate-disabled-k1,0,False,0.2649633010000798,"['target/release/ooff-index', 'search', '--index', 'data/fm-classic-8-v1', '--reverse-index', 'data/fm-reverse-v1', '--reference', 'data/reference-v1/reference.fa', '--queries', 'benchmarks/sassy_benchmark/SCN2A_patterns.fa', '--queries-limit', '32', '--mode', 'sites', '--threads', '8', '--repetitions', '1', '--mmap', '-k', '1', '--site-tuples', 'data/classic-stage/extension-reuse-20260907T220425/disabled-k1.csv']",,,,optimization_correctness,8
20260907T220434.440924-extension-gate-reuse-k1,extension-gate-reuse-k1,0,False,0.3152209119998588,"['target/release/ooff-index', 'search', '--index', 'data/fm-classic-8-v1', '--reverse-index', 'data/fm-reverse-v1', '--reference', 'data/reference-v1/reference.fa', '--queries', 'benchmarks/sassy_benchmark/SCN2A_patterns.fa', '--queries-limit', '32', '--mode', 'sites', '--threads', '8', '--repetitions', '1', '--mmap', '-k', '1', '--reuse-extensions', '--site-tuples', 'data/classic-stage/extension-reuse-20260907T220425/reuse-k1.csv']",,,,optimization_correctness,8
20260907T220434.863331-extension-gate-retained-k2,extension-gate-retained-k2,0,False,0.31492331499998727,"['data/classic-stage/extension-reuse-20260907T220425/baseline-binary', 'search', '--index', 'data/fm-classic-8-v1', '--reverse-index', 'data/fm-reverse-v1', '--reference', 'data/reference-v1/reference.fa', '--queries', 'benchmarks/sassy_benchmark/SCN2A_patterns.fa', '--queries-limit', '32', '--mode', 'sites', '--threads', '8', '--repetitions', '1', '--mmap', '-k', '2', '--site-tuples', 'data/classic-stage/extension-reuse-20260907T220425/retained-k2.csv']",,,,optimization_correctness,8
20260907T220435.284859-extension-gate-disabled-k2,extension-gate-disabled-k2,0,False,0.3656581120001192,"['target/release/ooff-index', 'search', '--index', 'data/fm-classic-8-v1', '--reverse-index', 'data/fm-reverse-v1', '--reference', 'data/reference-v1/reference.fa', '--queries', 'benchmarks/sassy_benchmark/SCN2A_patterns.fa', '--queries-limit', '32', '--mode', 'sites', '--threads', '8', '--repetitions', '1', '--mmap', '-k', '2', '--site-tuples', 'data/classic-stage/extension-reuse-20260907T220425/disabled-k2.csv']",,,,optimization_correctness,8
20260907T220435.755882-extension-gate-reuse-k2,extension-gate-reuse-k2,0,False,0.36551767200012364,"['target/release/ooff-index', 'search', '--index', 'data/fm-classic-8-v1', '--reverse-index', 'data/fm-reverse-v1', '--reference', 'data/reference-v1/reference.fa', '--queries', 'benchmarks/sassy_benchmark/SCN2A_patterns.fa', '--queries-limit', '32', '--mode', 'sites', '--threads', '8', '--repetitions', '1', '--mmap', '-k', '2', '--reuse-extensions', '--site-tuples', 'data/classic-stage/extension-reuse-20260907T220425/reuse-k2.csv']",,,,optimization_correctness,8
20260907T220436.227464-extension-gate-retained-k3,extension-gate-retained-k3,0,False,0.46638497900016773,"['data/classic-stage/extension-reuse-20260907T220425/baseline-binary', 'search', '--index', 'data/fm-classic-8-v1', '--reverse-index', 'data/fm-reverse-v1', '--reference', 'data/reference-v1/reference.fa', '--queries', 'benchmarks/sassy_benchmark/SCN2A_patterns.fa', '--queries-limit', '32', '--mode', 'sites', '--threads', '8', '--repetitions', '1', '--mmap', '-k', '3', '--site-tuples', 'data/classic-stage/extension-reuse-20260907T220425/retained-k3.csv']",,,,optimization_correctness,8
20260907T220436.799832-extension-gate-disabled-k3,extension-gate-disabled-k3,0,False,0.46667937200004417,"['target/release/ooff-index', 'search', '--index', 'data/fm-classic-8-v1', '--reverse-index', 'data/fm-reverse-v1', '--reference', 'data/reference-v1/reference.fa', '--queries', 'benchmarks/sassy_benchmark/SCN2A_patterns.fa', '--queries-limit', '32', '--mode', 'sites', '--threads', '8', '--repetitions', '1', '--mmap', '-k', '3', '--site-tuples', 'data/classic-stage/extension-reuse-20260907T220425/disabled-k3.csv']",,,,optimization_correctness,8
20260907T220437.389369-extension-gate-reuse-k3,extension-gate-reuse-k3,0,False,0.4662058139999772,"['target/release/ooff-index', 'search', '--index', 'data/fm-classic-8-v1', '--reverse-index', 'data/fm-reverse-v1', '--reference', 'data/reference-v1/reference.fa', '--queries', 'benchmarks/sassy_benchmark/SCN2A_patterns.fa', '--queries-limit', '32', '--mode', 'sites', '--threads', '8', '--repetitions', '1', '--mmap', '-k', '3', '--reuse-extensions', '--site-tuples', 'data/classic-stage/extension-reuse-20260907T220425/reuse-k3.csv']",,,,optimization_correctness,8
20260907T220437.978401-extension-warmup-retained-r0,extension-warmup-retained-r0,0,False,5.8817426479999995,"['data/classic-stage/extension-reuse-20260907T220425/baseline-binary', 'search', '--index', 'data/fm-classic-8-v1', '--reverse-index', 'data/fm-reverse-v1', '--reference', 'data/reference-v1/reference.fa', '--queries', 'benchmarks/sassy_1000/SCN2A_unfiltered_1000.fa', '--queries-limit', '1000', '--mode', 'sites', '--threads', '8', '--repetitions', '1', '--mmap', '-k', '3']",ooff,1000,0,warmup,8
20260907T220443.964914-extension-warmup-disabled-r0,extension-warmup-disabled-r0,0,False,5.93199090600001,"['target/release/ooff-index', 'search', '--index', 'data/fm-classic-8-v1', '--reverse-index', 'data/fm-reverse-v1', '--reference', 'data/reference-v1/reference.fa', '--queries', 'benchmarks/sassy_1000/SCN2A_unfiltered_1000.fa', '--queries-limit', '1000', '--mode', 'sites', '--threads', '8', '--repetitions', '1', '--mmap', '-k', '3']",ooff,1000,0,warmup,8
20260907T220450.002703-extension-warmup-reuse-r0,extension-warmup-reuse-r0,0,False,5.98130379700001,"['target/release/ooff-index', 'search', '--index', 'data/fm-classic-8-v1', '--reverse-index', 'data/fm-reverse-v1', '--reference', 'data/reference-v1/reference.fa', '--queries', 'benchmarks/sassy_1000/SCN2A_unfiltered_1000.fa', '--queries-limit', '1000', '--mode', 'sites', '--threads', '8', '--repetitions', '1', '--mmap', '-k', '3', '--reuse-extensions']",ooff,1000,0,warmup,8
20260907T220456.093183-extension-optimization-reuse-r1,extension-optimization-reuse-r1,0,False,5.983646609000061,"['target/release/ooff-index', 'search', '--index', 'data/fm-classic-8-v1', '--reverse-index', 'data/fm-reverse-v1', '--reference', 'data/reference-v1/reference.fa', '--queries', 'benchmarks/sassy_1000/SCN2A_unfiltered_1000.fa', '--queries-limit', '1000', '--mode', 'sites', '--threads', '8', '--repetitions', '1', '--mmap', '-k', '3', '--reuse-extensions']",ooff,1000,1,optimization,8
20260907T220502.184646-extension-optimization-retained-r1,extension-optimization-retained-r1,0,False,5.8307191559999865,"['data/classic-stage/extension-reuse-20260907T220425/baseline-binary', 'search', '--index', 'data/fm-classic-8-v1', '--reverse-index', 'data/fm-reverse-v1', '--reference', 'data/reference-v1/reference.fa', '--queries', 'benchmarks/sassy_1000/SCN2A_unfiltered_1000.fa', '--queries-limit', '1000', '--mode', 'sites', '--threads', '8', '--repetitions', '1', '--mmap', '-k', '3']",ooff,1000,1,optimization,8
20260907T220508.123724-extension-optimization-disabled-r1,extension-optimization-disabled-r1,0,False,5.932048445999953,"['target/release/ooff-index', 'search', '--index', 'data/fm-classic-8-v1', '--reverse-index', 'data/fm-reverse-v1', '--reference', 'data/reference-v1/reference.fa', '--queries', 'benchmarks/sassy_1000/SCN2A_unfiltered_1000.fa', '--queries-limit', '1000', '--mode', 'sites', '--threads', '8', '--repetitions', '1', '--mmap', '-k', '3']",ooff,1000,1,optimization,8
20260907T220514.165565-extension-optimization-disabled-r2,extension-optimization-disabled-r2,0,False,5.882458617000111,"['target/release/ooff-index', 'search', '--index', 'data/fm-classic-8-v1', '--reverse-index', 'data/fm-reverse-v1', '--reference', 'data/reference-v1/reference.fa', '--queries', 'benchmarks/sassy_1000/SCN2A_unfiltered_1000.fa', '--queries-limit', '1000', '--mode', 'sites', '--threads', '8', '--repetitions', '1', '--mmap', '-k', '3']",ooff,1000,2,optimization,8
20260907T220520.155498-extension-optimization-reuse-r2,extension-optimization-reuse-r2,0,False,5.983299085999988,"['target/release/ooff-index', 'search', '--index', 'data/fm-classic-8-v1', '--reverse-index', 'data/fm-reverse-v1', '--reference', 'data/reference-v1/reference.fa', '--queries', 'benchmarks/sassy_1000/SCN2A_unfiltered_1000.fa', '--queries-limit', '1000', '--mode', 'sites', '--threads', '8', '--repetitions', '1', '--mmap', '-k', '3', '--reuse-extensions']",ooff,1000,2,optimization,8
20260907T220526.119591-measurement-minimap2-10000-r2-verify,measurement-minimap2-10000-r2-verify,0,False,206.20580184900018,"['python3', 'benchmarks/classic/verify.py', '--input', 'benchmarks/classic/iterations/20260907T220302.528030-measurement-minimap2-10000-r2-search/stdout', '--kind', 'sam', '--queries', 'data/classic-v1/targets-10000.fa', '--threads', '8']",minimap2,10000,2,measurement,8
20260907T220526.247074-extension-optimization-retained-r2,extension-optimization-retained-r2,0,False,5.781117824000148,"['data/classic-stage/extension-reuse-20260907T220425/baseline-binary', 'search', '--index', 'data/fm-classic-8-v1', '--reverse-index', 'data/fm-reverse-v1', '--reference', 'data/reference-v1/reference.fa', '--queries', 'benchmarks/sassy_1000/SCN2A_unfiltered_1000.fa', '--queries-limit', '1000', '--mode', 'sites', '--threads', '8', '--repetitions', '1', '--mmap', '-k', '3']",ooff,1000,2,optimization,8
20260907T220532.136435-extension-optimization-retained-r3,extension-optimization-retained-r3,0,False,5.881443567999895,"['data/classic-stage/extension-reuse-20260907T220425/baseline-binary', 'search', '--index', 'data/fm-classic-8-v1', '--reverse-index', 'data/fm-reverse-v1', '--reference', 'data/reference-v1/reference.fa', '--queries', 'benchmarks/sassy_1000/SCN2A_unfiltered_1000.fa', '--queries-limit', '1000', '--mode', 'sites', '--threads', '8', '--repetitions', '1', '--mmap', '-k', '3']",ooff,1000,3,optimization,8
20260907T220538.123359-extension-optimization-disabled-r3,extension-optimization-disabled-r3,0,False,5.931481689000066,"['target/release/ooff-index', 'search', '--index', 'data/fm-classic-8-v1', '--reverse-index', 'data/fm-reverse-v1', '--reference', 'data/reference-v1/reference.fa', '--queries', 'benchmarks/sassy_1000/SCN2A_unfiltered_1000.fa', '--queries-limit', '1000', '--mode', 'sites', '--threads', '8', '--repetitions', '1', '--mmap', '-k', '3']",ooff,1000,3,optimization,8
20260907T220544.162618-extension-optimization-reuse-r3,extension-optimization-reuse-r3,0,False,5.932665635999911,"['target/release/ooff-index', 'search', '--index', 'data/fm-classic-8-v1', '--reverse-index', 'data/fm-reverse-v1', '--reference', 'data/reference-v1/reference.fa', '--queries', 'benchmarks/sassy_1000/SCN2A_unfiltered_1000.fa', '--queries-limit', '1000', '--mode', 'sites', '--threads', '8', '--repetitions', '1', '--mmap', '-k', '3', '--reuse-extensions']",ooff,1000,3,optimization,8
20260907T220823.817452-measurement-blast-10000-r1-search,measurement-blast-10000-r1-search,-15,True,600.0040295110002,"['blastn', '-task', 'blastn-short', '-db', 'data/classic-v1/blast', '-query', 'data/classic-v1/targets-10000.fa', '-num_threads', '8', '-strand', 'plus', '-dust', 'no', '-soft_masking', 'false', '-evalue', '1000000000', '-reward', '1', '-penalty', '-1', '-gapopen', '0', '-gapextend', '2', '-qcov_hsp_perc', '85', '-max_target_seqs', '1000', '-max_hsps', '1', '-outfmt', '6 qseqid sseqid sstart send']",blast,10000,1,measurement,8
20260907T220852.419940-measurement-minimap2-10000-r3-search,measurement-minimap2-10000-r3-search,0,False,145.96623595600022,"['minimap2', '-a', '-t', '8', '-n', '2', '-m', '10', '-s', '10', '-A', '1', '-B', '1', '-O', '1,1', '-E', '1,1', '-N', '100', '-p', '0', '--for-only', 'data/classic-v1/minimap2-k7w5.mmi', 'data/classic-v1/targets-10000.fa']",minimap2,10000,3,measurement,8
20260907T221118.581001-measurement-minimap2-10000-r3-verify,measurement-minimap2-10000-r3-verify,0,False,206.05067869999993,"['python3', 'benchmarks/classic/verify.py', '--input', 'benchmarks/classic/iterations/20260907T220852.419940-measurement-minimap2-10000-r3-search/stdout', '--kind', 'sam', '--queries', 'data/classic-v1/targets-10000.fa', '--threads', '8']",minimap2,10000,3,measurement,8
20260907T221444.850377-measurement-minimap2-26643-r1-search,measurement-minimap2-26643-r1-search,,False,,"['minimap2', '-a', '-t', '8', '-n', '2', '-m', '10', '-s', '10', '-A', '1', '-B', '1', '-O', '1,1', '-E', '1,1', '-N', '100', '-p', '0', '--for-only', 'data/classic-v1/minimap2-k7w5.mmi', 'data/classic-v1/targets-26643.fa']",minimap2,26643,1,measurement,8
20260907T221823.829420-measurement-blast-26643-r1-search,measurement-blast-26643-r1-search,-15,True,600.0016975119997,"['blastn', '-task', 'blastn-short', '-db', 'data/classic-v1/blast', '-query', 'data/classic-v1/targets-26643.fa', '-num_threads', '8', '-strand', 'plus', '-dust', 'no', '-soft_masking', 'false', '-evalue', '1000000000', '-reward', '1', '-penalty', '-1', '-gapopen', '0', '-gapextend', '2', '-qcov_hsp_perc', '85', '-max_target_seqs', '1000', '-max_hsps', '1', '-outfmt', '6 qseqid sseqid sstart send']",blast,26643,1,measurement,8
20260907T222537.437769-additional-storage-check,additional-storage-check,0,False,0.003558841999620199,['true'],,,,,
20260907T222625.844975-measurement-minimap2-26643-r1-search,measurement-minimap2-26643-r1-search,0,False,455.3384070870002,"['minimap2', '-a', '-t', '8', '-n', '2', '-m', '10', '-s', '10', '-A', '1', '-B', '1', '-O', '1,1', '-E', '1,1', '-N', '100', '-p', '0', '--for-only', 'data/classic-v1/minimap2-k7w5.mmi', 'data/classic-v1/targets-26643.fa']",minimap2,26643,1,measurement,8
20260907T223401.234133-measurement-minimap2-26643-r1-verify,measurement-minimap2-26643-r1-verify,0,False,563.4758668629997,"['python3', 'benchmarks/classic/verify.py', '--input', 'benchmarks/classic/iterations/20260907T222625.844975-measurement-minimap2-26643-r1-search/stdout', '--kind', 'sam', '--queries', 'data/classic-v1/targets-26643.fa', '--threads', '8']",minimap2,26643,1,measurement,8
20260907T223914.765954-timeout_test-bwa-1-r1-aln,timeout_test-bwa-1-r1-aln,0,False,0.5160592269999995,"['bwa', 'aln', '-t', '8', '-n', '3', '-o', '3', '-e', '3', '-i', '0', '-l', '1024', '-M', '1', '-O', '1', '-E', '1', 'data/classic-v1/bwa', 'data/classic-v1/targets-1.fa']",bwa,1,1,timeout_test,8
20260907T223915.625457-timeout_test-bwa-1-r1-samse,timeout_test-bwa-1-r1-samse,-15,True,0.04238871100000097,"['bwa', 'samse', '-n', '1000', 'data/classic-v1/bwa', 'benchmarks/classic/iterations/20260907T223914.765954-timeout_test-bwa-1-r1-aln/stdout', 'data/classic-v1/targets-1.fa']",bwa,1,1,timeout_test,8
20260907T223942.201313-measurement-ooff-100000-r1-search,measurement-ooff-100000-r1-search,0,False,42.177264928,"['target/release/ooff-index', 'search', '--index', 'data/fm-classic-8-v1', '--reference', 'data/reference-v1/reference.fa', '--queries', 'data/classic-v1/queries-100000.fa', '--queries-limit', '100000', '--threads', '8', '--repetitions', '1', '--mode', 'screen', '--mmap', '-k', '3']",ooff,100000,1,measurement,8
20260907T223946.316019-measurement-bwa-100000-r1-aln,measurement-bwa-100000-r1-aln,0,False,144.23761191,"['bwa', 'aln', '-t', '8', '-n', '3', '-o', '3', '-e', '3', '-i', '0', '-l', '1024', '-M', '1', '-O', '1', '-E', '1', 'data/classic-v1/bwa', 'data/classic-v1/targets-100000.fa']",bwa,100000,1,measurement,8
20260907T223950.659732-measurement-blast-100000-r1-search,measurement-blast-100000-r1-search,-15,True,600.0165083320001,"['blastn', '-task', 'blastn-short', '-db', 'data/classic-v1/blast', '-query', 'data/classic-v1/targets-100000.fa', '-num_threads', '8', '-strand', 'plus', '-dust', 'no', '-soft_masking', 'false', '-evalue', '1000000000', '-reward', '1', '-penalty', '-1', '-gapopen', '0', '-gapextend', '2', '-qcov_hsp_perc', '85', '-max_target_seqs', '1000', '-max_hsps', '1', '-outfmt', '6 qseqid sseqid sstart send']",blast,100000,1,measurement,8
20260907T224024.596632-measurement-ooff-100000-r1-verify,measurement-ooff-100000-r1-verify,0,False,9.487559331,"['python3', 'benchmarks/classic/verify.py', '--input', 'benchmarks/classic/iterations/20260907T223942.201313-measurement-ooff-100000-r1-search/stdout', '--kind', 'native', '--queries', 'data/classic-v1/targets-100000.fa', '--threads', '8']",ooff,100000,1,measurement,8
20260907T224034.779087-measurement-ooff-100000-r2-search,measurement-ooff-100000-r2-search,0,False,0.5672322130000111,"['target/release/ooff-index', 'search', '--index', 'data/fm-classic-8-v1', '--reference', 'data/reference-v1/reference.fa', '--queries', 'data/classic-v1/queries-100000.fa', '--queries-limit', '100000', '--threads', '8', '--repetitions', '1', '--mode', 'screen', '--mmap', '-k', '3']",ooff,100000,2,measurement,8
20260907T224035.573574-measurement-ooff-100000-r2-verify,measurement-ooff-100000-r2-verify,0,False,2.6241410750000114,"['python3', 'benchmarks/classic/verify.py', '--input', 'benchmarks/classic/iterations/20260907T224034.779087-measurement-ooff-100000-r2-search/stdout', '--kind', 'native', '--queries', 'data/classic-v1/targets-100000.fa', '--threads', '8']",ooff,100000,2,measurement,8
20260907T224039.031624-measurement-ooff-100000-r3-search,measurement-ooff-100000-r3-search,0,False,0.5173338839999815,"['target/release/ooff-index', 'search', '--index', 'data/fm-classic-8-v1', '--reference', 'data/reference-v1/reference.fa', '--queries', 'data/classic-v1/queries-100000.fa', '--queries-limit', '100000', '--threads', '8', '--repetitions', '1', '--mode', 'screen', '--mmap', '-k', '3']",ooff,100000,3,measurement,8
20260907T224039.863071-measurement-ooff-100000-r3-verify,measurement-ooff-100000-r3-verify,0,False,2.5725888729999724,"['python3', 'benchmarks/classic/verify.py', '--input', 'benchmarks/classic/iterations/20260907T224039.031624-measurement-ooff-100000-r3-search/stdout', '--kind', 'native', '--queries', 'data/classic-v1/targets-100000.fa', '--threads', '8']",ooff,100000,3,measurement,8
20260907T224210.786995-measurement-bwa-100000-r1-samse,measurement-bwa-100000-r1-samse,0,False,99.47258739999995,"['bwa', 'samse', '-n', '1000', 'data/classic-v1/bwa', 'benchmarks/classic/iterations/20260907T223946.316019-measurement-bwa-100000-r1-aln/stdout', 'data/classic-v1/targets-100000.fa']",bwa,100000,1,measurement,8
20260907T224324.894473-measurement-minimap2-26643-r2-search,measurement-minimap2-26643-r2-search,0,False,456.59198835200004,"['minimap2', '-a', '-t', '8', '-n', '2', '-m', '10', '-s', '10', '-A', '1', '-B', '1', '-O', '1,1', '-E', '1,1', '-N', '100', '-p', '0', '--for-only', 'data/classic-v1/minimap2-k7w5.mmi', 'data/classic-v1/targets-26643.fa']",minimap2,26643,2,measurement,8
20260907T224350.346878-measurement-bwa-100000-r1-verify,measurement-bwa-100000-r1-verify,0,False,39.04643743500003,"['python3', 'benchmarks/classic/verify.py', '--input', 'benchmarks/classic/iterations/20260907T224210.786995-measurement-bwa-100000-r1-samse/stdout', '--kind', 'sam', '--queries', 'data/classic-v1/targets-100000.fa', '--threads', '8']",bwa,100000,1,measurement,8
20260907T224430.005962-measurement-bwa-100000-r2-aln,measurement-bwa-100000-r2-aln,0,False,127.78847706199997,"['bwa', 'aln', '-t', '8', '-n', '3', '-o', '3', '-e', '3', '-i', '0', '-l', '1024', '-M', '1', '-O', '1', '-E', '1', 'data/classic-v1/bwa', 'data/classic-v1/targets-100000.fa']",bwa,100000,2,measurement,8
20260907T224637.955125-measurement-bwa-100000-r2-samse,measurement-bwa-100000-r2-samse,0,False,87.83510663300001,"['bwa', 'samse', '-n', '1000', 'data/classic-v1/bwa', 'benchmarks/classic/iterations/20260907T224430.005962-measurement-bwa-100000-r2-aln/stdout', 'data/classic-v1/targets-100000.fa']",bwa,100000,2,measurement,8
20260907T224805.947771-measurement-bwa-100000-r2-verify,measurement-bwa-100000-r2-verify,0,False,30.83199420599999,"['python3', 'benchmarks/classic/verify.py', '--input', 'benchmarks/classic/iterations/20260907T224637.955125-measurement-bwa-100000-r2-samse/stdout', '--kind', 'sam', '--queries', 'data/classic-v1/targets-100000.fa', '--threads', '8']",bwa,100000,2,measurement,8
20260907T224837.513194-measurement-bwa-100000-r3-aln,measurement-bwa-100000-r3-aln,0,False,127.774407828,"['bwa', 'aln', '-t', '8', '-n', '3', '-o', '3', '-e', '3', '-i', '0', '-l', '1024', '-M', '1', '-O', '1', '-E', '1', 'data/classic-v1/bwa', 'data/classic-v1/targets-100000.fa']",bwa,100000,3,measurement,8
20260907T225045.541936-measurement-bwa-100000-r3-samse,measurement-bwa-100000-r3-samse,0,False,88.48909023499994,"['bwa', 'samse', '-n', '1000', 'data/classic-v1/bwa', 'benchmarks/classic/iterations/20260907T224837.513194-measurement-bwa-100000-r3-aln/stdout', 'data/classic-v1/targets-100000.fa']",bwa,100000,3,measurement,8
20260907T225101.555853-measurement-minimap2-26643-r2-verify,measurement-minimap2-26643-r2-verify,-15,False,248.6317338079998,"['python3', 'benchmarks/classic/verify.py', '--input', 'benchmarks/classic/iterations/20260907T224324.894473-measurement-minimap2-26643-r2-search/stdout', '--kind', 'sam', '--queries', 'data/classic-v1/targets-26643.fa', '--threads', '8']",minimap2,26643,2,measurement,8
20260907T225214.270267-measurement-bwa-100000-r3-verify,measurement-bwa-100000-r3-verify,0,False,30.63487718199997,"['python3', 'benchmarks/classic/verify.py', '--input', 'benchmarks/classic/iterations/20260907T225045.541936-measurement-bwa-100000-r3-samse/stdout', '--kind', 'sam', '--queries', 'data/classic-v1/targets-100000.fa', '--threads', '8']",bwa,100000,3,measurement,8
20260907T225513.797152-measurement-minimap2-100000-r1-search,measurement-minimap2-100000-r1-search,137,False,421.1612017389998,"['minimap2', '-a', '-t', '8', '-n', '2', '-m', '10', '-s', '10', '-A', '1', '-B', '1', '-O', '1,1', '-E', '1,1', '-N', '100', '-p', '0', '--for-only', 'data/classic-v1/minimap2-k7w5.mmi', 'data/classic-v1/targets-100000.fa']",minimap2,100000,1,measurement,8
