iteration,threads,platform,queries,cases,sites,native_pairs,native_unique_pairs,workload,measurement_kind,verified,engine,repetition,seconds,returncode,artifact
20260907T235249.316395-initial-fixtures,4,Raspberry Pi 5,benchmarks/ddg/iterations/20260907T235249.316395-initial-fixtures/queries.jsonl,,,,,initial-fixtures,whole_process,False,oligoai,0,0.08525490399915725,0,benchmarks/ddg/iterations/20260907T235249.316395-initial-fixtures/result.json
20260907T235249.316395-initial-fixtures,4,Raspberry Pi 5,benchmarks/ddg/iterations/20260907T235249.316395-initial-fixtures/queries.jsonl,,,,,initial-fixtures,whole_process,False,ooff,0,0.018130913987988606,1,benchmarks/ddg/iterations/20260907T235249.316395-initial-fixtures/result.json
20260907T235400.837653-corrected-energy-parser,4,Raspberry Pi 5,benchmarks/ddg/iterations/20260907T235400.837653-corrected-energy-parser/queries.jsonl,,,,,corrected-energy-parser,whole_process,True,oligoai,0,0.057567086012568325,0,benchmarks/ddg/iterations/20260907T235400.837653-corrected-energy-parser/result.json
20260907T235400.837653-corrected-energy-parser,4,Raspberry Pi 5,benchmarks/ddg/iterations/20260907T235400.837653-corrected-energy-parser/queries.jsonl,,,,,corrected-energy-parser,whole_process,True,ooff,0,0.01627107398235239,0,benchmarks/ddg/iterations/20260907T235400.837653-corrected-energy-parser/result.json
20260907T235448.555483-real-unique128,4,Raspberry Pi 5,data/ddg-inputs/unique128.jsonl,,,,,real-unique128,whole_process,True,oligoai,0,19.87704008599394,0,benchmarks/ddg/iterations/20260907T235448.555483-real-unique128/result.json
20260907T235448.555483-real-unique128,4,Raspberry Pi 5,data/ddg-inputs/unique128.jsonl,,,,,real-unique128,whole_process,True,ooff,0,5.094576204981422,0,benchmarks/ddg/iterations/20260907T235448.555483-real-unique128/result.json
20260907T235448.555483-real-unique128,4,Raspberry Pi 5,data/ddg-inputs/unique128.jsonl,,,,,real-unique128,whole_process,True,ooff,1,5.040385572006926,0,benchmarks/ddg/iterations/20260907T235448.555483-real-unique128/result.json
20260907T235448.555483-real-unique128,4,Raspberry Pi 5,data/ddg-inputs/unique128.jsonl,,,,,real-unique128,whole_process,True,oligoai,1,19.872153343021637,0,benchmarks/ddg/iterations/20260907T235448.555483-real-unique128/result.json
20260907T235448.555483-real-unique128,4,Raspberry Pi 5,data/ddg-inputs/unique128.jsonl,,,,,real-unique128,whole_process,True,oligoai,2,19.85211954099941,0,benchmarks/ddg/iterations/20260907T235448.555483-real-unique128/result.json
20260907T235448.555483-real-unique128,4,Raspberry Pi 5,data/ddg-inputs/unique128.jsonl,,,,,real-unique128,whole_process,True,ooff,2,5.099777747003827,0,benchmarks/ddg/iterations/20260907T235448.555483-real-unique128/result.json
20260907T235651.916384-real-repeated128,4,Raspberry Pi 5,data/ddg-inputs/repeated128.jsonl,,,,,real-repeated128,whole_process,True,oligoai,0,19.568272225995315,0,benchmarks/ddg/iterations/20260907T235651.916384-real-repeated128/result.json
20260907T235651.916384-real-repeated128,4,Raspberry Pi 5,data/ddg-inputs/repeated128.jsonl,,,,,real-repeated128,whole_process,True,ooff,0,0.6576095689961221,0,benchmarks/ddg/iterations/20260907T235651.916384-real-repeated128/result.json
20260907T235651.916384-real-repeated128,4,Raspberry Pi 5,data/ddg-inputs/repeated128.jsonl,,,,,real-repeated128,whole_process,True,ooff,1,0.7035476510063745,0,benchmarks/ddg/iterations/20260907T235651.916384-real-repeated128/result.json
20260907T235651.916384-real-repeated128,4,Raspberry Pi 5,data/ddg-inputs/repeated128.jsonl,,,,,real-repeated128,whole_process,True,oligoai,1,19.549395804002415,0,benchmarks/ddg/iterations/20260907T235651.916384-real-repeated128/result.json
20260907T235651.916384-real-repeated128,4,Raspberry Pi 5,data/ddg-inputs/repeated128.jsonl,,,,,real-repeated128,whole_process,True,oligoai,2,19.563824982004007,0,benchmarks/ddg/iterations/20260907T235651.916384-real-repeated128/result.json
20260907T235651.916384-real-repeated128,4,Raspberry Pi 5,data/ddg-inputs/repeated128.jsonl,,,,,real-repeated128,whole_process,True,ooff,2,0.651676972018322,0,benchmarks/ddg/iterations/20260907T235651.916384-real-repeated128/result.json
20260907T235752.704112-real-exact1000,4,Raspberry Pi 5,data/ddg-inputs/exact1000.jsonl,,,,,real-exact1000,whole_process,True,oligoai,0,0.10112980697886087,0,benchmarks/ddg/iterations/20260907T235752.704112-real-exact1000/result.json
20260907T235752.704112-real-exact1000,4,Raspberry Pi 5,data/ddg-inputs/exact1000.jsonl,,,,,real-exact1000,whole_process,True,ooff,0,0.010412757023004815,0,benchmarks/ddg/iterations/20260907T235752.704112-real-exact1000/result.json
20260907T235752.704112-real-exact1000,4,Raspberry Pi 5,data/ddg-inputs/exact1000.jsonl,,,,,real-exact1000,whole_process,True,ooff,1,0.011293964023934677,0,benchmarks/ddg/iterations/20260907T235752.704112-real-exact1000/result.json
20260907T235752.704112-real-exact1000,4,Raspberry Pi 5,data/ddg-inputs/exact1000.jsonl,,,,,real-exact1000,whole_process,True,oligoai,1,0.09836737098521553,0,benchmarks/ddg/iterations/20260907T235752.704112-real-exact1000/result.json
20260907T235752.704112-real-exact1000,4,Raspberry Pi 5,data/ddg-inputs/exact1000.jsonl,,,,,real-exact1000,whole_process,True,oligoai,2,0.09873455800698139,0,benchmarks/ddg/iterations/20260907T235752.704112-real-exact1000/result.json
20260907T235752.704112-real-exact1000,4,Raspberry Pi 5,data/ddg-inputs/exact1000.jsonl,,,,,real-exact1000,whole_process,True,ooff,2,0.01076938901678659,0,benchmarks/ddg/iterations/20260907T235752.704112-real-exact1000/result.json
20260908-direct-interval-full-chunk-validation,1,EC2 c7i.2xlarge,,,527956,,,"Exact full-output regression check for direct FASTA interval reads; isolated validation, not matched speedup",interval_read_validation,True,ooff,0,28.294506066000167,0,benchmarks/ddg/iterations/20260908-direct-interval-full-chunk-validation/result.json
20260908-full-scn2a-forward-chunked,8,"EC2 c7i.2xlarge, 8 hardware threads, 16 GiB",114889,,,,,"All repeat-filtered SCN2A gene-body 20mers; all other-gene intervals k<=3 across full human RNA reference, native ddG; complete gzip JSONL outputs",discovery_worker,False,ooff,3,81.38985437099996,0,benchmarks/ddg/iterations/20260908-full-scn2a-forward-chunked/result.json
20260908-full-scn2a-forward-chunked,8,"EC2 c7i.2xlarge, 8 hardware threads, 16 GiB",114889,,,,,"All repeat-filtered SCN2A gene-body 20mers; all other-gene intervals k<=3 across full human RNA reference, native ddG; complete gzip JSONL outputs",ddg_worker,False,ooff,3,171.57758720099991,0,benchmarks/ddg/iterations/20260908-full-scn2a-forward-chunked/result.json
20260908-full-scn2a-forward-chunked,8,"EC2 c7i.2xlarge, 8 hardware threads, 16 GiB",114889,,,,,"All repeat-filtered SCN2A gene-body 20mers; all other-gene intervals k<=3 across full human RNA reference, native ddG; complete gzip JSONL outputs",archive_worker,False,ooff,3,26.749498056999983,0,benchmarks/ddg/iterations/20260908-full-scn2a-forward-chunked/result.json
20260908-full-scn2a-forward-chunked,8,"EC2 c7i.2xlarge, 8 hardware threads, 16 GiB",114889,,,,,"All repeat-filtered SCN2A gene-body 20mers; all other-gene intervals k<=3 across full human RNA reference, native ddG; complete gzip JSONL outputs",discovery_worker,False,ooff,5,76.97482074899995,0,benchmarks/ddg/iterations/20260908-full-scn2a-forward-chunked/result.json
20260908-full-scn2a-forward-chunked,8,"EC2 c7i.2xlarge, 8 hardware threads, 16 GiB",114889,,,,,"All repeat-filtered SCN2A gene-body 20mers; all other-gene intervals k<=3 across full human RNA reference, native ddG; complete gzip JSONL outputs",ddg_worker,False,ooff,5,179.13289652699996,0,benchmarks/ddg/iterations/20260908-full-scn2a-forward-chunked/result.json
20260908-full-scn2a-forward-chunked,8,"EC2 c7i.2xlarge, 8 hardware threads, 16 GiB",114889,,,,,"All repeat-filtered SCN2A gene-body 20mers; all other-gene intervals k<=3 across full human RNA reference, native ddG; complete gzip JSONL outputs",archive_worker,False,ooff,5,28.698976451999897,0,benchmarks/ddg/iterations/20260908-full-scn2a-forward-chunked/result.json
20260908-full-scn2a-forward-chunked,8,"EC2 c7i.2xlarge, 8 hardware threads, 16 GiB",114889,,,,,"All repeat-filtered SCN2A gene-body 20mers; all other-gene intervals k<=3 across full human RNA reference, native ddG; complete gzip JSONL outputs",discovery_worker,False,ooff,2,83.350211683,0,benchmarks/ddg/iterations/20260908-full-scn2a-forward-chunked/result.json
20260908-full-scn2a-forward-chunked,8,"EC2 c7i.2xlarge, 8 hardware threads, 16 GiB",114889,,,,,"All repeat-filtered SCN2A gene-body 20mers; all other-gene intervals k<=3 across full human RNA reference, native ddG; complete gzip JSONL outputs",ddg_worker,False,ooff,2,216.676160557,0,benchmarks/ddg/iterations/20260908-full-scn2a-forward-chunked/result.json
20260908-full-scn2a-forward-chunked,8,"EC2 c7i.2xlarge, 8 hardware threads, 16 GiB",114889,,,,,"All repeat-filtered SCN2A gene-body 20mers; all other-gene intervals k<=3 across full human RNA reference, native ddG; complete gzip JSONL outputs",archive_worker,False,ooff,2,38.60012976500002,0,benchmarks/ddg/iterations/20260908-full-scn2a-forward-chunked/result.json
20260908-full-scn2a-forward-chunked,8,"EC2 c7i.2xlarge, 8 hardware threads, 16 GiB",114889,,,,,"All repeat-filtered SCN2A gene-body 20mers; all other-gene intervals k<=3 across full human RNA reference, native ddG; complete gzip JSONL outputs",discovery_worker,False,ooff,0,82.05344605699997,0,benchmarks/ddg/iterations/20260908-full-scn2a-forward-chunked/result.json
20260908-full-scn2a-forward-chunked,8,"EC2 c7i.2xlarge, 8 hardware threads, 16 GiB",114889,,,,,"All repeat-filtered SCN2A gene-body 20mers; all other-gene intervals k<=3 across full human RNA reference, native ddG; complete gzip JSONL outputs",ddg_worker,False,ooff,0,231.22877366400007,0,benchmarks/ddg/iterations/20260908-full-scn2a-forward-chunked/result.json
20260908-full-scn2a-forward-chunked,8,"EC2 c7i.2xlarge, 8 hardware threads, 16 GiB",114889,,,,,"All repeat-filtered SCN2A gene-body 20mers; all other-gene intervals k<=3 across full human RNA reference, native ddG; complete gzip JSONL outputs",archive_worker,False,ooff,0,43.6978598820001,0,benchmarks/ddg/iterations/20260908-full-scn2a-forward-chunked/result.json
20260908-full-scn2a-forward-chunked,8,"EC2 c7i.2xlarge, 8 hardware threads, 16 GiB",114889,,,,,"All repeat-filtered SCN2A gene-body 20mers; all other-gene intervals k<=3 across full human RNA reference, native ddG; complete gzip JSONL outputs",discovery_worker,False,ooff,4,108.71907456400004,0,benchmarks/ddg/iterations/20260908-full-scn2a-forward-chunked/result.json
20260908-full-scn2a-forward-chunked,8,"EC2 c7i.2xlarge, 8 hardware threads, 16 GiB",114889,,,,,"All repeat-filtered SCN2A gene-body 20mers; all other-gene intervals k<=3 across full human RNA reference, native ddG; complete gzip JSONL outputs",ddg_worker,False,ooff,4,264.74044981099996,0,benchmarks/ddg/iterations/20260908-full-scn2a-forward-chunked/result.json
20260908-full-scn2a-forward-chunked,8,"EC2 c7i.2xlarge, 8 hardware threads, 16 GiB",114889,,,,,"All repeat-filtered SCN2A gene-body 20mers; all other-gene intervals k<=3 across full human RNA reference, native ddG; complete gzip JSONL outputs",archive_worker,False,ooff,4,47.70473049400016,0,benchmarks/ddg/iterations/20260908-full-scn2a-forward-chunked/result.json
20260908-full-scn2a-forward-chunked,8,"EC2 c7i.2xlarge, 8 hardware threads, 16 GiB",114889,,,,,"All repeat-filtered SCN2A gene-body 20mers; all other-gene intervals k<=3 across full human RNA reference, native ddG; complete gzip JSONL outputs",discovery_worker,False,ooff,1,125.86375176399997,0,benchmarks/ddg/iterations/20260908-full-scn2a-forward-chunked/result.json
20260908-full-scn2a-forward-chunked,8,"EC2 c7i.2xlarge, 8 hardware threads, 16 GiB",114889,,,,,"All repeat-filtered SCN2A gene-body 20mers; all other-gene intervals k<=3 across full human RNA reference, native ddG; complete gzip JSONL outputs",ddg_worker,False,ooff,1,251.69897690100015,0,benchmarks/ddg/iterations/20260908-full-scn2a-forward-chunked/result.json
20260908-full-scn2a-forward-chunked,8,"EC2 c7i.2xlarge, 8 hardware threads, 16 GiB",114889,,,,,"All repeat-filtered SCN2A gene-body 20mers; all other-gene intervals k<=3 across full human RNA reference, native ddG; complete gzip JSONL outputs",archive_worker,False,ooff,1,51.27413268400005,0,benchmarks/ddg/iterations/20260908-full-scn2a-forward-chunked/result.json
20260908-full-scn2a-forward-chunked,8,"EC2 c7i.2xlarge, 8 hardware threads, 16 GiB",114889,,,,,"All repeat-filtered SCN2A gene-body 20mers; all other-gene intervals k<=3 across full human RNA reference, native ddG; complete gzip JSONL outputs",discovery_worker,False,ooff,7,82.04677769500017,0,benchmarks/ddg/iterations/20260908-full-scn2a-forward-chunked/result.json
20260908-full-scn2a-forward-chunked,8,"EC2 c7i.2xlarge, 8 hardware threads, 16 GiB",114889,,,,,"All repeat-filtered SCN2A gene-body 20mers; all other-gene intervals k<=3 across full human RNA reference, native ddG; complete gzip JSONL outputs",ddg_worker,False,ooff,7,290.5984415759999,0,benchmarks/ddg/iterations/20260908-full-scn2a-forward-chunked/result.json
20260908-full-scn2a-forward-chunked,8,"EC2 c7i.2xlarge, 8 hardware threads, 16 GiB",114889,,,,,"All repeat-filtered SCN2A gene-body 20mers; all other-gene intervals k<=3 across full human RNA reference, native ddG; complete gzip JSONL outputs",archive_worker,False,ooff,7,57.08668606299989,0,benchmarks/ddg/iterations/20260908-full-scn2a-forward-chunked/result.json
20260908-full-scn2a-paired-direct,8,"EC2 m7i.2xlarge, 8 hardware threads, 32 GiB, output gp3 500 MiB/s",114889,,,,,"All repeat-filtered SCN2A gene-body 20mers; all other-gene intervals k<=3 across full human RNA reference, native ddG; complete gzip JSONL outputs",discovery_worker,False,ooff,6,130.94488541700002,0,benchmarks/ddg/iterations/20260908-full-scn2a-paired-direct/result.json
20260908-full-scn2a-paired-direct,8,"EC2 m7i.2xlarge, 8 hardware threads, 32 GiB, output gp3 500 MiB/s",114889,,,,,"All repeat-filtered SCN2A gene-body 20mers; all other-gene intervals k<=3 across full human RNA reference, native ddG; complete gzip JSONL outputs",ddg_worker,False,ooff,6,50.34943279800001,0,benchmarks/ddg/iterations/20260908-full-scn2a-paired-direct/result.json
20260908-full-scn2a-paired-direct,8,"EC2 m7i.2xlarge, 8 hardware threads, 32 GiB, output gp3 500 MiB/s",114889,,,,,"All repeat-filtered SCN2A gene-body 20mers; all other-gene intervals k<=3 across full human RNA reference, native ddG; complete gzip JSONL outputs",archive_worker,False,ooff,6,26.78043292900003,0,benchmarks/ddg/iterations/20260908-full-scn2a-paired-direct/result.json
20260908-full-scn2a-paired-direct,8,"EC2 m7i.2xlarge, 8 hardware threads, 32 GiB, output gp3 500 MiB/s",114889,,,,,"All repeat-filtered SCN2A gene-body 20mers; all other-gene intervals k<=3 across full human RNA reference, native ddG; complete gzip JSONL outputs",discovery_worker,False,ooff,1,129.90016003300002,0,benchmarks/ddg/iterations/20260908-full-scn2a-paired-direct/result.json
20260908-full-scn2a-paired-direct,8,"EC2 m7i.2xlarge, 8 hardware threads, 32 GiB, output gp3 500 MiB/s",114889,,,,,"All repeat-filtered SCN2A gene-body 20mers; all other-gene intervals k<=3 across full human RNA reference, native ddG; complete gzip JSONL outputs",ddg_worker,False,ooff,1,71.03404143299997,0,benchmarks/ddg/iterations/20260908-full-scn2a-paired-direct/result.json
20260908-full-scn2a-paired-direct,8,"EC2 m7i.2xlarge, 8 hardware threads, 32 GiB, output gp3 500 MiB/s",114889,,,,,"All repeat-filtered SCN2A gene-body 20mers; all other-gene intervals k<=3 across full human RNA reference, native ddG; complete gzip JSONL outputs",archive_worker,False,ooff,1,28.750743717999967,0,benchmarks/ddg/iterations/20260908-full-scn2a-paired-direct/result.json
20260908-full-scn2a-paired-direct,8,"EC2 m7i.2xlarge, 8 hardware threads, 32 GiB, output gp3 500 MiB/s",114889,,,,,"All repeat-filtered SCN2A gene-body 20mers; all other-gene intervals k<=3 across full human RNA reference, native ddG; complete gzip JSONL outputs",discovery_worker,False,ooff,2,131.485872481,0,benchmarks/ddg/iterations/20260908-full-scn2a-paired-direct/result.json
20260908-full-scn2a-paired-direct,8,"EC2 m7i.2xlarge, 8 hardware threads, 32 GiB, output gp3 500 MiB/s",114889,,,,,"All repeat-filtered SCN2A gene-body 20mers; all other-gene intervals k<=3 across full human RNA reference, native ddG; complete gzip JSONL outputs",ddg_worker,False,ooff,2,91.14912161500001,0,benchmarks/ddg/iterations/20260908-full-scn2a-paired-direct/result.json
20260908-full-scn2a-paired-direct,8,"EC2 m7i.2xlarge, 8 hardware threads, 32 GiB, output gp3 500 MiB/s",114889,,,,,"All repeat-filtered SCN2A gene-body 20mers; all other-gene intervals k<=3 across full human RNA reference, native ddG; complete gzip JSONL outputs",archive_worker,False,ooff,2,37.983161145999986,0,benchmarks/ddg/iterations/20260908-full-scn2a-paired-direct/result.json
20260908-full-scn2a-paired-direct,8,"EC2 m7i.2xlarge, 8 hardware threads, 32 GiB, output gp3 500 MiB/s",114889,,,,,"All repeat-filtered SCN2A gene-body 20mers; all other-gene intervals k<=3 across full human RNA reference, native ddG; complete gzip JSONL outputs",discovery_worker,False,ooff,0,134.77412885799998,0,benchmarks/ddg/iterations/20260908-full-scn2a-paired-direct/result.json
20260908-full-scn2a-paired-direct,8,"EC2 m7i.2xlarge, 8 hardware threads, 32 GiB, output gp3 500 MiB/s",114889,,,,,"All repeat-filtered SCN2A gene-body 20mers; all other-gene intervals k<=3 across full human RNA reference, native ddG; complete gzip JSONL outputs",ddg_worker,False,ooff,0,108.24566113899999,0,benchmarks/ddg/iterations/20260908-full-scn2a-paired-direct/result.json
20260908-full-scn2a-paired-direct,8,"EC2 m7i.2xlarge, 8 hardware threads, 32 GiB, output gp3 500 MiB/s",114889,,,,,"All repeat-filtered SCN2A gene-body 20mers; all other-gene intervals k<=3 across full human RNA reference, native ddG; complete gzip JSONL outputs",archive_worker,False,ooff,0,45.984134592999965,0,benchmarks/ddg/iterations/20260908-full-scn2a-paired-direct/result.json
20260908-full-scn2a-paired-direct,8,"EC2 m7i.2xlarge, 8 hardware threads, 32 GiB, output gp3 500 MiB/s",114889,,,,,"All repeat-filtered SCN2A gene-body 20mers; all other-gene intervals k<=3 across full human RNA reference, native ddG; complete gzip JSONL outputs",discovery_worker,False,ooff,5,134.42786704699998,0,benchmarks/ddg/iterations/20260908-full-scn2a-paired-direct/result.json
20260908-full-scn2a-paired-direct,8,"EC2 m7i.2xlarge, 8 hardware threads, 32 GiB, output gp3 500 MiB/s",114889,,,,,"All repeat-filtered SCN2A gene-body 20mers; all other-gene intervals k<=3 across full human RNA reference, native ddG; complete gzip JSONL outputs",ddg_worker,False,ooff,5,113.53319368900003,0,benchmarks/ddg/iterations/20260908-full-scn2a-paired-direct/result.json
20260908-full-scn2a-paired-direct,8,"EC2 m7i.2xlarge, 8 hardware threads, 32 GiB, output gp3 500 MiB/s",114889,,,,,"All repeat-filtered SCN2A gene-body 20mers; all other-gene intervals k<=3 across full human RNA reference, native ddG; complete gzip JSONL outputs",archive_worker,False,ooff,5,49.56543195299997,0,benchmarks/ddg/iterations/20260908-full-scn2a-paired-direct/result.json
20260908-full-scn2a-paired-direct,8,"EC2 m7i.2xlarge, 8 hardware threads, 32 GiB, output gp3 500 MiB/s",114889,,,,,"All repeat-filtered SCN2A gene-body 20mers; all other-gene intervals k<=3 across full human RNA reference, native ddG; complete gzip JSONL outputs",discovery_worker,False,ooff,7,136.860754153,0,benchmarks/ddg/iterations/20260908-full-scn2a-paired-direct/result.json
20260908-full-scn2a-paired-direct,8,"EC2 m7i.2xlarge, 8 hardware threads, 32 GiB, output gp3 500 MiB/s",114889,,,,,"All repeat-filtered SCN2A gene-body 20mers; all other-gene intervals k<=3 across full human RNA reference, native ddG; complete gzip JSONL outputs",ddg_worker,False,ooff,7,116.41009585199998,0,benchmarks/ddg/iterations/20260908-full-scn2a-paired-direct/result.json
20260908-full-scn2a-paired-direct,8,"EC2 m7i.2xlarge, 8 hardware threads, 32 GiB, output gp3 500 MiB/s",114889,,,,,"All repeat-filtered SCN2A gene-body 20mers; all other-gene intervals k<=3 across full human RNA reference, native ddG; complete gzip JSONL outputs",archive_worker,False,ooff,7,55.86809537099998,0,benchmarks/ddg/iterations/20260908-full-scn2a-paired-direct/result.json
20260908-full-scn2a-paired-direct,8,"EC2 m7i.2xlarge, 8 hardware threads, 32 GiB, output gp3 500 MiB/s",114889,,,,,"All repeat-filtered SCN2A gene-body 20mers; all other-gene intervals k<=3 across full human RNA reference, native ddG; complete gzip JSONL outputs",discovery_worker,False,ooff,3,137.778935398,0,benchmarks/ddg/iterations/20260908-full-scn2a-paired-direct/result.json
20260908-full-scn2a-paired-direct,8,"EC2 m7i.2xlarge, 8 hardware threads, 32 GiB, output gp3 500 MiB/s",114889,,,,,"All repeat-filtered SCN2A gene-body 20mers; all other-gene intervals k<=3 across full human RNA reference, native ddG; complete gzip JSONL outputs",ddg_worker,False,ooff,3,118.78886781400001,0,benchmarks/ddg/iterations/20260908-full-scn2a-paired-direct/result.json
20260908-full-scn2a-paired-direct,8,"EC2 m7i.2xlarge, 8 hardware threads, 32 GiB, output gp3 500 MiB/s",114889,,,,,"All repeat-filtered SCN2A gene-body 20mers; all other-gene intervals k<=3 across full human RNA reference, native ddG; complete gzip JSONL outputs",archive_worker,False,ooff,3,58.76025413399998,0,benchmarks/ddg/iterations/20260908-full-scn2a-paired-direct/result.json
20260908-full-scn2a-paired-direct,8,"EC2 m7i.2xlarge, 8 hardware threads, 32 GiB, output gp3 500 MiB/s",114889,,,,,"All repeat-filtered SCN2A gene-body 20mers; all other-gene intervals k<=3 across full human RNA reference, native ddG; complete gzip JSONL outputs",discovery_worker,False,ooff,9,14.192245945999957,0,benchmarks/ddg/iterations/20260908-full-scn2a-paired-direct/result.json
20260908-full-scn2a-paired-direct,8,"EC2 m7i.2xlarge, 8 hardware threads, 32 GiB, output gp3 500 MiB/s",114889,,,,,"All repeat-filtered SCN2A gene-body 20mers; all other-gene intervals k<=3 across full human RNA reference, native ddG; complete gzip JSONL outputs",ddg_worker,False,ooff,9,70.60138753799998,0,benchmarks/ddg/iterations/20260908-full-scn2a-paired-direct/result.json
20260908-full-scn2a-paired-direct,8,"EC2 m7i.2xlarge, 8 hardware threads, 32 GiB, output gp3 500 MiB/s",114889,,,,,"All repeat-filtered SCN2A gene-body 20mers; all other-gene intervals k<=3 across full human RNA reference, native ddG; complete gzip JSONL outputs",archive_worker,False,ooff,9,12.266568369999959,0,benchmarks/ddg/iterations/20260908-full-scn2a-paired-direct/result.json
20260908-full-scn2a-paired-direct,8,"EC2 m7i.2xlarge, 8 hardware threads, 32 GiB, output gp3 500 MiB/s",114889,,,,,"All repeat-filtered SCN2A gene-body 20mers; all other-gene intervals k<=3 across full human RNA reference, native ddG; complete gzip JSONL outputs",discovery_worker,False,ooff,4,144.03054308699998,0,benchmarks/ddg/iterations/20260908-full-scn2a-paired-direct/result.json
20260908-full-scn2a-paired-direct,8,"EC2 m7i.2xlarge, 8 hardware threads, 32 GiB, output gp3 500 MiB/s",114889,,,,,"All repeat-filtered SCN2A gene-body 20mers; all other-gene intervals k<=3 across full human RNA reference, native ddG; complete gzip JSONL outputs",ddg_worker,False,ooff,4,134.99292119299997,0,benchmarks/ddg/iterations/20260908-full-scn2a-paired-direct/result.json
20260908-full-scn2a-paired-direct,8,"EC2 m7i.2xlarge, 8 hardware threads, 32 GiB, output gp3 500 MiB/s",114889,,,,,"All repeat-filtered SCN2A gene-body 20mers; all other-gene intervals k<=3 across full human RNA reference, native ddG; complete gzip JSONL outputs",archive_worker,False,ooff,4,59.05542240800003,0,benchmarks/ddg/iterations/20260908-full-scn2a-paired-direct/result.json
20260908-full-scn2a-paired-direct,8,"EC2 m7i.2xlarge, 8 hardware threads, 32 GiB, output gp3 500 MiB/s",114889,,,,,"All repeat-filtered SCN2A gene-body 20mers; all other-gene intervals k<=3 across full human RNA reference, native ddG; complete gzip JSONL outputs",discovery_worker,False,ooff,8,20.900603304000015,0,benchmarks/ddg/iterations/20260908-full-scn2a-paired-direct/result.json
20260908-full-scn2a-paired-direct,8,"EC2 m7i.2xlarge, 8 hardware threads, 32 GiB, output gp3 500 MiB/s",114889,,,,,"All repeat-filtered SCN2A gene-body 20mers; all other-gene intervals k<=3 across full human RNA reference, native ddG; complete gzip JSONL outputs",ddg_worker,False,ooff,8,91.29910513200002,0,benchmarks/ddg/iterations/20260908-full-scn2a-paired-direct/result.json
20260908-full-scn2a-paired-direct,8,"EC2 m7i.2xlarge, 8 hardware threads, 32 GiB, output gp3 500 MiB/s",114889,,,,,"All repeat-filtered SCN2A gene-body 20mers; all other-gene intervals k<=3 across full human RNA reference, native ddG; complete gzip JSONL outputs",archive_worker,False,ooff,8,24.23190145799998,0,benchmarks/ddg/iterations/20260908-full-scn2a-paired-direct/result.json
20260908-full-scn2a-paired-direct,8,"EC2 m7i.2xlarge, 8 hardware threads, 32 GiB, output gp3 500 MiB/s",114889,,,,,"All repeat-filtered SCN2A gene-body 20mers; all other-gene intervals k<=3 across full human RNA reference, native ddG; complete gzip JSONL outputs",discovery_worker,False,ooff,10,23.159025977,0,benchmarks/ddg/iterations/20260908-full-scn2a-paired-direct/result.json
20260908-full-scn2a-paired-direct,8,"EC2 m7i.2xlarge, 8 hardware threads, 32 GiB, output gp3 500 MiB/s",114889,,,,,"All repeat-filtered SCN2A gene-body 20mers; all other-gene intervals k<=3 across full human RNA reference, native ddG; complete gzip JSONL outputs",ddg_worker,False,ooff,10,51.86228686200002,0,benchmarks/ddg/iterations/20260908-full-scn2a-paired-direct/result.json
20260908-full-scn2a-paired-direct,8,"EC2 m7i.2xlarge, 8 hardware threads, 32 GiB, output gp3 500 MiB/s",114889,,,,,"All repeat-filtered SCN2A gene-body 20mers; all other-gene intervals k<=3 across full human RNA reference, native ddG; complete gzip JSONL outputs",archive_worker,False,ooff,10,11.133647997000025,0,benchmarks/ddg/iterations/20260908-full-scn2a-paired-direct/result.json
20260908-full-scn2a-paired-direct,8,"EC2 m7i.2xlarge, 8 hardware threads, 32 GiB, output gp3 500 MiB/s",114889,,,,,"All repeat-filtered SCN2A gene-body 20mers; all other-gene intervals k<=3 across full human RNA reference, native ddG; complete gzip JSONL outputs",discovery_worker,False,ooff,12,18.64585458900001,0,benchmarks/ddg/iterations/20260908-full-scn2a-paired-direct/result.json
20260908-full-scn2a-paired-direct,8,"EC2 m7i.2xlarge, 8 hardware threads, 32 GiB, output gp3 500 MiB/s",114889,,,,,"All repeat-filtered SCN2A gene-body 20mers; all other-gene intervals k<=3 across full human RNA reference, native ddG; complete gzip JSONL outputs",ddg_worker,False,ooff,12,41.099464393999995,0,benchmarks/ddg/iterations/20260908-full-scn2a-paired-direct/result.json
20260908-full-scn2a-paired-direct,8,"EC2 m7i.2xlarge, 8 hardware threads, 32 GiB, output gp3 500 MiB/s",114889,,,,,"All repeat-filtered SCN2A gene-body 20mers; all other-gene intervals k<=3 across full human RNA reference, native ddG; complete gzip JSONL outputs",archive_worker,False,ooff,12,11.361684092000019,0,benchmarks/ddg/iterations/20260908-full-scn2a-paired-direct/result.json
20260908-full-scn2a-paired-direct,8,"EC2 m7i.2xlarge, 8 hardware threads, 32 GiB, output gp3 500 MiB/s",114889,,,,,"All repeat-filtered SCN2A gene-body 20mers; all other-gene intervals k<=3 across full human RNA reference, native ddG; complete gzip JSONL outputs",discovery_worker,False,ooff,11,27.165914798000017,0,benchmarks/ddg/iterations/20260908-full-scn2a-paired-direct/result.json
20260908-full-scn2a-paired-direct,8,"EC2 m7i.2xlarge, 8 hardware threads, 32 GiB, output gp3 500 MiB/s",114889,,,,,"All repeat-filtered SCN2A gene-body 20mers; all other-gene intervals k<=3 across full human RNA reference, native ddG; complete gzip JSONL outputs",ddg_worker,False,ooff,11,51.93765054900001,0,benchmarks/ddg/iterations/20260908-full-scn2a-paired-direct/result.json
20260908-full-scn2a-paired-direct,8,"EC2 m7i.2xlarge, 8 hardware threads, 32 GiB, output gp3 500 MiB/s",114889,,,,,"All repeat-filtered SCN2A gene-body 20mers; all other-gene intervals k<=3 across full human RNA reference, native ddG; complete gzip JSONL outputs",archive_worker,False,ooff,11,25.56581024299993,0,benchmarks/ddg/iterations/20260908-full-scn2a-paired-direct/result.json
20260908-full-scn2a-paired-direct,8,"EC2 m7i.2xlarge, 8 hardware threads, 32 GiB, output gp3 500 MiB/s",114889,,,,,"All repeat-filtered SCN2A gene-body 20mers; all other-gene intervals k<=3 across full human RNA reference, native ddG; complete gzip JSONL outputs",discovery_worker,False,ooff,17,25.104676324999957,0,benchmarks/ddg/iterations/20260908-full-scn2a-paired-direct/result.json
20260908-full-scn2a-paired-direct,8,"EC2 m7i.2xlarge, 8 hardware threads, 32 GiB, output gp3 500 MiB/s",114889,,,,,"All repeat-filtered SCN2A gene-body 20mers; all other-gene intervals k<=3 across full human RNA reference, native ddG; complete gzip JSONL outputs",ddg_worker,False,ooff,17,44.212361052999995,0,benchmarks/ddg/iterations/20260908-full-scn2a-paired-direct/result.json
20260908-full-scn2a-paired-direct,8,"EC2 m7i.2xlarge, 8 hardware threads, 32 GiB, output gp3 500 MiB/s",114889,,,,,"All repeat-filtered SCN2A gene-body 20mers; all other-gene intervals k<=3 across full human RNA reference, native ddG; complete gzip JSONL outputs",archive_worker,False,ooff,17,27.343937267,0,benchmarks/ddg/iterations/20260908-full-scn2a-paired-direct/result.json
20260908-full-scn2a-paired-direct,8,"EC2 m7i.2xlarge, 8 hardware threads, 32 GiB, output gp3 500 MiB/s",114889,,,,,"All repeat-filtered SCN2A gene-body 20mers; all other-gene intervals k<=3 across full human RNA reference, native ddG; complete gzip JSONL outputs",discovery_worker,False,ooff,19,23.155061602000046,0,benchmarks/ddg/iterations/20260908-full-scn2a-paired-direct/result.json
20260908-full-scn2a-paired-direct,8,"EC2 m7i.2xlarge, 8 hardware threads, 32 GiB, output gp3 500 MiB/s",114889,,,,,"All repeat-filtered SCN2A gene-body 20mers; all other-gene intervals k<=3 across full human RNA reference, native ddG; complete gzip JSONL outputs",ddg_worker,False,ooff,19,54.933649478999996,0,benchmarks/ddg/iterations/20260908-full-scn2a-paired-direct/result.json
20260908-full-scn2a-paired-direct,8,"EC2 m7i.2xlarge, 8 hardware threads, 32 GiB, output gp3 500 MiB/s",114889,,,,,"All repeat-filtered SCN2A gene-body 20mers; all other-gene intervals k<=3 across full human RNA reference, native ddG; complete gzip JSONL outputs",archive_worker,False,ooff,19,20.07781541899999,0,benchmarks/ddg/iterations/20260908-full-scn2a-paired-direct/result.json
20260908-full-scn2a-paired-direct,8,"EC2 m7i.2xlarge, 8 hardware threads, 32 GiB, output gp3 500 MiB/s",114889,,,,,"All repeat-filtered SCN2A gene-body 20mers; all other-gene intervals k<=3 across full human RNA reference, native ddG; complete gzip JSONL outputs",discovery_worker,False,ooff,15,25.98490123900001,0,benchmarks/ddg/iterations/20260908-full-scn2a-paired-direct/result.json
20260908-full-scn2a-paired-direct,8,"EC2 m7i.2xlarge, 8 hardware threads, 32 GiB, output gp3 500 MiB/s",114889,,,,,"All repeat-filtered SCN2A gene-body 20mers; all other-gene intervals k<=3 across full human RNA reference, native ddG; complete gzip JSONL outputs",ddg_worker,False,ooff,15,82.24284352299998,0,benchmarks/ddg/iterations/20260908-full-scn2a-paired-direct/result.json
20260908-full-scn2a-paired-direct,8,"EC2 m7i.2xlarge, 8 hardware threads, 32 GiB, output gp3 500 MiB/s",114889,,,,,"All repeat-filtered SCN2A gene-body 20mers; all other-gene intervals k<=3 across full human RNA reference, native ddG; complete gzip JSONL outputs",archive_worker,False,ooff,15,45.74379455399992,0,benchmarks/ddg/iterations/20260908-full-scn2a-paired-direct/result.json
20260908-full-scn2a-paired-direct,8,"EC2 m7i.2xlarge, 8 hardware threads, 32 GiB, output gp3 500 MiB/s",114889,,,,,"All repeat-filtered SCN2A gene-body 20mers; all other-gene intervals k<=3 across full human RNA reference, native ddG; complete gzip JSONL outputs",discovery_worker,False,ooff,14,27.843709416000024,0,benchmarks/ddg/iterations/20260908-full-scn2a-paired-direct/result.json
20260908-full-scn2a-paired-direct,8,"EC2 m7i.2xlarge, 8 hardware threads, 32 GiB, output gp3 500 MiB/s",114889,,,,,"All repeat-filtered SCN2A gene-body 20mers; all other-gene intervals k<=3 across full human RNA reference, native ddG; complete gzip JSONL outputs",ddg_worker,False,ooff,14,93.99890612800004,0,benchmarks/ddg/iterations/20260908-full-scn2a-paired-direct/result.json
20260908-full-scn2a-paired-direct,8,"EC2 m7i.2xlarge, 8 hardware threads, 32 GiB, output gp3 500 MiB/s",114889,,,,,"All repeat-filtered SCN2A gene-body 20mers; all other-gene intervals k<=3 across full human RNA reference, native ddG; complete gzip JSONL outputs",archive_worker,False,ooff,14,57.11443420299997,0,benchmarks/ddg/iterations/20260908-full-scn2a-paired-direct/result.json
20260908-full-scn2a-paired-direct,8,"EC2 m7i.2xlarge, 8 hardware threads, 32 GiB, output gp3 500 MiB/s",114889,,,,,"All repeat-filtered SCN2A gene-body 20mers; all other-gene intervals k<=3 across full human RNA reference, native ddG; complete gzip JSONL outputs",discovery_worker,False,ooff,18,29.970449160000044,0,benchmarks/ddg/iterations/20260908-full-scn2a-paired-direct/result.json
20260908-full-scn2a-paired-direct,8,"EC2 m7i.2xlarge, 8 hardware threads, 32 GiB, output gp3 500 MiB/s",114889,,,,,"All repeat-filtered SCN2A gene-body 20mers; all other-gene intervals k<=3 across full human RNA reference, native ddG; complete gzip JSONL outputs",ddg_worker,False,ooff,18,91.14448145599994,0,benchmarks/ddg/iterations/20260908-full-scn2a-paired-direct/result.json
20260908-full-scn2a-paired-direct,8,"EC2 m7i.2xlarge, 8 hardware threads, 32 GiB, output gp3 500 MiB/s",114889,,,,,"All repeat-filtered SCN2A gene-body 20mers; all other-gene intervals k<=3 across full human RNA reference, native ddG; complete gzip JSONL outputs",archive_worker,False,ooff,18,38.428533953000056,0,benchmarks/ddg/iterations/20260908-full-scn2a-paired-direct/result.json
20260908-full-scn2a-paired-direct,8,"EC2 m7i.2xlarge, 8 hardware threads, 32 GiB, output gp3 500 MiB/s",114889,,,,,"All repeat-filtered SCN2A gene-body 20mers; all other-gene intervals k<=3 across full human RNA reference, native ddG; complete gzip JSONL outputs",discovery_worker,False,ooff,13,31.66177516199997,0,benchmarks/ddg/iterations/20260908-full-scn2a-paired-direct/result.json
20260908-full-scn2a-paired-direct,8,"EC2 m7i.2xlarge, 8 hardware threads, 32 GiB, output gp3 500 MiB/s",114889,,,,,"All repeat-filtered SCN2A gene-body 20mers; all other-gene intervals k<=3 across full human RNA reference, native ddG; complete gzip JSONL outputs",ddg_worker,False,ooff,13,111.986077163,0,benchmarks/ddg/iterations/20260908-full-scn2a-paired-direct/result.json
20260908-full-scn2a-paired-direct,8,"EC2 m7i.2xlarge, 8 hardware threads, 32 GiB, output gp3 500 MiB/s",114889,,,,,"All repeat-filtered SCN2A gene-body 20mers; all other-gene intervals k<=3 across full human RNA reference, native ddG; complete gzip JSONL outputs",archive_worker,False,ooff,13,71.236833381,0,benchmarks/ddg/iterations/20260908-full-scn2a-paired-direct/result.json
20260908-full-scn2a-paired-direct,8,"EC2 m7i.2xlarge, 8 hardware threads, 32 GiB, output gp3 500 MiB/s",114889,,,,,"All repeat-filtered SCN2A gene-body 20mers; all other-gene intervals k<=3 across full human RNA reference, native ddG; complete gzip JSONL outputs",discovery_worker,False,ooff,21,26.06473757099991,0,benchmarks/ddg/iterations/20260908-full-scn2a-paired-direct/result.json
20260908-full-scn2a-paired-direct,8,"EC2 m7i.2xlarge, 8 hardware threads, 32 GiB, output gp3 500 MiB/s",114889,,,,,"All repeat-filtered SCN2A gene-body 20mers; all other-gene intervals k<=3 across full human RNA reference, native ddG; complete gzip JSONL outputs",ddg_worker,False,ooff,21,61.218697372000065,0,benchmarks/ddg/iterations/20260908-full-scn2a-paired-direct/result.json
20260908-full-scn2a-paired-direct,8,"EC2 m7i.2xlarge, 8 hardware threads, 32 GiB, output gp3 500 MiB/s",114889,,,,,"All repeat-filtered SCN2A gene-body 20mers; all other-gene intervals k<=3 across full human RNA reference, native ddG; complete gzip JSONL outputs",archive_worker,False,ooff,21,32.272326389,0,benchmarks/ddg/iterations/20260908-full-scn2a-paired-direct/result.json
20260908-full-scn2a-paired-direct,8,"EC2 m7i.2xlarge, 8 hardware threads, 32 GiB, output gp3 500 MiB/s",114889,,,,,"All repeat-filtered SCN2A gene-body 20mers; all other-gene intervals k<=3 across full human RNA reference, native ddG; complete gzip JSONL outputs",discovery_worker,False,ooff,20,23.127156912999908,0,benchmarks/ddg/iterations/20260908-full-scn2a-paired-direct/result.json
20260908-full-scn2a-paired-direct,8,"EC2 m7i.2xlarge, 8 hardware threads, 32 GiB, output gp3 500 MiB/s",114889,,,,,"All repeat-filtered SCN2A gene-body 20mers; all other-gene intervals k<=3 across full human RNA reference, native ddG; complete gzip JSONL outputs",ddg_worker,False,ooff,20,107.73409554099999,0,benchmarks/ddg/iterations/20260908-full-scn2a-paired-direct/result.json
20260908-full-scn2a-paired-direct,8,"EC2 m7i.2xlarge, 8 hardware threads, 32 GiB, output gp3 500 MiB/s",114889,,,,,"All repeat-filtered SCN2A gene-body 20mers; all other-gene intervals k<=3 across full human RNA reference, native ddG; complete gzip JSONL outputs",archive_worker,False,ooff,20,44.266879878000054,0,benchmarks/ddg/iterations/20260908-full-scn2a-paired-direct/result.json
20260908-full-scn2a-paired-direct,8,"EC2 m7i.2xlarge, 8 hardware threads, 32 GiB, output gp3 500 MiB/s",114889,,,,,"All repeat-filtered SCN2A gene-body 20mers; all other-gene intervals k<=3 across full human RNA reference, native ddG; complete gzip JSONL outputs",discovery_worker,False,ooff,16,34.51852858500001,0,benchmarks/ddg/iterations/20260908-full-scn2a-paired-direct/result.json
20260908-full-scn2a-paired-direct,8,"EC2 m7i.2xlarge, 8 hardware threads, 32 GiB, output gp3 500 MiB/s",114889,,,,,"All repeat-filtered SCN2A gene-body 20mers; all other-gene intervals k<=3 across full human RNA reference, native ddG; complete gzip JSONL outputs",ddg_worker,False,ooff,16,145.68959133500005,0,benchmarks/ddg/iterations/20260908-full-scn2a-paired-direct/result.json
20260908-full-scn2a-paired-direct,8,"EC2 m7i.2xlarge, 8 hardware threads, 32 GiB, output gp3 500 MiB/s",114889,,,,,"All repeat-filtered SCN2A gene-body 20mers; all other-gene intervals k<=3 across full human RNA reference, native ddG; complete gzip JSONL outputs",archive_worker,False,ooff,16,62.045789211000056,0,benchmarks/ddg/iterations/20260908-full-scn2a-paired-direct/result.json
20260908-full-scn2a-paired-direct,8,"EC2 m7i.2xlarge, 8 hardware threads, 32 GiB, output gp3 500 MiB/s",114889,,,,,"All repeat-filtered SCN2A gene-body 20mers; all other-gene intervals k<=3 across full human RNA reference, native ddG; complete gzip JSONL outputs",discovery_worker,False,ooff,26,18.957757775999994,0,benchmarks/ddg/iterations/20260908-full-scn2a-paired-direct/result.json
20260908-full-scn2a-paired-direct,8,"EC2 m7i.2xlarge, 8 hardware threads, 32 GiB, output gp3 500 MiB/s",114889,,,,,"All repeat-filtered SCN2A gene-body 20mers; all other-gene intervals k<=3 across full human RNA reference, native ddG; complete gzip JSONL outputs",ddg_worker,False,ooff,26,63.693066242999976,0,benchmarks/ddg/iterations/20260908-full-scn2a-paired-direct/result.json
20260908-full-scn2a-paired-direct,8,"EC2 m7i.2xlarge, 8 hardware threads, 32 GiB, output gp3 500 MiB/s",114889,,,,,"All repeat-filtered SCN2A gene-body 20mers; all other-gene intervals k<=3 across full human RNA reference, native ddG; complete gzip JSONL outputs",archive_worker,False,ooff,26,22.925185793999958,0,benchmarks/ddg/iterations/20260908-full-scn2a-paired-direct/result.json
20260908-full-scn2a-paired-direct,8,"EC2 m7i.2xlarge, 8 hardware threads, 32 GiB, output gp3 500 MiB/s",114889,,,,,"All repeat-filtered SCN2A gene-body 20mers; all other-gene intervals k<=3 across full human RNA reference, native ddG; complete gzip JSONL outputs",discovery_worker,False,ooff,23,25.21347892999995,0,benchmarks/ddg/iterations/20260908-full-scn2a-paired-direct/result.json
20260908-full-scn2a-paired-direct,8,"EC2 m7i.2xlarge, 8 hardware threads, 32 GiB, output gp3 500 MiB/s",114889,,,,,"All repeat-filtered SCN2A gene-body 20mers; all other-gene intervals k<=3 across full human RNA reference, native ddG; complete gzip JSONL outputs",ddg_worker,False,ooff,23,88.308746789,0,benchmarks/ddg/iterations/20260908-full-scn2a-paired-direct/result.json
20260908-full-scn2a-paired-direct,8,"EC2 m7i.2xlarge, 8 hardware threads, 32 GiB, output gp3 500 MiB/s",114889,,,,,"All repeat-filtered SCN2A gene-body 20mers; all other-gene intervals k<=3 across full human RNA reference, native ddG; complete gzip JSONL outputs",archive_worker,False,ooff,23,44.40744626100002,0,benchmarks/ddg/iterations/20260908-full-scn2a-paired-direct/result.json
20260908-full-scn2a-paired-direct,8,"EC2 m7i.2xlarge, 8 hardware threads, 32 GiB, output gp3 500 MiB/s",114889,,,,,"All repeat-filtered SCN2A gene-body 20mers; all other-gene intervals k<=3 across full human RNA reference, native ddG; complete gzip JSONL outputs",discovery_worker,False,ooff,24,21.760732093,0,benchmarks/ddg/iterations/20260908-full-scn2a-paired-direct/result.json
20260908-full-scn2a-paired-direct,8,"EC2 m7i.2xlarge, 8 hardware threads, 32 GiB, output gp3 500 MiB/s",114889,,,,,"All repeat-filtered SCN2A gene-body 20mers; all other-gene intervals k<=3 across full human RNA reference, native ddG; complete gzip JSONL outputs",ddg_worker,False,ooff,24,94.11202471000001,0,benchmarks/ddg/iterations/20260908-full-scn2a-paired-direct/result.json
20260908-full-scn2a-paired-direct,8,"EC2 m7i.2xlarge, 8 hardware threads, 32 GiB, output gp3 500 MiB/s",114889,,,,,"All repeat-filtered SCN2A gene-body 20mers; all other-gene intervals k<=3 across full human RNA reference, native ddG; complete gzip JSONL outputs",archive_worker,False,ooff,24,42.44872048600007,0,benchmarks/ddg/iterations/20260908-full-scn2a-paired-direct/result.json
20260908-full-scn2a-paired-direct,8,"EC2 m7i.2xlarge, 8 hardware threads, 32 GiB, output gp3 500 MiB/s",114889,,,,,"All repeat-filtered SCN2A gene-body 20mers; all other-gene intervals k<=3 across full human RNA reference, native ddG; complete gzip JSONL outputs",discovery_worker,False,ooff,25,24.369175092999967,0,benchmarks/ddg/iterations/20260908-full-scn2a-paired-direct/result.json
20260908-full-scn2a-paired-direct,8,"EC2 m7i.2xlarge, 8 hardware threads, 32 GiB, output gp3 500 MiB/s",114889,,,,,"All repeat-filtered SCN2A gene-body 20mers; all other-gene intervals k<=3 across full human RNA reference, native ddG; complete gzip JSONL outputs",ddg_worker,False,ooff,25,89.98151080800005,0,benchmarks/ddg/iterations/20260908-full-scn2a-paired-direct/result.json
20260908-full-scn2a-paired-direct,8,"EC2 m7i.2xlarge, 8 hardware threads, 32 GiB, output gp3 500 MiB/s",114889,,,,,"All repeat-filtered SCN2A gene-body 20mers; all other-gene intervals k<=3 across full human RNA reference, native ddG; complete gzip JSONL outputs",archive_worker,False,ooff,25,41.15213362299994,0,benchmarks/ddg/iterations/20260908-full-scn2a-paired-direct/result.json
20260908-full-scn2a-paired-direct,8,"EC2 m7i.2xlarge, 8 hardware threads, 32 GiB, output gp3 500 MiB/s",114889,,,,,"All repeat-filtered SCN2A gene-body 20mers; all other-gene intervals k<=3 across full human RNA reference, native ddG; complete gzip JSONL outputs",discovery_worker,False,ooff,22,33.18168665900009,0,benchmarks/ddg/iterations/20260908-full-scn2a-paired-direct/result.json
20260908-full-scn2a-paired-direct,8,"EC2 m7i.2xlarge, 8 hardware threads, 32 GiB, output gp3 500 MiB/s",114889,,,,,"All repeat-filtered SCN2A gene-body 20mers; all other-gene intervals k<=3 across full human RNA reference, native ddG; complete gzip JSONL outputs",ddg_worker,False,ooff,22,104.88139133799996,0,benchmarks/ddg/iterations/20260908-full-scn2a-paired-direct/result.json
20260908-full-scn2a-paired-direct,8,"EC2 m7i.2xlarge, 8 hardware threads, 32 GiB, output gp3 500 MiB/s",114889,,,,,"All repeat-filtered SCN2A gene-body 20mers; all other-gene intervals k<=3 across full human RNA reference, native ddG; complete gzip JSONL outputs",archive_worker,False,ooff,22,59.86777368000003,0,benchmarks/ddg/iterations/20260908-full-scn2a-paired-direct/result.json
20260908-full-scn2a-paired-direct,8,"EC2 m7i.2xlarge, 8 hardware threads, 32 GiB, output gp3 500 MiB/s",114889,,,,,"All repeat-filtered SCN2A gene-body 20mers; all other-gene intervals k<=3 across full human RNA reference, native ddG; complete gzip JSONL outputs",discovery_worker,False,ooff,29,17.650859822999905,0,benchmarks/ddg/iterations/20260908-full-scn2a-paired-direct/result.json
20260908-full-scn2a-paired-direct,8,"EC2 m7i.2xlarge, 8 hardware threads, 32 GiB, output gp3 500 MiB/s",114889,,,,,"All repeat-filtered SCN2A gene-body 20mers; all other-gene intervals k<=3 across full human RNA reference, native ddG; complete gzip JSONL outputs",ddg_worker,False,ooff,29,68.47038722100001,0,benchmarks/ddg/iterations/20260908-full-scn2a-paired-direct/result.json
20260908-full-scn2a-paired-direct,8,"EC2 m7i.2xlarge, 8 hardware threads, 32 GiB, output gp3 500 MiB/s",114889,,,,,"All repeat-filtered SCN2A gene-body 20mers; all other-gene intervals k<=3 across full human RNA reference, native ddG; complete gzip JSONL outputs",archive_worker,False,ooff,29,15.653193139999985,0,benchmarks/ddg/iterations/20260908-full-scn2a-paired-direct/result.json
20260908-full-scn2a-paired-direct,8,"EC2 m7i.2xlarge, 8 hardware threads, 32 GiB, output gp3 500 MiB/s",114889,,,,,"All repeat-filtered SCN2A gene-body 20mers; all other-gene intervals k<=3 across full human RNA reference, native ddG; complete gzip JSONL outputs",discovery_worker,False,ooff,28,19.298901666999996,0,benchmarks/ddg/iterations/20260908-full-scn2a-paired-direct/result.json
20260908-full-scn2a-paired-direct,8,"EC2 m7i.2xlarge, 8 hardware threads, 32 GiB, output gp3 500 MiB/s",114889,,,,,"All repeat-filtered SCN2A gene-body 20mers; all other-gene intervals k<=3 across full human RNA reference, native ddG; complete gzip JSONL outputs",ddg_worker,False,ooff,28,75.929794636,0,benchmarks/ddg/iterations/20260908-full-scn2a-paired-direct/result.json
20260908-full-scn2a-paired-direct,8,"EC2 m7i.2xlarge, 8 hardware threads, 32 GiB, output gp3 500 MiB/s",114889,,,,,"All repeat-filtered SCN2A gene-body 20mers; all other-gene intervals k<=3 across full human RNA reference, native ddG; complete gzip JSONL outputs",archive_worker,False,ooff,28,21.497878446999948,0,benchmarks/ddg/iterations/20260908-full-scn2a-paired-direct/result.json
20260908-full-scn2a-paired-direct,8,"EC2 m7i.2xlarge, 8 hardware threads, 32 GiB, output gp3 500 MiB/s",114889,,,,,"All repeat-filtered SCN2A gene-body 20mers; all other-gene intervals k<=3 across full human RNA reference, native ddG; complete gzip JSONL outputs",discovery_worker,False,ooff,27,23.90682882200008,0,benchmarks/ddg/iterations/20260908-full-scn2a-paired-direct/result.json
20260908-full-scn2a-paired-direct,8,"EC2 m7i.2xlarge, 8 hardware threads, 32 GiB, output gp3 500 MiB/s",114889,,,,,"All repeat-filtered SCN2A gene-body 20mers; all other-gene intervals k<=3 across full human RNA reference, native ddG; complete gzip JSONL outputs",ddg_worker,False,ooff,27,89.2712031530001,0,benchmarks/ddg/iterations/20260908-full-scn2a-paired-direct/result.json
20260908-full-scn2a-paired-direct,8,"EC2 m7i.2xlarge, 8 hardware threads, 32 GiB, output gp3 500 MiB/s",114889,,,,,"All repeat-filtered SCN2A gene-body 20mers; all other-gene intervals k<=3 across full human RNA reference, native ddG; complete gzip JSONL outputs",archive_worker,False,ooff,27,23.937717880000037,0,benchmarks/ddg/iterations/20260908-full-scn2a-paired-direct/result.json
20260908-full-scn2a-paired-direct,8,"EC2 m7i.2xlarge, 8 hardware threads, 32 GiB, output gp3 500 MiB/s",114889,,,,,"All repeat-filtered SCN2A gene-body 20mers; all other-gene intervals k<=3 across full human RNA reference, native ddG; complete gzip JSONL outputs",discovery_worker,False,ooff,30,24.47904804299992,0,benchmarks/ddg/iterations/20260908-full-scn2a-paired-direct/result.json
20260908-full-scn2a-paired-direct,8,"EC2 m7i.2xlarge, 8 hardware threads, 32 GiB, output gp3 500 MiB/s",114889,,,,,"All repeat-filtered SCN2A gene-body 20mers; all other-gene intervals k<=3 across full human RNA reference, native ddG; complete gzip JSONL outputs",ddg_worker,False,ooff,30,46.775337680999996,0,benchmarks/ddg/iterations/20260908-full-scn2a-paired-direct/result.json
20260908-full-scn2a-paired-direct,8,"EC2 m7i.2xlarge, 8 hardware threads, 32 GiB, output gp3 500 MiB/s",114889,,,,,"All repeat-filtered SCN2A gene-body 20mers; all other-gene intervals k<=3 across full human RNA reference, native ddG; complete gzip JSONL outputs",archive_worker,False,ooff,30,14.267599200999939,0,benchmarks/ddg/iterations/20260908-full-scn2a-paired-direct/result.json
20260908-full-scn2a-paired-direct,8,"EC2 m7i.2xlarge, 8 hardware threads, 32 GiB, output gp3 500 MiB/s",114889,,,,,"All repeat-filtered SCN2A gene-body 20mers; all other-gene intervals k<=3 across full human RNA reference, native ddG; complete gzip JSONL outputs",discovery_worker,False,ooff,33,18.443272833000037,0,benchmarks/ddg/iterations/20260908-full-scn2a-paired-direct/result.json
20260908-full-scn2a-paired-direct,8,"EC2 m7i.2xlarge, 8 hardware threads, 32 GiB, output gp3 500 MiB/s",114889,,,,,"All repeat-filtered SCN2A gene-body 20mers; all other-gene intervals k<=3 across full human RNA reference, native ddG; complete gzip JSONL outputs",ddg_worker,False,ooff,33,40.609345117999965,0,benchmarks/ddg/iterations/20260908-full-scn2a-paired-direct/result.json
20260908-full-scn2a-paired-direct,8,"EC2 m7i.2xlarge, 8 hardware threads, 32 GiB, output gp3 500 MiB/s",114889,,,,,"All repeat-filtered SCN2A gene-body 20mers; all other-gene intervals k<=3 across full human RNA reference, native ddG; complete gzip JSONL outputs",archive_worker,False,ooff,33,15.367510474000028,0,benchmarks/ddg/iterations/20260908-full-scn2a-paired-direct/result.json
20260908-full-scn2a-paired-direct,8,"EC2 m7i.2xlarge, 8 hardware threads, 32 GiB, output gp3 500 MiB/s",114889,,,,,"All repeat-filtered SCN2A gene-body 20mers; all other-gene intervals k<=3 across full human RNA reference, native ddG; complete gzip JSONL outputs",discovery_worker,False,ooff,32,25.54776635799999,0,benchmarks/ddg/iterations/20260908-full-scn2a-paired-direct/result.json
20260908-full-scn2a-paired-direct,8,"EC2 m7i.2xlarge, 8 hardware threads, 32 GiB, output gp3 500 MiB/s",114889,,,,,"All repeat-filtered SCN2A gene-body 20mers; all other-gene intervals k<=3 across full human RNA reference, native ddG; complete gzip JSONL outputs",ddg_worker,False,ooff,32,55.96759896100002,0,benchmarks/ddg/iterations/20260908-full-scn2a-paired-direct/result.json
20260908-full-scn2a-paired-direct,8,"EC2 m7i.2xlarge, 8 hardware threads, 32 GiB, output gp3 500 MiB/s",114889,,,,,"All repeat-filtered SCN2A gene-body 20mers; all other-gene intervals k<=3 across full human RNA reference, native ddG; complete gzip JSONL outputs",archive_worker,False,ooff,32,41.608405899000104,0,benchmarks/ddg/iterations/20260908-full-scn2a-paired-direct/result.json
20260908-full-scn2a-paired-direct,8,"EC2 m7i.2xlarge, 8 hardware threads, 32 GiB, output gp3 500 MiB/s",114889,,,,,"All repeat-filtered SCN2A gene-body 20mers; all other-gene intervals k<=3 across full human RNA reference, native ddG; complete gzip JSONL outputs",discovery_worker,False,ooff,31,34.76921392899999,0,benchmarks/ddg/iterations/20260908-full-scn2a-paired-direct/result.json
20260908-full-scn2a-paired-direct,8,"EC2 m7i.2xlarge, 8 hardware threads, 32 GiB, output gp3 500 MiB/s",114889,,,,,"All repeat-filtered SCN2A gene-body 20mers; all other-gene intervals k<=3 across full human RNA reference, native ddG; complete gzip JSONL outputs",ddg_worker,False,ooff,31,70.17270812600009,0,benchmarks/ddg/iterations/20260908-full-scn2a-paired-direct/result.json
20260908-full-scn2a-paired-direct,8,"EC2 m7i.2xlarge, 8 hardware threads, 32 GiB, output gp3 500 MiB/s",114889,,,,,"All repeat-filtered SCN2A gene-body 20mers; all other-gene intervals k<=3 across full human RNA reference, native ddG; complete gzip JSONL outputs",archive_worker,False,ooff,31,50.06860887000005,0,benchmarks/ddg/iterations/20260908-full-scn2a-paired-direct/result.json
20260908-full-scn2a-paired-direct,8,"EC2 m7i.2xlarge, 8 hardware threads, 32 GiB, output gp3 500 MiB/s",114889,,,,,"All repeat-filtered SCN2A gene-body 20mers; all other-gene intervals k<=3 across full human RNA reference, native ddG; complete gzip JSONL outputs",discovery_worker,False,ooff,36,25.076091204000022,0,benchmarks/ddg/iterations/20260908-full-scn2a-paired-direct/result.json
20260908-full-scn2a-paired-direct,8,"EC2 m7i.2xlarge, 8 hardware threads, 32 GiB, output gp3 500 MiB/s",114889,,,,,"All repeat-filtered SCN2A gene-body 20mers; all other-gene intervals k<=3 across full human RNA reference, native ddG; complete gzip JSONL outputs",ddg_worker,False,ooff,36,68.06978222700002,0,benchmarks/ddg/iterations/20260908-full-scn2a-paired-direct/result.json
20260908-full-scn2a-paired-direct,8,"EC2 m7i.2xlarge, 8 hardware threads, 32 GiB, output gp3 500 MiB/s",114889,,,,,"All repeat-filtered SCN2A gene-body 20mers; all other-gene intervals k<=3 across full human RNA reference, native ddG; complete gzip JSONL outputs",archive_worker,False,ooff,36,36.14270347499996,0,benchmarks/ddg/iterations/20260908-full-scn2a-paired-direct/result.json
20260908-full-scn2a-paired-direct,8,"EC2 m7i.2xlarge, 8 hardware threads, 32 GiB, output gp3 500 MiB/s",114889,,,,,"All repeat-filtered SCN2A gene-body 20mers; all other-gene intervals k<=3 across full human RNA reference, native ddG; complete gzip JSONL outputs",discovery_worker,False,ooff,38,22.303218629999947,0,benchmarks/ddg/iterations/20260908-full-scn2a-paired-direct/result.json
20260908-full-scn2a-paired-direct,8,"EC2 m7i.2xlarge, 8 hardware threads, 32 GiB, output gp3 500 MiB/s",114889,,,,,"All repeat-filtered SCN2A gene-body 20mers; all other-gene intervals k<=3 across full human RNA reference, native ddG; complete gzip JSONL outputs",ddg_worker,False,ooff,38,63.02936213399994,0,benchmarks/ddg/iterations/20260908-full-scn2a-paired-direct/result.json
20260908-full-scn2a-paired-direct,8,"EC2 m7i.2xlarge, 8 hardware threads, 32 GiB, output gp3 500 MiB/s",114889,,,,,"All repeat-filtered SCN2A gene-body 20mers; all other-gene intervals k<=3 across full human RNA reference, native ddG; complete gzip JSONL outputs",archive_worker,False,ooff,38,31.37683438099998,0,benchmarks/ddg/iterations/20260908-full-scn2a-paired-direct/result.json
20260908-full-scn2a-paired-direct,8,"EC2 m7i.2xlarge, 8 hardware threads, 32 GiB, output gp3 500 MiB/s",114889,,,,,"All repeat-filtered SCN2A gene-body 20mers; all other-gene intervals k<=3 across full human RNA reference, native ddG; complete gzip JSONL outputs",discovery_worker,False,ooff,34,32.01490033899995,0,benchmarks/ddg/iterations/20260908-full-scn2a-paired-direct/result.json
20260908-full-scn2a-paired-direct,8,"EC2 m7i.2xlarge, 8 hardware threads, 32 GiB, output gp3 500 MiB/s",114889,,,,,"All repeat-filtered SCN2A gene-body 20mers; all other-gene intervals k<=3 across full human RNA reference, native ddG; complete gzip JSONL outputs",ddg_worker,False,ooff,34,102.80895450900005,0,benchmarks/ddg/iterations/20260908-full-scn2a-paired-direct/result.json
20260908-full-scn2a-paired-direct,8,"EC2 m7i.2xlarge, 8 hardware threads, 32 GiB, output gp3 500 MiB/s",114889,,,,,"All repeat-filtered SCN2A gene-body 20mers; all other-gene intervals k<=3 across full human RNA reference, native ddG; complete gzip JSONL outputs",archive_worker,False,ooff,34,59.49981598599993,0,benchmarks/ddg/iterations/20260908-full-scn2a-paired-direct/result.json
20260908-full-scn2a-paired-direct,8,"EC2 m7i.2xlarge, 8 hardware threads, 32 GiB, output gp3 500 MiB/s",114889,,,,,"All repeat-filtered SCN2A gene-body 20mers; all other-gene intervals k<=3 across full human RNA reference, native ddG; complete gzip JSONL outputs",discovery_worker,False,ooff,37,29.163583070000072,0,benchmarks/ddg/iterations/20260908-full-scn2a-paired-direct/result.json
20260908-full-scn2a-paired-direct,8,"EC2 m7i.2xlarge, 8 hardware threads, 32 GiB, output gp3 500 MiB/s",114889,,,,,"All repeat-filtered SCN2A gene-body 20mers; all other-gene intervals k<=3 across full human RNA reference, native ddG; complete gzip JSONL outputs",ddg_worker,False,ooff,37,96.13038906700001,0,benchmarks/ddg/iterations/20260908-full-scn2a-paired-direct/result.json
20260908-full-scn2a-paired-direct,8,"EC2 m7i.2xlarge, 8 hardware threads, 32 GiB, output gp3 500 MiB/s",114889,,,,,"All repeat-filtered SCN2A gene-body 20mers; all other-gene intervals k<=3 across full human RNA reference, native ddG; complete gzip JSONL outputs",archive_worker,False,ooff,37,44.472387638999976,0,benchmarks/ddg/iterations/20260908-full-scn2a-paired-direct/result.json
20260908-full-scn2a-paired-direct,8,"EC2 m7i.2xlarge, 8 hardware threads, 32 GiB, output gp3 500 MiB/s",114889,,,,,"All repeat-filtered SCN2A gene-body 20mers; all other-gene intervals k<=3 across full human RNA reference, native ddG; complete gzip JSONL outputs",discovery_worker,False,ooff,39,23.84659512299993,0,benchmarks/ddg/iterations/20260908-full-scn2a-paired-direct/result.json
20260908-full-scn2a-paired-direct,8,"EC2 m7i.2xlarge, 8 hardware threads, 32 GiB, output gp3 500 MiB/s",114889,,,,,"All repeat-filtered SCN2A gene-body 20mers; all other-gene intervals k<=3 across full human RNA reference, native ddG; complete gzip JSONL outputs",ddg_worker,False,ooff,39,87.92212866400007,0,benchmarks/ddg/iterations/20260908-full-scn2a-paired-direct/result.json
20260908-full-scn2a-paired-direct,8,"EC2 m7i.2xlarge, 8 hardware threads, 32 GiB, output gp3 500 MiB/s",114889,,,,,"All repeat-filtered SCN2A gene-body 20mers; all other-gene intervals k<=3 across full human RNA reference, native ddG; complete gzip JSONL outputs",archive_worker,False,ooff,39,40.35363526100002,0,benchmarks/ddg/iterations/20260908-full-scn2a-paired-direct/result.json
20260908-full-scn2a-paired-direct,8,"EC2 m7i.2xlarge, 8 hardware threads, 32 GiB, output gp3 500 MiB/s",114889,,,,,"All repeat-filtered SCN2A gene-body 20mers; all other-gene intervals k<=3 across full human RNA reference, native ddG; complete gzip JSONL outputs",discovery_worker,False,ooff,41,18.957433773000048,0,benchmarks/ddg/iterations/20260908-full-scn2a-paired-direct/result.json
20260908-full-scn2a-paired-direct,8,"EC2 m7i.2xlarge, 8 hardware threads, 32 GiB, output gp3 500 MiB/s",114889,,,,,"All repeat-filtered SCN2A gene-body 20mers; all other-gene intervals k<=3 across full human RNA reference, native ddG; complete gzip JSONL outputs",ddg_worker,False,ooff,41,57.82498455899997,0,benchmarks/ddg/iterations/20260908-full-scn2a-paired-direct/result.json
20260908-full-scn2a-paired-direct,8,"EC2 m7i.2xlarge, 8 hardware threads, 32 GiB, output gp3 500 MiB/s",114889,,,,,"All repeat-filtered SCN2A gene-body 20mers; all other-gene intervals k<=3 across full human RNA reference, native ddG; complete gzip JSONL outputs",archive_worker,False,ooff,41,29.779554217000054,0,benchmarks/ddg/iterations/20260908-full-scn2a-paired-direct/result.json
20260908-full-scn2a-paired-direct,8,"EC2 m7i.2xlarge, 8 hardware threads, 32 GiB, output gp3 500 MiB/s",114889,,,,,"All repeat-filtered SCN2A gene-body 20mers; all other-gene intervals k<=3 across full human RNA reference, native ddG; complete gzip JSONL outputs",discovery_worker,False,ooff,42,20.43531683699996,0,benchmarks/ddg/iterations/20260908-full-scn2a-paired-direct/result.json
20260908-full-scn2a-paired-direct,8,"EC2 m7i.2xlarge, 8 hardware threads, 32 GiB, output gp3 500 MiB/s",114889,,,,,"All repeat-filtered SCN2A gene-body 20mers; all other-gene intervals k<=3 across full human RNA reference, native ddG; complete gzip JSONL outputs",ddg_worker,False,ooff,42,84.68085886400002,0,benchmarks/ddg/iterations/20260908-full-scn2a-paired-direct/result.json
20260908-full-scn2a-paired-direct,8,"EC2 m7i.2xlarge, 8 hardware threads, 32 GiB, output gp3 500 MiB/s",114889,,,,,"All repeat-filtered SCN2A gene-body 20mers; all other-gene intervals k<=3 across full human RNA reference, native ddG; complete gzip JSONL outputs",archive_worker,False,ooff,42,33.587708570999894,0,benchmarks/ddg/iterations/20260908-full-scn2a-paired-direct/result.json
20260908-full-scn2a-paired-direct,8,"EC2 m7i.2xlarge, 8 hardware threads, 32 GiB, output gp3 500 MiB/s",114889,,,,,"All repeat-filtered SCN2A gene-body 20mers; all other-gene intervals k<=3 across full human RNA reference, native ddG; complete gzip JSONL outputs",discovery_worker,False,ooff,43,21.708235611999953,0,benchmarks/ddg/iterations/20260908-full-scn2a-paired-direct/result.json
20260908-full-scn2a-paired-direct,8,"EC2 m7i.2xlarge, 8 hardware threads, 32 GiB, output gp3 500 MiB/s",114889,,,,,"All repeat-filtered SCN2A gene-body 20mers; all other-gene intervals k<=3 across full human RNA reference, native ddG; complete gzip JSONL outputs",ddg_worker,False,ooff,43,79.86496525200005,0,benchmarks/ddg/iterations/20260908-full-scn2a-paired-direct/result.json
20260908-full-scn2a-paired-direct,8,"EC2 m7i.2xlarge, 8 hardware threads, 32 GiB, output gp3 500 MiB/s",114889,,,,,"All repeat-filtered SCN2A gene-body 20mers; all other-gene intervals k<=3 across full human RNA reference, native ddG; complete gzip JSONL outputs",archive_worker,False,ooff,43,33.30081420500005,0,benchmarks/ddg/iterations/20260908-full-scn2a-paired-direct/result.json
20260908-full-scn2a-paired-direct,8,"EC2 m7i.2xlarge, 8 hardware threads, 32 GiB, output gp3 500 MiB/s",114889,,,,,"All repeat-filtered SCN2A gene-body 20mers; all other-gene intervals k<=3 across full human RNA reference, native ddG; complete gzip JSONL outputs",discovery_worker,False,ooff,44,18.898213317,0,benchmarks/ddg/iterations/20260908-full-scn2a-paired-direct/result.json
20260908-full-scn2a-paired-direct,8,"EC2 m7i.2xlarge, 8 hardware threads, 32 GiB, output gp3 500 MiB/s",114889,,,,,"All repeat-filtered SCN2A gene-body 20mers; all other-gene intervals k<=3 across full human RNA reference, native ddG; complete gzip JSONL outputs",ddg_worker,False,ooff,44,64.28298705299994,0,benchmarks/ddg/iterations/20260908-full-scn2a-paired-direct/result.json
20260908-full-scn2a-paired-direct,8,"EC2 m7i.2xlarge, 8 hardware threads, 32 GiB, output gp3 500 MiB/s",114889,,,,,"All repeat-filtered SCN2A gene-body 20mers; all other-gene intervals k<=3 across full human RNA reference, native ddG; complete gzip JSONL outputs",archive_worker,False,ooff,44,27.401088602000073,0,benchmarks/ddg/iterations/20260908-full-scn2a-paired-direct/result.json
20260908-full-scn2a-paired-direct,8,"EC2 m7i.2xlarge, 8 hardware threads, 32 GiB, output gp3 500 MiB/s",114889,,,,,"All repeat-filtered SCN2A gene-body 20mers; all other-gene intervals k<=3 across full human RNA reference, native ddG; complete gzip JSONL outputs",discovery_worker,False,ooff,47,16.39277148500014,0,benchmarks/ddg/iterations/20260908-full-scn2a-paired-direct/result.json
20260908-full-scn2a-paired-direct,8,"EC2 m7i.2xlarge, 8 hardware threads, 32 GiB, output gp3 500 MiB/s",114889,,,,,"All repeat-filtered SCN2A gene-body 20mers; all other-gene intervals k<=3 across full human RNA reference, native ddG; complete gzip JSONL outputs",ddg_worker,False,ooff,47,63.757107959999985,0,benchmarks/ddg/iterations/20260908-full-scn2a-paired-direct/result.json
20260908-full-scn2a-paired-direct,8,"EC2 m7i.2xlarge, 8 hardware threads, 32 GiB, output gp3 500 MiB/s",114889,,,,,"All repeat-filtered SCN2A gene-body 20mers; all other-gene intervals k<=3 across full human RNA reference, native ddG; complete gzip JSONL outputs",archive_worker,False,ooff,47,22.041736978000017,0,benchmarks/ddg/iterations/20260908-full-scn2a-paired-direct/result.json
20260908-full-scn2a-paired-direct,8,"EC2 m7i.2xlarge, 8 hardware threads, 32 GiB, output gp3 500 MiB/s",114889,,,,,"All repeat-filtered SCN2A gene-body 20mers; all other-gene intervals k<=3 across full human RNA reference, native ddG; complete gzip JSONL outputs",discovery_worker,False,ooff,45,21.90455247700004,0,benchmarks/ddg/iterations/20260908-full-scn2a-paired-direct/result.json
20260908-full-scn2a-paired-direct,8,"EC2 m7i.2xlarge, 8 hardware threads, 32 GiB, output gp3 500 MiB/s",114889,,,,,"All repeat-filtered SCN2A gene-body 20mers; all other-gene intervals k<=3 across full human RNA reference, native ddG; complete gzip JSONL outputs",ddg_worker,False,ooff,45,82.94319638899992,0,benchmarks/ddg/iterations/20260908-full-scn2a-paired-direct/result.json
20260908-full-scn2a-paired-direct,8,"EC2 m7i.2xlarge, 8 hardware threads, 32 GiB, output gp3 500 MiB/s",114889,,,,,"All repeat-filtered SCN2A gene-body 20mers; all other-gene intervals k<=3 across full human RNA reference, native ddG; complete gzip JSONL outputs",archive_worker,False,ooff,45,31.541535491000104,0,benchmarks/ddg/iterations/20260908-full-scn2a-paired-direct/result.json
20260908-full-scn2a-paired-direct,8,"EC2 m7i.2xlarge, 8 hardware threads, 32 GiB, output gp3 500 MiB/s",114889,,,,,"All repeat-filtered SCN2A gene-body 20mers; all other-gene intervals k<=3 across full human RNA reference, native ddG; complete gzip JSONL outputs",discovery_worker,False,ooff,40,31.82843516999992,0,benchmarks/ddg/iterations/20260908-full-scn2a-paired-direct/result.json
20260908-full-scn2a-paired-direct,8,"EC2 m7i.2xlarge, 8 hardware threads, 32 GiB, output gp3 500 MiB/s",114889,,,,,"All repeat-filtered SCN2A gene-body 20mers; all other-gene intervals k<=3 across full human RNA reference, native ddG; complete gzip JSONL outputs",ddg_worker,False,ooff,40,135.82250450599997,0,benchmarks/ddg/iterations/20260908-full-scn2a-paired-direct/result.json
20260908-full-scn2a-paired-direct,8,"EC2 m7i.2xlarge, 8 hardware threads, 32 GiB, output gp3 500 MiB/s",114889,,,,,"All repeat-filtered SCN2A gene-body 20mers; all other-gene intervals k<=3 across full human RNA reference, native ddG; complete gzip JSONL outputs",archive_worker,False,ooff,40,64.18222893999996,0,benchmarks/ddg/iterations/20260908-full-scn2a-paired-direct/result.json
20260908-full-scn2a-paired-direct,8,"EC2 m7i.2xlarge, 8 hardware threads, 32 GiB, output gp3 500 MiB/s",114889,,,,,"All repeat-filtered SCN2A gene-body 20mers; all other-gene intervals k<=3 across full human RNA reference, native ddG; complete gzip JSONL outputs",discovery_worker,False,ooff,46,19.452141087000086,0,benchmarks/ddg/iterations/20260908-full-scn2a-paired-direct/result.json
20260908-full-scn2a-paired-direct,8,"EC2 m7i.2xlarge, 8 hardware threads, 32 GiB, output gp3 500 MiB/s",114889,,,,,"All repeat-filtered SCN2A gene-body 20mers; all other-gene intervals k<=3 across full human RNA reference, native ddG; complete gzip JSONL outputs",ddg_worker,False,ooff,46,84.25577709200002,0,benchmarks/ddg/iterations/20260908-full-scn2a-paired-direct/result.json
20260908-full-scn2a-paired-direct,8,"EC2 m7i.2xlarge, 8 hardware threads, 32 GiB, output gp3 500 MiB/s",114889,,,,,"All repeat-filtered SCN2A gene-body 20mers; all other-gene intervals k<=3 across full human RNA reference, native ddG; complete gzip JSONL outputs",archive_worker,False,ooff,46,25.930162235000125,0,benchmarks/ddg/iterations/20260908-full-scn2a-paired-direct/result.json
20260908-full-scn2a-paired-direct,8,"EC2 m7i.2xlarge, 8 hardware threads, 32 GiB, output gp3 500 MiB/s",114889,,,,,"All repeat-filtered SCN2A gene-body 20mers; all other-gene intervals k<=3 across full human RNA reference, native ddG; complete gzip JSONL outputs",discovery_worker,False,ooff,35,44.694049600000085,0,benchmarks/ddg/iterations/20260908-full-scn2a-paired-direct/result.json
20260908-full-scn2a-paired-direct,8,"EC2 m7i.2xlarge, 8 hardware threads, 32 GiB, output gp3 500 MiB/s",114889,,,,,"All repeat-filtered SCN2A gene-body 20mers; all other-gene intervals k<=3 across full human RNA reference, native ddG; complete gzip JSONL outputs",ddg_worker,False,ooff,35,203.86778902600008,0,benchmarks/ddg/iterations/20260908-full-scn2a-paired-direct/result.json
20260908-full-scn2a-paired-direct,8,"EC2 m7i.2xlarge, 8 hardware threads, 32 GiB, output gp3 500 MiB/s",114889,,,,,"All repeat-filtered SCN2A gene-body 20mers; all other-gene intervals k<=3 across full human RNA reference, native ddG; complete gzip JSONL outputs",archive_worker,False,ooff,35,95.3955372160001,0,benchmarks/ddg/iterations/20260908-full-scn2a-paired-direct/result.json
20260908-full-scn2a-paired-direct,8,"EC2 m7i.2xlarge, 8 hardware threads, 32 GiB, output gp3 500 MiB/s",114889,,,,,"All repeat-filtered SCN2A gene-body 20mers; all other-gene intervals k<=3 across full human RNA reference, native ddG; complete gzip JSONL outputs",discovery_worker,False,ooff,49,19.421288889000152,0,benchmarks/ddg/iterations/20260908-full-scn2a-paired-direct/result.json
20260908-full-scn2a-paired-direct,8,"EC2 m7i.2xlarge, 8 hardware threads, 32 GiB, output gp3 500 MiB/s",114889,,,,,"All repeat-filtered SCN2A gene-body 20mers; all other-gene intervals k<=3 across full human RNA reference, native ddG; complete gzip JSONL outputs",ddg_worker,False,ooff,49,46.137602085000026,0,benchmarks/ddg/iterations/20260908-full-scn2a-paired-direct/result.json
20260908-full-scn2a-paired-direct,8,"EC2 m7i.2xlarge, 8 hardware threads, 32 GiB, output gp3 500 MiB/s",114889,,,,,"All repeat-filtered SCN2A gene-body 20mers; all other-gene intervals k<=3 across full human RNA reference, native ddG; complete gzip JSONL outputs",archive_worker,False,ooff,49,15.66056235300016,0,benchmarks/ddg/iterations/20260908-full-scn2a-paired-direct/result.json
20260908-full-scn2a-paired-direct,8,"EC2 m7i.2xlarge, 8 hardware threads, 32 GiB, output gp3 500 MiB/s",114889,,,,,"All repeat-filtered SCN2A gene-body 20mers; all other-gene intervals k<=3 across full human RNA reference, native ddG; complete gzip JSONL outputs",discovery_worker,False,ooff,48,26.625563721999924,0,benchmarks/ddg/iterations/20260908-full-scn2a-paired-direct/result.json
20260908-full-scn2a-paired-direct,8,"EC2 m7i.2xlarge, 8 hardware threads, 32 GiB, output gp3 500 MiB/s",114889,,,,,"All repeat-filtered SCN2A gene-body 20mers; all other-gene intervals k<=3 across full human RNA reference, native ddG; complete gzip JSONL outputs",ddg_worker,False,ooff,48,51.45888035999997,0,benchmarks/ddg/iterations/20260908-full-scn2a-paired-direct/result.json
20260908-full-scn2a-paired-direct,8,"EC2 m7i.2xlarge, 8 hardware threads, 32 GiB, output gp3 500 MiB/s",114889,,,,,"All repeat-filtered SCN2A gene-body 20mers; all other-gene intervals k<=3 across full human RNA reference, native ddG; complete gzip JSONL outputs",archive_worker,False,ooff,48,19.991454801999907,0,benchmarks/ddg/iterations/20260908-full-scn2a-paired-direct/result.json
20260908-full-scn2a-paired-direct,8,"EC2 m7i.2xlarge, 8 hardware threads, 32 GiB, output gp3 500 MiB/s",114889,,,,,"All repeat-filtered SCN2A gene-body 20mers; all other-gene intervals k<=3 across full human RNA reference, native ddG; complete gzip JSONL outputs",discovery_worker,False,ooff,52,25.607963832999985,0,benchmarks/ddg/iterations/20260908-full-scn2a-paired-direct/result.json
20260908-full-scn2a-paired-direct,8,"EC2 m7i.2xlarge, 8 hardware threads, 32 GiB, output gp3 500 MiB/s",114889,,,,,"All repeat-filtered SCN2A gene-body 20mers; all other-gene intervals k<=3 across full human RNA reference, native ddG; complete gzip JSONL outputs",ddg_worker,False,ooff,52,85.60253692600008,0,benchmarks/ddg/iterations/20260908-full-scn2a-paired-direct/result.json
20260908-full-scn2a-paired-direct,8,"EC2 m7i.2xlarge, 8 hardware threads, 32 GiB, output gp3 500 MiB/s",114889,,,,,"All repeat-filtered SCN2A gene-body 20mers; all other-gene intervals k<=3 across full human RNA reference, native ddG; complete gzip JSONL outputs",archive_worker,False,ooff,52,44.96123740999997,0,benchmarks/ddg/iterations/20260908-full-scn2a-paired-direct/result.json
20260908-full-scn2a-paired-direct,8,"EC2 m7i.2xlarge, 8 hardware threads, 32 GiB, output gp3 500 MiB/s",114889,,,,,"All repeat-filtered SCN2A gene-body 20mers; all other-gene intervals k<=3 across full human RNA reference, native ddG; complete gzip JSONL outputs",discovery_worker,False,ooff,50,26.281378187999962,0,benchmarks/ddg/iterations/20260908-full-scn2a-paired-direct/result.json
20260908-full-scn2a-paired-direct,8,"EC2 m7i.2xlarge, 8 hardware threads, 32 GiB, output gp3 500 MiB/s",114889,,,,,"All repeat-filtered SCN2A gene-body 20mers; all other-gene intervals k<=3 across full human RNA reference, native ddG; complete gzip JSONL outputs",ddg_worker,False,ooff,50,117.44869156100003,0,benchmarks/ddg/iterations/20260908-full-scn2a-paired-direct/result.json
20260908-full-scn2a-paired-direct,8,"EC2 m7i.2xlarge, 8 hardware threads, 32 GiB, output gp3 500 MiB/s",114889,,,,,"All repeat-filtered SCN2A gene-body 20mers; all other-gene intervals k<=3 across full human RNA reference, native ddG; complete gzip JSONL outputs",archive_worker,False,ooff,50,65.24131976700005,0,benchmarks/ddg/iterations/20260908-full-scn2a-paired-direct/result.json
20260908-full-scn2a-paired-direct,8,"EC2 m7i.2xlarge, 8 hardware threads, 32 GiB, output gp3 500 MiB/s",114889,,,,,"All repeat-filtered SCN2A gene-body 20mers; all other-gene intervals k<=3 across full human RNA reference, native ddG; complete gzip JSONL outputs",discovery_worker,False,ooff,54,28.919518153000126,0,benchmarks/ddg/iterations/20260908-full-scn2a-paired-direct/result.json
20260908-full-scn2a-paired-direct,8,"EC2 m7i.2xlarge, 8 hardware threads, 32 GiB, output gp3 500 MiB/s",114889,,,,,"All repeat-filtered SCN2A gene-body 20mers; all other-gene intervals k<=3 across full human RNA reference, native ddG; complete gzip JSONL outputs",ddg_worker,False,ooff,54,100.14029062200007,0,benchmarks/ddg/iterations/20260908-full-scn2a-paired-direct/result.json
20260908-full-scn2a-paired-direct,8,"EC2 m7i.2xlarge, 8 hardware threads, 32 GiB, output gp3 500 MiB/s",114889,,,,,"All repeat-filtered SCN2A gene-body 20mers; all other-gene intervals k<=3 across full human RNA reference, native ddG; complete gzip JSONL outputs",archive_worker,False,ooff,54,40.74540712399994,0,benchmarks/ddg/iterations/20260908-full-scn2a-paired-direct/result.json
20260908-full-scn2a-paired-direct,8,"EC2 m7i.2xlarge, 8 hardware threads, 32 GiB, output gp3 500 MiB/s",114889,,,,,"All repeat-filtered SCN2A gene-body 20mers; all other-gene intervals k<=3 across full human RNA reference, native ddG; complete gzip JSONL outputs",discovery_worker,False,ooff,56,25.36714187099983,0,benchmarks/ddg/iterations/20260908-full-scn2a-paired-direct/result.json
20260908-full-scn2a-paired-direct,8,"EC2 m7i.2xlarge, 8 hardware threads, 32 GiB, output gp3 500 MiB/s",114889,,,,,"All repeat-filtered SCN2A gene-body 20mers; all other-gene intervals k<=3 across full human RNA reference, native ddG; complete gzip JSONL outputs",ddg_worker,False,ooff,56,108.44197545100019,0,benchmarks/ddg/iterations/20260908-full-scn2a-paired-direct/result.json
20260908-full-scn2a-paired-direct,8,"EC2 m7i.2xlarge, 8 hardware threads, 32 GiB, output gp3 500 MiB/s",114889,,,,,"All repeat-filtered SCN2A gene-body 20mers; all other-gene intervals k<=3 across full human RNA reference, native ddG; complete gzip JSONL outputs",archive_worker,False,ooff,56,40.636699892000024,0,benchmarks/ddg/iterations/20260908-full-scn2a-paired-direct/result.json
20260908-full-scn2a-paired-direct,8,"EC2 m7i.2xlarge, 8 hardware threads, 32 GiB, output gp3 500 MiB/s",114889,,,,,"All repeat-filtered SCN2A gene-body 20mers; all other-gene intervals k<=3 across full human RNA reference, native ddG; complete gzip JSONL outputs",discovery_worker,False,ooff,51,33.6333689600001,0,benchmarks/ddg/iterations/20260908-full-scn2a-paired-direct/result.json
20260908-full-scn2a-paired-direct,8,"EC2 m7i.2xlarge, 8 hardware threads, 32 GiB, output gp3 500 MiB/s",114889,,,,,"All repeat-filtered SCN2A gene-body 20mers; all other-gene intervals k<=3 across full human RNA reference, native ddG; complete gzip JSONL outputs",ddg_worker,False,ooff,51,125.39453126099988,0,benchmarks/ddg/iterations/20260908-full-scn2a-paired-direct/result.json
20260908-full-scn2a-paired-direct,8,"EC2 m7i.2xlarge, 8 hardware threads, 32 GiB, output gp3 500 MiB/s",114889,,,,,"All repeat-filtered SCN2A gene-body 20mers; all other-gene intervals k<=3 across full human RNA reference, native ddG; complete gzip JSONL outputs",archive_worker,False,ooff,51,66.09925800500014,0,benchmarks/ddg/iterations/20260908-full-scn2a-paired-direct/result.json
20260908-full-scn2a-paired-direct,8,"EC2 m7i.2xlarge, 8 hardware threads, 32 GiB, output gp3 500 MiB/s",114889,,,,,"All repeat-filtered SCN2A gene-body 20mers; all other-gene intervals k<=3 across full human RNA reference, native ddG; complete gzip JSONL outputs",discovery_worker,False,ooff,53,33.347021279000046,0,benchmarks/ddg/iterations/20260908-full-scn2a-paired-direct/result.json
20260908-full-scn2a-paired-direct,8,"EC2 m7i.2xlarge, 8 hardware threads, 32 GiB, output gp3 500 MiB/s",114889,,,,,"All repeat-filtered SCN2A gene-body 20mers; all other-gene intervals k<=3 across full human RNA reference, native ddG; complete gzip JSONL outputs",ddg_worker,False,ooff,53,137.34023652600013,0,benchmarks/ddg/iterations/20260908-full-scn2a-paired-direct/result.json
20260908-full-scn2a-paired-direct,8,"EC2 m7i.2xlarge, 8 hardware threads, 32 GiB, output gp3 500 MiB/s",114889,,,,,"All repeat-filtered SCN2A gene-body 20mers; all other-gene intervals k<=3 across full human RNA reference, native ddG; complete gzip JSONL outputs",archive_worker,False,ooff,53,61.79930996200005,0,benchmarks/ddg/iterations/20260908-full-scn2a-paired-direct/result.json
20260908-full-scn2a-paired-direct,8,"EC2 m7i.2xlarge, 8 hardware threads, 32 GiB, output gp3 500 MiB/s",114889,,,,,"All repeat-filtered SCN2A gene-body 20mers; all other-gene intervals k<=3 across full human RNA reference, native ddG; complete gzip JSONL outputs",discovery_worker,False,ooff,57,32.84948294700007,0,benchmarks/ddg/iterations/20260908-full-scn2a-paired-direct/result.json
20260908-full-scn2a-paired-direct,8,"EC2 m7i.2xlarge, 8 hardware threads, 32 GiB, output gp3 500 MiB/s",114889,,,,,"All repeat-filtered SCN2A gene-body 20mers; all other-gene intervals k<=3 across full human RNA reference, native ddG; complete gzip JSONL outputs",ddg_worker,False,ooff,57,197.68329188199982,0,benchmarks/ddg/iterations/20260908-full-scn2a-paired-direct/result.json
20260908-full-scn2a-paired-direct,8,"EC2 m7i.2xlarge, 8 hardware threads, 32 GiB, output gp3 500 MiB/s",114889,,,,,"All repeat-filtered SCN2A gene-body 20mers; all other-gene intervals k<=3 across full human RNA reference, native ddG; complete gzip JSONL outputs",archive_worker,False,ooff,57,81.69795137300002,0,benchmarks/ddg/iterations/20260908-full-scn2a-paired-direct/result.json
20260908-full-scn2a-paired-direct,8,"EC2 m7i.2xlarge, 8 hardware threads, 32 GiB, output gp3 500 MiB/s",114889,,,,,"All repeat-filtered SCN2A gene-body 20mers; all other-gene intervals k<=3 across full human RNA reference, native ddG; complete gzip JSONL outputs",discovery_worker,False,ooff,60,21.035398829000087,0,benchmarks/ddg/iterations/20260908-full-scn2a-paired-direct/result.json
20260908-full-scn2a-paired-direct,8,"EC2 m7i.2xlarge, 8 hardware threads, 32 GiB, output gp3 500 MiB/s",114889,,,,,"All repeat-filtered SCN2A gene-body 20mers; all other-gene intervals k<=3 across full human RNA reference, native ddG; complete gzip JSONL outputs",ddg_worker,False,ooff,60,111.4994717730001,0,benchmarks/ddg/iterations/20260908-full-scn2a-paired-direct/result.json
20260908-full-scn2a-paired-direct,8,"EC2 m7i.2xlarge, 8 hardware threads, 32 GiB, output gp3 500 MiB/s",114889,,,,,"All repeat-filtered SCN2A gene-body 20mers; all other-gene intervals k<=3 across full human RNA reference, native ddG; complete gzip JSONL outputs",archive_worker,False,ooff,60,44.023125044999915,0,benchmarks/ddg/iterations/20260908-full-scn2a-paired-direct/result.json
20260908-full-scn2a-paired-direct,8,"EC2 m7i.2xlarge, 8 hardware threads, 32 GiB, output gp3 500 MiB/s",114889,,,,,"All repeat-filtered SCN2A gene-body 20mers; all other-gene intervals k<=3 across full human RNA reference, native ddG; complete gzip JSONL outputs",discovery_worker,False,ooff,61,19.69516221999993,0,benchmarks/ddg/iterations/20260908-full-scn2a-paired-direct/result.json
20260908-full-scn2a-paired-direct,8,"EC2 m7i.2xlarge, 8 hardware threads, 32 GiB, output gp3 500 MiB/s",114889,,,,,"All repeat-filtered SCN2A gene-body 20mers; all other-gene intervals k<=3 across full human RNA reference, native ddG; complete gzip JSONL outputs",ddg_worker,False,ooff,61,101.63958300699983,0,benchmarks/ddg/iterations/20260908-full-scn2a-paired-direct/result.json
20260908-full-scn2a-paired-direct,8,"EC2 m7i.2xlarge, 8 hardware threads, 32 GiB, output gp3 500 MiB/s",114889,,,,,"All repeat-filtered SCN2A gene-body 20mers; all other-gene intervals k<=3 across full human RNA reference, native ddG; complete gzip JSONL outputs",archive_worker,False,ooff,61,33.24576057099989,0,benchmarks/ddg/iterations/20260908-full-scn2a-paired-direct/result.json
20260908-full-scn2a-paired-direct,8,"EC2 m7i.2xlarge, 8 hardware threads, 32 GiB, output gp3 500 MiB/s",114889,,,,,"All repeat-filtered SCN2A gene-body 20mers; all other-gene intervals k<=3 across full human RNA reference, native ddG; complete gzip JSONL outputs",discovery_worker,False,ooff,59,25.72262019799996,0,benchmarks/ddg/iterations/20260908-full-scn2a-paired-direct/result.json
20260908-full-scn2a-paired-direct,8,"EC2 m7i.2xlarge, 8 hardware threads, 32 GiB, output gp3 500 MiB/s",114889,,,,,"All repeat-filtered SCN2A gene-body 20mers; all other-gene intervals k<=3 across full human RNA reference, native ddG; complete gzip JSONL outputs",ddg_worker,False,ooff,59,124.28310670899987,0,benchmarks/ddg/iterations/20260908-full-scn2a-paired-direct/result.json
20260908-full-scn2a-paired-direct,8,"EC2 m7i.2xlarge, 8 hardware threads, 32 GiB, output gp3 500 MiB/s",114889,,,,,"All repeat-filtered SCN2A gene-body 20mers; all other-gene intervals k<=3 across full human RNA reference, native ddG; complete gzip JSONL outputs",archive_worker,False,ooff,59,49.83373535199985,0,benchmarks/ddg/iterations/20260908-full-scn2a-paired-direct/result.json
20260908-full-scn2a-paired-direct,8,"EC2 m7i.2xlarge, 8 hardware threads, 32 GiB, output gp3 500 MiB/s",114889,,,,,"All repeat-filtered SCN2A gene-body 20mers; all other-gene intervals k<=3 across full human RNA reference, native ddG; complete gzip JSONL outputs",discovery_worker,False,ooff,62,19.600032139000177,0,benchmarks/ddg/iterations/20260908-full-scn2a-paired-direct/result.json
20260908-full-scn2a-paired-direct,8,"EC2 m7i.2xlarge, 8 hardware threads, 32 GiB, output gp3 500 MiB/s",114889,,,,,"All repeat-filtered SCN2A gene-body 20mers; all other-gene intervals k<=3 across full human RNA reference, native ddG; complete gzip JSONL outputs",ddg_worker,False,ooff,62,102.09383446899983,0,benchmarks/ddg/iterations/20260908-full-scn2a-paired-direct/result.json
20260908-full-scn2a-paired-direct,8,"EC2 m7i.2xlarge, 8 hardware threads, 32 GiB, output gp3 500 MiB/s",114889,,,,,"All repeat-filtered SCN2A gene-body 20mers; all other-gene intervals k<=3 across full human RNA reference, native ddG; complete gzip JSONL outputs",archive_worker,False,ooff,62,33.368616544999895,0,benchmarks/ddg/iterations/20260908-full-scn2a-paired-direct/result.json
20260908-full-scn2a-paired-direct,8,"EC2 m7i.2xlarge, 8 hardware threads, 32 GiB, output gp3 500 MiB/s",114889,,,,,"All repeat-filtered SCN2A gene-body 20mers; all other-gene intervals k<=3 across full human RNA reference, native ddG; complete gzip JSONL outputs",discovery_worker,False,ooff,58,39.09967841699995,0,benchmarks/ddg/iterations/20260908-full-scn2a-paired-direct/result.json
20260908-full-scn2a-paired-direct,8,"EC2 m7i.2xlarge, 8 hardware threads, 32 GiB, output gp3 500 MiB/s",114889,,,,,"All repeat-filtered SCN2A gene-body 20mers; all other-gene intervals k<=3 across full human RNA reference, native ddG; complete gzip JSONL outputs",ddg_worker,False,ooff,58,150.28280538600006,0,benchmarks/ddg/iterations/20260908-full-scn2a-paired-direct/result.json
20260908-full-scn2a-paired-direct,8,"EC2 m7i.2xlarge, 8 hardware threads, 32 GiB, output gp3 500 MiB/s",114889,,,,,"All repeat-filtered SCN2A gene-body 20mers; all other-gene intervals k<=3 across full human RNA reference, native ddG; complete gzip JSONL outputs",archive_worker,False,ooff,58,61.74421462200007,0,benchmarks/ddg/iterations/20260908-full-scn2a-paired-direct/result.json
20260908-full-scn2a-paired-direct,8,"EC2 m7i.2xlarge, 8 hardware threads, 32 GiB, output gp3 500 MiB/s",114889,,,,,"All repeat-filtered SCN2A gene-body 20mers; all other-gene intervals k<=3 across full human RNA reference, native ddG; complete gzip JSONL outputs",discovery_worker,False,ooff,65,26.56845893900004,0,benchmarks/ddg/iterations/20260908-full-scn2a-paired-direct/result.json
20260908-full-scn2a-paired-direct,8,"EC2 m7i.2xlarge, 8 hardware threads, 32 GiB, output gp3 500 MiB/s",114889,,,,,"All repeat-filtered SCN2A gene-body 20mers; all other-gene intervals k<=3 across full human RNA reference, native ddG; complete gzip JSONL outputs",ddg_worker,False,ooff,65,51.335830319000024,0,benchmarks/ddg/iterations/20260908-full-scn2a-paired-direct/result.json
20260908-full-scn2a-paired-direct,8,"EC2 m7i.2xlarge, 8 hardware threads, 32 GiB, output gp3 500 MiB/s",114889,,,,,"All repeat-filtered SCN2A gene-body 20mers; all other-gene intervals k<=3 across full human RNA reference, native ddG; complete gzip JSONL outputs",archive_worker,False,ooff,65,23.04180072500003,0,benchmarks/ddg/iterations/20260908-full-scn2a-paired-direct/result.json
20260908-full-scn2a-paired-direct,8,"EC2 m7i.2xlarge, 8 hardware threads, 32 GiB, output gp3 500 MiB/s",114889,,,,,"All repeat-filtered SCN2A gene-body 20mers; all other-gene intervals k<=3 across full human RNA reference, native ddG; complete gzip JSONL outputs",discovery_worker,False,ooff,67,25.326761130000023,0,benchmarks/ddg/iterations/20260908-full-scn2a-paired-direct/result.json
20260908-full-scn2a-paired-direct,8,"EC2 m7i.2xlarge, 8 hardware threads, 32 GiB, output gp3 500 MiB/s",114889,,,,,"All repeat-filtered SCN2A gene-body 20mers; all other-gene intervals k<=3 across full human RNA reference, native ddG; complete gzip JSONL outputs",ddg_worker,False,ooff,67,77.59200116500006,0,benchmarks/ddg/iterations/20260908-full-scn2a-paired-direct/result.json
20260908-full-scn2a-paired-direct,8,"EC2 m7i.2xlarge, 8 hardware threads, 32 GiB, output gp3 500 MiB/s",114889,,,,,"All repeat-filtered SCN2A gene-body 20mers; all other-gene intervals k<=3 across full human RNA reference, native ddG; complete gzip JSONL outputs",archive_worker,False,ooff,67,31.76982833000011,0,benchmarks/ddg/iterations/20260908-full-scn2a-paired-direct/result.json
20260908-full-scn2a-paired-direct,8,"EC2 m7i.2xlarge, 8 hardware threads, 32 GiB, output gp3 500 MiB/s",114889,,,,,"All repeat-filtered SCN2A gene-body 20mers; all other-gene intervals k<=3 across full human RNA reference, native ddG; complete gzip JSONL outputs",discovery_worker,False,ooff,55,55.74842801500017,0,benchmarks/ddg/iterations/20260908-full-scn2a-paired-direct/result.json
20260908-full-scn2a-paired-direct,8,"EC2 m7i.2xlarge, 8 hardware threads, 32 GiB, output gp3 500 MiB/s",114889,,,,,"All repeat-filtered SCN2A gene-body 20mers; all other-gene intervals k<=3 across full human RNA reference, native ddG; complete gzip JSONL outputs",ddg_worker,False,ooff,55,291.4728778829999,0,benchmarks/ddg/iterations/20260908-full-scn2a-paired-direct/result.json
20260908-full-scn2a-paired-direct,8,"EC2 m7i.2xlarge, 8 hardware threads, 32 GiB, output gp3 500 MiB/s",114889,,,,,"All repeat-filtered SCN2A gene-body 20mers; all other-gene intervals k<=3 across full human RNA reference, native ddG; complete gzip JSONL outputs",archive_worker,False,ooff,55,148.40422666799986,0,benchmarks/ddg/iterations/20260908-full-scn2a-paired-direct/result.json
20260908-full-scn2a-paired-direct,8,"EC2 m7i.2xlarge, 8 hardware threads, 32 GiB, output gp3 500 MiB/s",114889,,,,,"All repeat-filtered SCN2A gene-body 20mers; all other-gene intervals k<=3 across full human RNA reference, native ddG; complete gzip JSONL outputs",discovery_worker,False,ooff,63,34.346772238000085,0,benchmarks/ddg/iterations/20260908-full-scn2a-paired-direct/result.json
20260908-full-scn2a-paired-direct,8,"EC2 m7i.2xlarge, 8 hardware threads, 32 GiB, output gp3 500 MiB/s",114889,,,,,"All repeat-filtered SCN2A gene-body 20mers; all other-gene intervals k<=3 across full human RNA reference, native ddG; complete gzip JSONL outputs",ddg_worker,False,ooff,63,160.49242139199987,0,benchmarks/ddg/iterations/20260908-full-scn2a-paired-direct/result.json
20260908-full-scn2a-paired-direct,8,"EC2 m7i.2xlarge, 8 hardware threads, 32 GiB, output gp3 500 MiB/s",114889,,,,,"All repeat-filtered SCN2A gene-body 20mers; all other-gene intervals k<=3 across full human RNA reference, native ddG; complete gzip JSONL outputs",archive_worker,False,ooff,63,92.02033183999993,0,benchmarks/ddg/iterations/20260908-full-scn2a-paired-direct/result.json
20260908-full-scn2a-paired-direct,8,"EC2 m7i.2xlarge, 8 hardware threads, 32 GiB, output gp3 500 MiB/s",114889,,,,,"All repeat-filtered SCN2A gene-body 20mers; all other-gene intervals k<=3 across full human RNA reference, native ddG; complete gzip JSONL outputs",discovery_worker,False,ooff,64,34.71939962800002,0,benchmarks/ddg/iterations/20260908-full-scn2a-paired-direct/result.json
20260908-full-scn2a-paired-direct,8,"EC2 m7i.2xlarge, 8 hardware threads, 32 GiB, output gp3 500 MiB/s",114889,,,,,"All repeat-filtered SCN2A gene-body 20mers; all other-gene intervals k<=3 across full human RNA reference, native ddG; complete gzip JSONL outputs",ddg_worker,False,ooff,64,91.05172278500004,0,benchmarks/ddg/iterations/20260908-full-scn2a-paired-direct/result.json
20260908-full-scn2a-paired-direct,8,"EC2 m7i.2xlarge, 8 hardware threads, 32 GiB, output gp3 500 MiB/s",114889,,,,,"All repeat-filtered SCN2A gene-body 20mers; all other-gene intervals k<=3 across full human RNA reference, native ddG; complete gzip JSONL outputs",archive_worker,False,ooff,64,43.33727152300003,0,benchmarks/ddg/iterations/20260908-full-scn2a-paired-direct/result.json
20260908-full-scn2a-paired-direct,8,"EC2 m7i.2xlarge, 8 hardware threads, 32 GiB, output gp3 500 MiB/s",114889,,,,,"All repeat-filtered SCN2A gene-body 20mers; all other-gene intervals k<=3 across full human RNA reference, native ddG; complete gzip JSONL outputs",discovery_worker,False,ooff,66,28.815286714999957,0,benchmarks/ddg/iterations/20260908-full-scn2a-paired-direct/result.json
20260908-full-scn2a-paired-direct,8,"EC2 m7i.2xlarge, 8 hardware threads, 32 GiB, output gp3 500 MiB/s",114889,,,,,"All repeat-filtered SCN2A gene-body 20mers; all other-gene intervals k<=3 across full human RNA reference, native ddG; complete gzip JSONL outputs",ddg_worker,False,ooff,66,108.8548592520001,0,benchmarks/ddg/iterations/20260908-full-scn2a-paired-direct/result.json
20260908-full-scn2a-paired-direct,8,"EC2 m7i.2xlarge, 8 hardware threads, 32 GiB, output gp3 500 MiB/s",114889,,,,,"All repeat-filtered SCN2A gene-body 20mers; all other-gene intervals k<=3 across full human RNA reference, native ddG; complete gzip JSONL outputs",archive_worker,False,ooff,66,50.95472813100014,0,benchmarks/ddg/iterations/20260908-full-scn2a-paired-direct/result.json
20260908-full-scn2a-paired-direct,8,"EC2 m7i.2xlarge, 8 hardware threads, 32 GiB, output gp3 500 MiB/s",114889,,,,,"All repeat-filtered SCN2A gene-body 20mers; all other-gene intervals k<=3 across full human RNA reference, native ddG; complete gzip JSONL outputs",discovery_worker,False,ooff,68,26.96679441099991,0,benchmarks/ddg/iterations/20260908-full-scn2a-paired-direct/result.json
20260908-full-scn2a-paired-direct,8,"EC2 m7i.2xlarge, 8 hardware threads, 32 GiB, output gp3 500 MiB/s",114889,,,,,"All repeat-filtered SCN2A gene-body 20mers; all other-gene intervals k<=3 across full human RNA reference, native ddG; complete gzip JSONL outputs",ddg_worker,False,ooff,68,121.52543943600017,0,benchmarks/ddg/iterations/20260908-full-scn2a-paired-direct/result.json
20260908-full-scn2a-paired-direct,8,"EC2 m7i.2xlarge, 8 hardware threads, 32 GiB, output gp3 500 MiB/s",114889,,,,,"All repeat-filtered SCN2A gene-body 20mers; all other-gene intervals k<=3 across full human RNA reference, native ddG; complete gzip JSONL outputs",archive_worker,False,ooff,68,46.921156324000094,0,benchmarks/ddg/iterations/20260908-full-scn2a-paired-direct/result.json
20260908-full-scn2a-paired-direct,8,"EC2 m7i.2xlarge, 8 hardware threads, 32 GiB, output gp3 500 MiB/s",114889,,,,,"All repeat-filtered SCN2A gene-body 20mers; all other-gene intervals k<=3 across full human RNA reference, native ddG; complete gzip JSONL outputs",discovery_worker,False,ooff,70,26.76392191900004,0,benchmarks/ddg/iterations/20260908-full-scn2a-paired-direct/result.json
20260908-full-scn2a-paired-direct,8,"EC2 m7i.2xlarge, 8 hardware threads, 32 GiB, output gp3 500 MiB/s",114889,,,,,"All repeat-filtered SCN2A gene-body 20mers; all other-gene intervals k<=3 across full human RNA reference, native ddG; complete gzip JSONL outputs",ddg_worker,False,ooff,70,76.15985808000005,0,benchmarks/ddg/iterations/20260908-full-scn2a-paired-direct/result.json
20260908-full-scn2a-paired-direct,8,"EC2 m7i.2xlarge, 8 hardware threads, 32 GiB, output gp3 500 MiB/s",114889,,,,,"All repeat-filtered SCN2A gene-body 20mers; all other-gene intervals k<=3 across full human RNA reference, native ddG; complete gzip JSONL outputs",archive_worker,False,ooff,70,29.014757521999854,0,benchmarks/ddg/iterations/20260908-full-scn2a-paired-direct/result.json
20260908-full-scn2a-paired-direct,8,"EC2 m7i.2xlarge, 8 hardware threads, 32 GiB, output gp3 500 MiB/s",114889,,,,,"All repeat-filtered SCN2A gene-body 20mers; all other-gene intervals k<=3 across full human RNA reference, native ddG; complete gzip JSONL outputs",discovery_worker,False,ooff,75,16.646731029999955,0,benchmarks/ddg/iterations/20260908-full-scn2a-paired-direct/result.json
20260908-full-scn2a-paired-direct,8,"EC2 m7i.2xlarge, 8 hardware threads, 32 GiB, output gp3 500 MiB/s",114889,,,,,"All repeat-filtered SCN2A gene-body 20mers; all other-gene intervals k<=3 across full human RNA reference, native ddG; complete gzip JSONL outputs",ddg_worker,False,ooff,75,63.965635049999946,0,benchmarks/ddg/iterations/20260908-full-scn2a-paired-direct/result.json
20260908-full-scn2a-paired-direct,8,"EC2 m7i.2xlarge, 8 hardware threads, 32 GiB, output gp3 500 MiB/s",114889,,,,,"All repeat-filtered SCN2A gene-body 20mers; all other-gene intervals k<=3 across full human RNA reference, native ddG; complete gzip JSONL outputs",archive_worker,False,ooff,75,21.76399970500006,0,benchmarks/ddg/iterations/20260908-full-scn2a-paired-direct/result.json
20260908-full-scn2a-paired-direct,8,"EC2 m7i.2xlarge, 8 hardware threads, 32 GiB, output gp3 500 MiB/s",114889,,,,,"All repeat-filtered SCN2A gene-body 20mers; all other-gene intervals k<=3 across full human RNA reference, native ddG; complete gzip JSONL outputs",discovery_worker,False,ooff,74,21.241335002999904,0,benchmarks/ddg/iterations/20260908-full-scn2a-paired-direct/result.json
20260908-full-scn2a-paired-direct,8,"EC2 m7i.2xlarge, 8 hardware threads, 32 GiB, output gp3 500 MiB/s",114889,,,,,"All repeat-filtered SCN2A gene-body 20mers; all other-gene intervals k<=3 across full human RNA reference, native ddG; complete gzip JSONL outputs",ddg_worker,False,ooff,74,78.93974286499997,0,benchmarks/ddg/iterations/20260908-full-scn2a-paired-direct/result.json
20260908-full-scn2a-paired-direct,8,"EC2 m7i.2xlarge, 8 hardware threads, 32 GiB, output gp3 500 MiB/s",114889,,,,,"All repeat-filtered SCN2A gene-body 20mers; all other-gene intervals k<=3 across full human RNA reference, native ddG; complete gzip JSONL outputs",archive_worker,False,ooff,74,36.3665940479998,0,benchmarks/ddg/iterations/20260908-full-scn2a-paired-direct/result.json
20260908-full-scn2a-paired-direct,8,"EC2 m7i.2xlarge, 8 hardware threads, 32 GiB, output gp3 500 MiB/s",114889,,,,,"All repeat-filtered SCN2A gene-body 20mers; all other-gene intervals k<=3 across full human RNA reference, native ddG; complete gzip JSONL outputs",discovery_worker,False,ooff,69,30.97848405900004,0,benchmarks/ddg/iterations/20260908-full-scn2a-paired-direct/result.json
20260908-full-scn2a-paired-direct,8,"EC2 m7i.2xlarge, 8 hardware threads, 32 GiB, output gp3 500 MiB/s",114889,,,,,"All repeat-filtered SCN2A gene-body 20mers; all other-gene intervals k<=3 across full human RNA reference, native ddG; complete gzip JSONL outputs",ddg_worker,False,ooff,69,146.43833689400003,0,benchmarks/ddg/iterations/20260908-full-scn2a-paired-direct/result.json
20260908-full-scn2a-paired-direct,8,"EC2 m7i.2xlarge, 8 hardware threads, 32 GiB, output gp3 500 MiB/s",114889,,,,,"All repeat-filtered SCN2A gene-body 20mers; all other-gene intervals k<=3 across full human RNA reference, native ddG; complete gzip JSONL outputs",archive_worker,False,ooff,69,85.83871780300001,0,benchmarks/ddg/iterations/20260908-full-scn2a-paired-direct/result.json
20260908-full-scn2a-paired-direct,8,"EC2 m7i.2xlarge, 8 hardware threads, 32 GiB, output gp3 500 MiB/s",114889,,,,,"All repeat-filtered SCN2A gene-body 20mers; all other-gene intervals k<=3 across full human RNA reference, native ddG; complete gzip JSONL outputs",discovery_worker,False,ooff,71,25.31697251899982,0,benchmarks/ddg/iterations/20260908-full-scn2a-paired-direct/result.json
20260908-full-scn2a-paired-direct,8,"EC2 m7i.2xlarge, 8 hardware threads, 32 GiB, output gp3 500 MiB/s",114889,,,,,"All repeat-filtered SCN2A gene-body 20mers; all other-gene intervals k<=3 across full human RNA reference, native ddG; complete gzip JSONL outputs",ddg_worker,False,ooff,71,99.66659998199998,0,benchmarks/ddg/iterations/20260908-full-scn2a-paired-direct/result.json
20260908-full-scn2a-paired-direct,8,"EC2 m7i.2xlarge, 8 hardware threads, 32 GiB, output gp3 500 MiB/s",114889,,,,,"All repeat-filtered SCN2A gene-body 20mers; all other-gene intervals k<=3 across full human RNA reference, native ddG; complete gzip JSONL outputs",archive_worker,False,ooff,71,50.919306717000154,0,benchmarks/ddg/iterations/20260908-full-scn2a-paired-direct/result.json
20260908-full-scn2a-paired-direct,8,"EC2 m7i.2xlarge, 8 hardware threads, 32 GiB, output gp3 500 MiB/s",114889,,,,,"All repeat-filtered SCN2A gene-body 20mers; all other-gene intervals k<=3 across full human RNA reference, native ddG; complete gzip JSONL outputs",discovery_worker,False,ooff,73,25.480155245000105,0,benchmarks/ddg/iterations/20260908-full-scn2a-paired-direct/result.json
20260908-full-scn2a-paired-direct,8,"EC2 m7i.2xlarge, 8 hardware threads, 32 GiB, output gp3 500 MiB/s",114889,,,,,"All repeat-filtered SCN2A gene-body 20mers; all other-gene intervals k<=3 across full human RNA reference, native ddG; complete gzip JSONL outputs",ddg_worker,False,ooff,73,95.78321509399984,0,benchmarks/ddg/iterations/20260908-full-scn2a-paired-direct/result.json
20260908-full-scn2a-paired-direct,8,"EC2 m7i.2xlarge, 8 hardware threads, 32 GiB, output gp3 500 MiB/s",114889,,,,,"All repeat-filtered SCN2A gene-body 20mers; all other-gene intervals k<=3 across full human RNA reference, native ddG; complete gzip JSONL outputs",archive_worker,False,ooff,73,47.840953119000005,0,benchmarks/ddg/iterations/20260908-full-scn2a-paired-direct/result.json
20260908-full-scn2a-paired-direct,8,"EC2 m7i.2xlarge, 8 hardware threads, 32 GiB, output gp3 500 MiB/s",114889,,,,,"All repeat-filtered SCN2A gene-body 20mers; all other-gene intervals k<=3 across full human RNA reference, native ddG; complete gzip JSONL outputs",discovery_worker,False,ooff,72,34.02541938000013,0,benchmarks/ddg/iterations/20260908-full-scn2a-paired-direct/result.json
20260908-full-scn2a-paired-direct,8,"EC2 m7i.2xlarge, 8 hardware threads, 32 GiB, output gp3 500 MiB/s",114889,,,,,"All repeat-filtered SCN2A gene-body 20mers; all other-gene intervals k<=3 across full human RNA reference, native ddG; complete gzip JSONL outputs",ddg_worker,False,ooff,72,112.56648635400006,0,benchmarks/ddg/iterations/20260908-full-scn2a-paired-direct/result.json
20260908-full-scn2a-paired-direct,8,"EC2 m7i.2xlarge, 8 hardware threads, 32 GiB, output gp3 500 MiB/s",114889,,,,,"All repeat-filtered SCN2A gene-body 20mers; all other-gene intervals k<=3 across full human RNA reference, native ddG; complete gzip JSONL outputs",archive_worker,False,ooff,72,57.64991609999993,0,benchmarks/ddg/iterations/20260908-full-scn2a-paired-direct/result.json
20260908-full-scn2a-paired-direct,8,"EC2 m7i.2xlarge, 8 hardware threads, 32 GiB, output gp3 500 MiB/s",114889,,,,,"All repeat-filtered SCN2A gene-body 20mers; all other-gene intervals k<=3 across full human RNA reference, native ddG; complete gzip JSONL outputs",discovery_worker,False,ooff,76,23.423480672999858,0,benchmarks/ddg/iterations/20260908-full-scn2a-paired-direct/result.json
20260908-full-scn2a-paired-direct,8,"EC2 m7i.2xlarge, 8 hardware threads, 32 GiB, output gp3 500 MiB/s",114889,,,,,"All repeat-filtered SCN2A gene-body 20mers; all other-gene intervals k<=3 across full human RNA reference, native ddG; complete gzip JSONL outputs",ddg_worker,False,ooff,76,107.48882196499994,0,benchmarks/ddg/iterations/20260908-full-scn2a-paired-direct/result.json
20260908-full-scn2a-paired-direct,8,"EC2 m7i.2xlarge, 8 hardware threads, 32 GiB, output gp3 500 MiB/s",114889,,,,,"All repeat-filtered SCN2A gene-body 20mers; all other-gene intervals k<=3 across full human RNA reference, native ddG; complete gzip JSONL outputs",archive_worker,False,ooff,76,36.87731752900004,0,benchmarks/ddg/iterations/20260908-full-scn2a-paired-direct/result.json
20260908-full-scn2a-paired-direct,8,"EC2 m7i.2xlarge, 8 hardware threads, 32 GiB, output gp3 500 MiB/s",114889,,,,,"All repeat-filtered SCN2A gene-body 20mers; all other-gene intervals k<=3 across full human RNA reference, native ddG; complete gzip JSONL outputs",discovery_worker,False,ooff,80,20.410546134000015,0,benchmarks/ddg/iterations/20260908-full-scn2a-paired-direct/result.json
20260908-full-scn2a-paired-direct,8,"EC2 m7i.2xlarge, 8 hardware threads, 32 GiB, output gp3 500 MiB/s",114889,,,,,"All repeat-filtered SCN2A gene-body 20mers; all other-gene intervals k<=3 across full human RNA reference, native ddG; complete gzip JSONL outputs",ddg_worker,False,ooff,80,46.742871957000034,0,benchmarks/ddg/iterations/20260908-full-scn2a-paired-direct/result.json
20260908-full-scn2a-paired-direct,8,"EC2 m7i.2xlarge, 8 hardware threads, 32 GiB, output gp3 500 MiB/s",114889,,,,,"All repeat-filtered SCN2A gene-body 20mers; all other-gene intervals k<=3 across full human RNA reference, native ddG; complete gzip JSONL outputs",archive_worker,False,ooff,80,25.902483986000107,0,benchmarks/ddg/iterations/20260908-full-scn2a-paired-direct/result.json
20260908-full-scn2a-paired-direct,8,"EC2 m7i.2xlarge, 8 hardware threads, 32 GiB, output gp3 500 MiB/s",114889,,,,,"All repeat-filtered SCN2A gene-body 20mers; all other-gene intervals k<=3 across full human RNA reference, native ddG; complete gzip JSONL outputs",discovery_worker,False,ooff,77,27.435639050999953,0,benchmarks/ddg/iterations/20260908-full-scn2a-paired-direct/result.json
20260908-full-scn2a-paired-direct,8,"EC2 m7i.2xlarge, 8 hardware threads, 32 GiB, output gp3 500 MiB/s",114889,,,,,"All repeat-filtered SCN2A gene-body 20mers; all other-gene intervals k<=3 across full human RNA reference, native ddG; complete gzip JSONL outputs",ddg_worker,False,ooff,77,107.50818629800006,0,benchmarks/ddg/iterations/20260908-full-scn2a-paired-direct/result.json
20260908-full-scn2a-paired-direct,8,"EC2 m7i.2xlarge, 8 hardware threads, 32 GiB, output gp3 500 MiB/s",114889,,,,,"All repeat-filtered SCN2A gene-body 20mers; all other-gene intervals k<=3 across full human RNA reference, native ddG; complete gzip JSONL outputs",archive_worker,False,ooff,77,59.54748716599988,0,benchmarks/ddg/iterations/20260908-full-scn2a-paired-direct/result.json
20260908-full-scn2a-paired-direct,8,"EC2 m7i.2xlarge, 8 hardware threads, 32 GiB, output gp3 500 MiB/s",114889,,,,,"All repeat-filtered SCN2A gene-body 20mers; all other-gene intervals k<=3 across full human RNA reference, native ddG; complete gzip JSONL outputs",discovery_worker,False,ooff,78,30.95029300300007,0,benchmarks/ddg/iterations/20260908-full-scn2a-paired-direct/result.json
20260908-full-scn2a-paired-direct,8,"EC2 m7i.2xlarge, 8 hardware threads, 32 GiB, output gp3 500 MiB/s",114889,,,,,"All repeat-filtered SCN2A gene-body 20mers; all other-gene intervals k<=3 across full human RNA reference, native ddG; complete gzip JSONL outputs",ddg_worker,False,ooff,78,97.47583726799985,0,benchmarks/ddg/iterations/20260908-full-scn2a-paired-direct/result.json
20260908-full-scn2a-paired-direct,8,"EC2 m7i.2xlarge, 8 hardware threads, 32 GiB, output gp3 500 MiB/s",114889,,,,,"All repeat-filtered SCN2A gene-body 20mers; all other-gene intervals k<=3 across full human RNA reference, native ddG; complete gzip JSONL outputs",archive_worker,False,ooff,78,55.100059442999964,0,benchmarks/ddg/iterations/20260908-full-scn2a-paired-direct/result.json
20260908-full-scn2a-paired-direct,8,"EC2 m7i.2xlarge, 8 hardware threads, 32 GiB, output gp3 500 MiB/s",114889,,,,,"All repeat-filtered SCN2A gene-body 20mers; all other-gene intervals k<=3 across full human RNA reference, native ddG; complete gzip JSONL outputs",discovery_worker,False,ooff,79,32.40271531099984,0,benchmarks/ddg/iterations/20260908-full-scn2a-paired-direct/result.json
20260908-full-scn2a-paired-direct,8,"EC2 m7i.2xlarge, 8 hardware threads, 32 GiB, output gp3 500 MiB/s",114889,,,,,"All repeat-filtered SCN2A gene-body 20mers; all other-gene intervals k<=3 across full human RNA reference, native ddG; complete gzip JSONL outputs",ddg_worker,False,ooff,79,110.98758863299986,0,benchmarks/ddg/iterations/20260908-full-scn2a-paired-direct/result.json
20260908-full-scn2a-paired-direct,8,"EC2 m7i.2xlarge, 8 hardware threads, 32 GiB, output gp3 500 MiB/s",114889,,,,,"All repeat-filtered SCN2A gene-body 20mers; all other-gene intervals k<=3 across full human RNA reference, native ddG; complete gzip JSONL outputs",archive_worker,False,ooff,79,58.44563832100016,0,benchmarks/ddg/iterations/20260908-full-scn2a-paired-direct/result.json
20260908-full-scn2a-paired-direct,8,"EC2 m7i.2xlarge, 8 hardware threads, 32 GiB, output gp3 500 MiB/s",114889,,,,,"All repeat-filtered SCN2A gene-body 20mers; all other-gene intervals k<=3 across full human RNA reference, native ddG; complete gzip JSONL outputs",discovery_worker,False,ooff,81,30.354494564999868,0,benchmarks/ddg/iterations/20260908-full-scn2a-paired-direct/result.json
20260908-full-scn2a-paired-direct,8,"EC2 m7i.2xlarge, 8 hardware threads, 32 GiB, output gp3 500 MiB/s",114889,,,,,"All repeat-filtered SCN2A gene-body 20mers; all other-gene intervals k<=3 across full human RNA reference, native ddG; complete gzip JSONL outputs",ddg_worker,False,ooff,81,112.3812255150001,0,benchmarks/ddg/iterations/20260908-full-scn2a-paired-direct/result.json
20260908-full-scn2a-paired-direct,8,"EC2 m7i.2xlarge, 8 hardware threads, 32 GiB, output gp3 500 MiB/s",114889,,,,,"All repeat-filtered SCN2A gene-body 20mers; all other-gene intervals k<=3 across full human RNA reference, native ddG; complete gzip JSONL outputs",archive_worker,False,ooff,81,54.482444860999976,0,benchmarks/ddg/iterations/20260908-full-scn2a-paired-direct/result.json
20260908-full-scn2a-paired-direct,8,"EC2 m7i.2xlarge, 8 hardware threads, 32 GiB, output gp3 500 MiB/s",114889,,,,,"All repeat-filtered SCN2A gene-body 20mers; all other-gene intervals k<=3 across full human RNA reference, native ddG; complete gzip JSONL outputs",discovery_worker,False,ooff,84,20.554126658000087,0,benchmarks/ddg/iterations/20260908-full-scn2a-paired-direct/result.json
20260908-full-scn2a-paired-direct,8,"EC2 m7i.2xlarge, 8 hardware threads, 32 GiB, output gp3 500 MiB/s",114889,,,,,"All repeat-filtered SCN2A gene-body 20mers; all other-gene intervals k<=3 across full human RNA reference, native ddG; complete gzip JSONL outputs",ddg_worker,False,ooff,84,101.86136830200007,0,benchmarks/ddg/iterations/20260908-full-scn2a-paired-direct/result.json
20260908-full-scn2a-paired-direct,8,"EC2 m7i.2xlarge, 8 hardware threads, 32 GiB, output gp3 500 MiB/s",114889,,,,,"All repeat-filtered SCN2A gene-body 20mers; all other-gene intervals k<=3 across full human RNA reference, native ddG; complete gzip JSONL outputs",archive_worker,False,ooff,84,36.5664735580001,0,benchmarks/ddg/iterations/20260908-full-scn2a-paired-direct/result.json
20260908-full-scn2a-paired-direct,8,"EC2 m7i.2xlarge, 8 hardware threads, 32 GiB, output gp3 500 MiB/s",114889,,,,,"All repeat-filtered SCN2A gene-body 20mers; all other-gene intervals k<=3 across full human RNA reference, native ddG; complete gzip JSONL outputs",discovery_worker,False,ooff,82,31.423920626999916,0,benchmarks/ddg/iterations/20260908-full-scn2a-paired-direct/result.json
20260908-full-scn2a-paired-direct,8,"EC2 m7i.2xlarge, 8 hardware threads, 32 GiB, output gp3 500 MiB/s",114889,,,,,"All repeat-filtered SCN2A gene-body 20mers; all other-gene intervals k<=3 across full human RNA reference, native ddG; complete gzip JSONL outputs",ddg_worker,False,ooff,82,133.1636699589999,0,benchmarks/ddg/iterations/20260908-full-scn2a-paired-direct/result.json
20260908-full-scn2a-paired-direct,8,"EC2 m7i.2xlarge, 8 hardware threads, 32 GiB, output gp3 500 MiB/s",114889,,,,,"All repeat-filtered SCN2A gene-body 20mers; all other-gene intervals k<=3 across full human RNA reference, native ddG; complete gzip JSONL outputs",archive_worker,False,ooff,82,60.665419017999966,0,benchmarks/ddg/iterations/20260908-full-scn2a-paired-direct/result.json
20260908-full-scn2a-paired-direct,8,"EC2 m7i.2xlarge, 8 hardware threads, 32 GiB, output gp3 500 MiB/s",114889,,,,,"All repeat-filtered SCN2A gene-body 20mers; all other-gene intervals k<=3 across full human RNA reference, native ddG; complete gzip JSONL outputs",discovery_worker,False,ooff,83,23.16971714700003,0,benchmarks/ddg/iterations/20260908-full-scn2a-paired-direct/result.json
20260908-full-scn2a-paired-direct,8,"EC2 m7i.2xlarge, 8 hardware threads, 32 GiB, output gp3 500 MiB/s",114889,,,,,"All repeat-filtered SCN2A gene-body 20mers; all other-gene intervals k<=3 across full human RNA reference, native ddG; complete gzip JSONL outputs",ddg_worker,False,ooff,83,128.99499513499995,0,benchmarks/ddg/iterations/20260908-full-scn2a-paired-direct/result.json
20260908-full-scn2a-paired-direct,8,"EC2 m7i.2xlarge, 8 hardware threads, 32 GiB, output gp3 500 MiB/s",114889,,,,,"All repeat-filtered SCN2A gene-body 20mers; all other-gene intervals k<=3 across full human RNA reference, native ddG; complete gzip JSONL outputs",archive_worker,False,ooff,83,50.018926345999716,0,benchmarks/ddg/iterations/20260908-full-scn2a-paired-direct/result.json
20260908-full-scn2a-paired-direct,8,"EC2 m7i.2xlarge, 8 hardware threads, 32 GiB, output gp3 500 MiB/s",114889,,,,,"All repeat-filtered SCN2A gene-body 20mers; all other-gene intervals k<=3 across full human RNA reference, native ddG; complete gzip JSONL outputs",discovery_worker,False,ooff,86,19.90055591600003,0,benchmarks/ddg/iterations/20260908-full-scn2a-paired-direct/result.json
20260908-full-scn2a-paired-direct,8,"EC2 m7i.2xlarge, 8 hardware threads, 32 GiB, output gp3 500 MiB/s",114889,,,,,"All repeat-filtered SCN2A gene-body 20mers; all other-gene intervals k<=3 across full human RNA reference, native ddG; complete gzip JSONL outputs",ddg_worker,False,ooff,86,89.93317336299992,0,benchmarks/ddg/iterations/20260908-full-scn2a-paired-direct/result.json
20260908-full-scn2a-paired-direct,8,"EC2 m7i.2xlarge, 8 hardware threads, 32 GiB, output gp3 500 MiB/s",114889,,,,,"All repeat-filtered SCN2A gene-body 20mers; all other-gene intervals k<=3 across full human RNA reference, native ddG; complete gzip JSONL outputs",archive_worker,False,ooff,86,29.58483795899997,0,benchmarks/ddg/iterations/20260908-full-scn2a-paired-direct/result.json
20260908-full-scn2a-paired-direct,8,"EC2 m7i.2xlarge, 8 hardware threads, 32 GiB, output gp3 500 MiB/s",114889,,,,,"All repeat-filtered SCN2A gene-body 20mers; all other-gene intervals k<=3 across full human RNA reference, native ddG; complete gzip JSONL outputs",discovery_worker,False,ooff,85,21.808688519000043,0,benchmarks/ddg/iterations/20260908-full-scn2a-paired-direct/result.json
20260908-full-scn2a-paired-direct,8,"EC2 m7i.2xlarge, 8 hardware threads, 32 GiB, output gp3 500 MiB/s",114889,,,,,"All repeat-filtered SCN2A gene-body 20mers; all other-gene intervals k<=3 across full human RNA reference, native ddG; complete gzip JSONL outputs",ddg_worker,False,ooff,85,112.983156302,0,benchmarks/ddg/iterations/20260908-full-scn2a-paired-direct/result.json
20260908-full-scn2a-paired-direct,8,"EC2 m7i.2xlarge, 8 hardware threads, 32 GiB, output gp3 500 MiB/s",114889,,,,,"All repeat-filtered SCN2A gene-body 20mers; all other-gene intervals k<=3 across full human RNA reference, native ddG; complete gzip JSONL outputs",archive_worker,False,ooff,85,34.82026842799996,0,benchmarks/ddg/iterations/20260908-full-scn2a-paired-direct/result.json
20260908-full-scn2a-paired-direct,8,"EC2 m7i.2xlarge, 8 hardware threads, 32 GiB, output gp3 500 MiB/s",114889,,,,,"All repeat-filtered SCN2A gene-body 20mers; all other-gene intervals k<=3 across full human RNA reference, native ddG; complete gzip JSONL outputs",discovery_worker,False,ooff,88,18.81416711199995,0,benchmarks/ddg/iterations/20260908-full-scn2a-paired-direct/result.json
20260908-full-scn2a-paired-direct,8,"EC2 m7i.2xlarge, 8 hardware threads, 32 GiB, output gp3 500 MiB/s",114889,,,,,"All repeat-filtered SCN2A gene-body 20mers; all other-gene intervals k<=3 across full human RNA reference, native ddG; complete gzip JSONL outputs",ddg_worker,False,ooff,88,49.75619501699998,0,benchmarks/ddg/iterations/20260908-full-scn2a-paired-direct/result.json
20260908-full-scn2a-paired-direct,8,"EC2 m7i.2xlarge, 8 hardware threads, 32 GiB, output gp3 500 MiB/s",114889,,,,,"All repeat-filtered SCN2A gene-body 20mers; all other-gene intervals k<=3 across full human RNA reference, native ddG; complete gzip JSONL outputs",archive_worker,False,ooff,88,11.064608405999934,0,benchmarks/ddg/iterations/20260908-full-scn2a-paired-direct/result.json
20260908-full-scn2a-paired-direct,8,"EC2 m7i.2xlarge, 8 hardware threads, 32 GiB, output gp3 500 MiB/s",114889,,,,,"All repeat-filtered SCN2A gene-body 20mers; all other-gene intervals k<=3 across full human RNA reference, native ddG; complete gzip JSONL outputs",discovery_worker,False,ooff,87,26.268505907999952,0,benchmarks/ddg/iterations/20260908-full-scn2a-paired-direct/result.json
20260908-full-scn2a-paired-direct,8,"EC2 m7i.2xlarge, 8 hardware threads, 32 GiB, output gp3 500 MiB/s",114889,,,,,"All repeat-filtered SCN2A gene-body 20mers; all other-gene intervals k<=3 across full human RNA reference, native ddG; complete gzip JSONL outputs",ddg_worker,False,ooff,87,65.43587407300015,0,benchmarks/ddg/iterations/20260908-full-scn2a-paired-direct/result.json
20260908-full-scn2a-paired-direct,8,"EC2 m7i.2xlarge, 8 hardware threads, 32 GiB, output gp3 500 MiB/s",114889,,,,,"All repeat-filtered SCN2A gene-body 20mers; all other-gene intervals k<=3 across full human RNA reference, native ddG; complete gzip JSONL outputs",archive_worker,False,ooff,87,17.78117703700036,0,benchmarks/ddg/iterations/20260908-full-scn2a-paired-direct/result.json
20260908-full-scn2a-paired-direct,8,"EC2 m7i.2xlarge, 8 hardware threads, 32 GiB, output gp3 500 MiB/s",114889,,,,,"All repeat-filtered SCN2A gene-body 20mers; all other-gene intervals k<=3 across full human RNA reference, native ddG; complete gzip JSONL outputs",discovery_worker,False,ooff,89,20.409067625000034,0,benchmarks/ddg/iterations/20260908-full-scn2a-paired-direct/result.json
20260908-full-scn2a-paired-direct,8,"EC2 m7i.2xlarge, 8 hardware threads, 32 GiB, output gp3 500 MiB/s",114889,,,,,"All repeat-filtered SCN2A gene-body 20mers; all other-gene intervals k<=3 across full human RNA reference, native ddG; complete gzip JSONL outputs",ddg_worker,False,ooff,89,46.36394978700014,0,benchmarks/ddg/iterations/20260908-full-scn2a-paired-direct/result.json
20260908-full-scn2a-paired-direct,8,"EC2 m7i.2xlarge, 8 hardware threads, 32 GiB, output gp3 500 MiB/s",114889,,,,,"All repeat-filtered SCN2A gene-body 20mers; all other-gene intervals k<=3 across full human RNA reference, native ddG; complete gzip JSONL outputs",archive_worker,False,ooff,89,15.448071193000033,0,benchmarks/ddg/iterations/20260908-full-scn2a-paired-direct/result.json
20260908-full-scn2a-paired-direct,8,"EC2 m7i.2xlarge, 8 hardware threads, 32 GiB, output gp3 500 MiB/s",114889,,,,,"All repeat-filtered SCN2A gene-body 20mers; all other-gene intervals k<=3 across full human RNA reference, native ddG; complete gzip JSONL outputs",discovery_worker,False,ooff,90,21.364445886999874,0,benchmarks/ddg/iterations/20260908-full-scn2a-paired-direct/result.json
20260908-full-scn2a-paired-direct,8,"EC2 m7i.2xlarge, 8 hardware threads, 32 GiB, output gp3 500 MiB/s",114889,,,,,"All repeat-filtered SCN2A gene-body 20mers; all other-gene intervals k<=3 across full human RNA reference, native ddG; complete gzip JSONL outputs",ddg_worker,False,ooff,90,47.43916442699992,0,benchmarks/ddg/iterations/20260908-full-scn2a-paired-direct/result.json
20260908-full-scn2a-paired-direct,8,"EC2 m7i.2xlarge, 8 hardware threads, 32 GiB, output gp3 500 MiB/s",114889,,,,,"All repeat-filtered SCN2A gene-body 20mers; all other-gene intervals k<=3 across full human RNA reference, native ddG; complete gzip JSONL outputs",archive_worker,False,ooff,90,15.562851155999851,0,benchmarks/ddg/iterations/20260908-full-scn2a-paired-direct/result.json
20260908-full-scn2a-paired-direct,8,"EC2 m7i.2xlarge, 8 hardware threads, 32 GiB, output gp3 500 MiB/s",114889,,,,,"All repeat-filtered SCN2A gene-body 20mers; all other-gene intervals k<=3 across full human RNA reference, native ddG; complete gzip JSONL outputs",discovery_worker,False,ooff,91,21.043490159000157,0,benchmarks/ddg/iterations/20260908-full-scn2a-paired-direct/result.json
20260908-full-scn2a-paired-direct,8,"EC2 m7i.2xlarge, 8 hardware threads, 32 GiB, output gp3 500 MiB/s",114889,,,,,"All repeat-filtered SCN2A gene-body 20mers; all other-gene intervals k<=3 across full human RNA reference, native ddG; complete gzip JSONL outputs",ddg_worker,False,ooff,91,40.57130824700016,0,benchmarks/ddg/iterations/20260908-full-scn2a-paired-direct/result.json
20260908-full-scn2a-paired-direct,8,"EC2 m7i.2xlarge, 8 hardware threads, 32 GiB, output gp3 500 MiB/s",114889,,,,,"All repeat-filtered SCN2A gene-body 20mers; all other-gene intervals k<=3 across full human RNA reference, native ddG; complete gzip JSONL outputs",archive_worker,False,ooff,91,13.80131144500001,0,benchmarks/ddg/iterations/20260908-full-scn2a-paired-direct/result.json
20260908-full-scn2a-paired-direct,8,"EC2 m7i.2xlarge, 8 hardware threads, 32 GiB, output gp3 500 MiB/s",114889,,,,,"All repeat-filtered SCN2A gene-body 20mers; all other-gene intervals k<=3 across full human RNA reference, native ddG; complete gzip JSONL outputs",discovery_worker,False,ooff,92,21.942687828999624,0,benchmarks/ddg/iterations/20260908-full-scn2a-paired-direct/result.json
20260908-full-scn2a-paired-direct,8,"EC2 m7i.2xlarge, 8 hardware threads, 32 GiB, output gp3 500 MiB/s",114889,,,,,"All repeat-filtered SCN2A gene-body 20mers; all other-gene intervals k<=3 across full human RNA reference, native ddG; complete gzip JSONL outputs",ddg_worker,False,ooff,92,41.94856148100007,0,benchmarks/ddg/iterations/20260908-full-scn2a-paired-direct/result.json
20260908-full-scn2a-paired-direct,8,"EC2 m7i.2xlarge, 8 hardware threads, 32 GiB, output gp3 500 MiB/s",114889,,,,,"All repeat-filtered SCN2A gene-body 20mers; all other-gene intervals k<=3 across full human RNA reference, native ddG; complete gzip JSONL outputs",archive_worker,False,ooff,92,12.060712866999893,0,benchmarks/ddg/iterations/20260908-full-scn2a-paired-direct/result.json
20260908-full-scn2a-paired-direct,8,"EC2 m7i.2xlarge, 8 hardware threads, 32 GiB, output gp3 500 MiB/s",114889,,,,,"All repeat-filtered SCN2A gene-body 20mers; all other-gene intervals k<=3 across full human RNA reference, native ddG; complete gzip JSONL outputs",discovery_worker,False,ooff,93,25.17846442600012,0,benchmarks/ddg/iterations/20260908-full-scn2a-paired-direct/result.json
20260908-full-scn2a-paired-direct,8,"EC2 m7i.2xlarge, 8 hardware threads, 32 GiB, output gp3 500 MiB/s",114889,,,,,"All repeat-filtered SCN2A gene-body 20mers; all other-gene intervals k<=3 across full human RNA reference, native ddG; complete gzip JSONL outputs",ddg_worker,False,ooff,93,43.65840648199992,0,benchmarks/ddg/iterations/20260908-full-scn2a-paired-direct/result.json
20260908-full-scn2a-paired-direct,8,"EC2 m7i.2xlarge, 8 hardware threads, 32 GiB, output gp3 500 MiB/s",114889,,,,,"All repeat-filtered SCN2A gene-body 20mers; all other-gene intervals k<=3 across full human RNA reference, native ddG; complete gzip JSONL outputs",archive_worker,False,ooff,93,13.803327351999997,0,benchmarks/ddg/iterations/20260908-full-scn2a-paired-direct/result.json
20260908-full-scn2a-paired-direct,8,"EC2 m7i.2xlarge, 8 hardware threads, 32 GiB, output gp3 500 MiB/s",114889,,,,,"All repeat-filtered SCN2A gene-body 20mers; all other-gene intervals k<=3 across full human RNA reference, native ddG; complete gzip JSONL outputs",discovery_worker,False,ooff,94,27.687206640000113,0,benchmarks/ddg/iterations/20260908-full-scn2a-paired-direct/result.json
20260908-full-scn2a-paired-direct,8,"EC2 m7i.2xlarge, 8 hardware threads, 32 GiB, output gp3 500 MiB/s",114889,,,,,"All repeat-filtered SCN2A gene-body 20mers; all other-gene intervals k<=3 across full human RNA reference, native ddG; complete gzip JSONL outputs",ddg_worker,False,ooff,94,53.97893630699991,0,benchmarks/ddg/iterations/20260908-full-scn2a-paired-direct/result.json
20260908-full-scn2a-paired-direct,8,"EC2 m7i.2xlarge, 8 hardware threads, 32 GiB, output gp3 500 MiB/s",114889,,,,,"All repeat-filtered SCN2A gene-body 20mers; all other-gene intervals k<=3 across full human RNA reference, native ddG; complete gzip JSONL outputs",archive_worker,False,ooff,94,30.165112494999903,0,benchmarks/ddg/iterations/20260908-full-scn2a-paired-direct/result.json
20260908-full-scn2a-paired-direct,8,"EC2 m7i.2xlarge, 8 hardware threads, 32 GiB, output gp3 500 MiB/s",114889,,,,,"All repeat-filtered SCN2A gene-body 20mers; all other-gene intervals k<=3 across full human RNA reference, native ddG; complete gzip JSONL outputs",discovery_worker,False,ooff,97,26.379767578000155,0,benchmarks/ddg/iterations/20260908-full-scn2a-paired-direct/result.json
20260908-full-scn2a-paired-direct,8,"EC2 m7i.2xlarge, 8 hardware threads, 32 GiB, output gp3 500 MiB/s",114889,,,,,"All repeat-filtered SCN2A gene-body 20mers; all other-gene intervals k<=3 across full human RNA reference, native ddG; complete gzip JSONL outputs",ddg_worker,False,ooff,97,77.36166755900013,0,benchmarks/ddg/iterations/20260908-full-scn2a-paired-direct/result.json
20260908-full-scn2a-paired-direct,8,"EC2 m7i.2xlarge, 8 hardware threads, 32 GiB, output gp3 500 MiB/s",114889,,,,,"All repeat-filtered SCN2A gene-body 20mers; all other-gene intervals k<=3 across full human RNA reference, native ddG; complete gzip JSONL outputs",archive_worker,False,ooff,97,35.5617338510001,0,benchmarks/ddg/iterations/20260908-full-scn2a-paired-direct/result.json
20260908-full-scn2a-paired-direct,8,"EC2 m7i.2xlarge, 8 hardware threads, 32 GiB, output gp3 500 MiB/s",114889,,,,,"All repeat-filtered SCN2A gene-body 20mers; all other-gene intervals k<=3 across full human RNA reference, native ddG; complete gzip JSONL outputs",discovery_worker,False,ooff,98,27.757536953,0,benchmarks/ddg/iterations/20260908-full-scn2a-paired-direct/result.json
20260908-full-scn2a-paired-direct,8,"EC2 m7i.2xlarge, 8 hardware threads, 32 GiB, output gp3 500 MiB/s",114889,,,,,"All repeat-filtered SCN2A gene-body 20mers; all other-gene intervals k<=3 across full human RNA reference, native ddG; complete gzip JSONL outputs",ddg_worker,False,ooff,98,65.44729394600017,0,benchmarks/ddg/iterations/20260908-full-scn2a-paired-direct/result.json
20260908-full-scn2a-paired-direct,8,"EC2 m7i.2xlarge, 8 hardware threads, 32 GiB, output gp3 500 MiB/s",114889,,,,,"All repeat-filtered SCN2A gene-body 20mers; all other-gene intervals k<=3 across full human RNA reference, native ddG; complete gzip JSONL outputs",archive_worker,False,ooff,98,38.07955966700001,0,benchmarks/ddg/iterations/20260908-full-scn2a-paired-direct/result.json
20260908-full-scn2a-paired-direct,8,"EC2 m7i.2xlarge, 8 hardware threads, 32 GiB, output gp3 500 MiB/s",114889,,,,,"All repeat-filtered SCN2A gene-body 20mers; all other-gene intervals k<=3 across full human RNA reference, native ddG; complete gzip JSONL outputs",discovery_worker,False,ooff,95,31.032999449999807,0,benchmarks/ddg/iterations/20260908-full-scn2a-paired-direct/result.json
20260908-full-scn2a-paired-direct,8,"EC2 m7i.2xlarge, 8 hardware threads, 32 GiB, output gp3 500 MiB/s",114889,,,,,"All repeat-filtered SCN2A gene-body 20mers; all other-gene intervals k<=3 across full human RNA reference, native ddG; complete gzip JSONL outputs",ddg_worker,False,ooff,95,85.32378703599989,0,benchmarks/ddg/iterations/20260908-full-scn2a-paired-direct/result.json
20260908-full-scn2a-paired-direct,8,"EC2 m7i.2xlarge, 8 hardware threads, 32 GiB, output gp3 500 MiB/s",114889,,,,,"All repeat-filtered SCN2A gene-body 20mers; all other-gene intervals k<=3 across full human RNA reference, native ddG; complete gzip JSONL outputs",archive_worker,False,ooff,95,55.85168667199969,0,benchmarks/ddg/iterations/20260908-full-scn2a-paired-direct/result.json
20260908-full-scn2a-paired-direct,8,"EC2 m7i.2xlarge, 8 hardware threads, 32 GiB, output gp3 500 MiB/s",114889,,,,,"All repeat-filtered SCN2A gene-body 20mers; all other-gene intervals k<=3 across full human RNA reference, native ddG; complete gzip JSONL outputs",discovery_worker,False,ooff,96,35.169905238999945,0,benchmarks/ddg/iterations/20260908-full-scn2a-paired-direct/result.json
20260908-full-scn2a-paired-direct,8,"EC2 m7i.2xlarge, 8 hardware threads, 32 GiB, output gp3 500 MiB/s",114889,,,,,"All repeat-filtered SCN2A gene-body 20mers; all other-gene intervals k<=3 across full human RNA reference, native ddG; complete gzip JSONL outputs",ddg_worker,False,ooff,96,98.34443313299971,0,benchmarks/ddg/iterations/20260908-full-scn2a-paired-direct/result.json
20260908-full-scn2a-paired-direct,8,"EC2 m7i.2xlarge, 8 hardware threads, 32 GiB, output gp3 500 MiB/s",114889,,,,,"All repeat-filtered SCN2A gene-body 20mers; all other-gene intervals k<=3 across full human RNA reference, native ddG; complete gzip JSONL outputs",archive_worker,False,ooff,96,61.52577187399993,0,benchmarks/ddg/iterations/20260908-full-scn2a-paired-direct/result.json
20260908-full-scn2a-paired-direct,8,"EC2 m7i.2xlarge, 8 hardware threads, 32 GiB, output gp3 500 MiB/s",114889,,,,,"All repeat-filtered SCN2A gene-body 20mers; all other-gene intervals k<=3 across full human RNA reference, native ddG; complete gzip JSONL outputs",discovery_worker,False,ooff,101,23.606762634000006,0,benchmarks/ddg/iterations/20260908-full-scn2a-paired-direct/result.json
20260908-full-scn2a-paired-direct,8,"EC2 m7i.2xlarge, 8 hardware threads, 32 GiB, output gp3 500 MiB/s",114889,,,,,"All repeat-filtered SCN2A gene-body 20mers; all other-gene intervals k<=3 across full human RNA reference, native ddG; complete gzip JSONL outputs",ddg_worker,False,ooff,101,95.19660928199983,0,benchmarks/ddg/iterations/20260908-full-scn2a-paired-direct/result.json
20260908-full-scn2a-paired-direct,8,"EC2 m7i.2xlarge, 8 hardware threads, 32 GiB, output gp3 500 MiB/s",114889,,,,,"All repeat-filtered SCN2A gene-body 20mers; all other-gene intervals k<=3 across full human RNA reference, native ddG; complete gzip JSONL outputs",archive_worker,False,ooff,101,34.289220246999776,0,benchmarks/ddg/iterations/20260908-full-scn2a-paired-direct/result.json
20260908-full-scn2a-paired-direct,8,"EC2 m7i.2xlarge, 8 hardware threads, 32 GiB, output gp3 500 MiB/s",114889,,,,,"All repeat-filtered SCN2A gene-body 20mers; all other-gene intervals k<=3 across full human RNA reference, native ddG; complete gzip JSONL outputs",discovery_worker,False,ooff,102,17.202348514999812,0,benchmarks/ddg/iterations/20260908-full-scn2a-paired-direct/result.json
20260908-full-scn2a-paired-direct,8,"EC2 m7i.2xlarge, 8 hardware threads, 32 GiB, output gp3 500 MiB/s",114889,,,,,"All repeat-filtered SCN2A gene-body 20mers; all other-gene intervals k<=3 across full human RNA reference, native ddG; complete gzip JSONL outputs",ddg_worker,False,ooff,102,81.87537710000015,0,benchmarks/ddg/iterations/20260908-full-scn2a-paired-direct/result.json
20260908-full-scn2a-paired-direct,8,"EC2 m7i.2xlarge, 8 hardware threads, 32 GiB, output gp3 500 MiB/s",114889,,,,,"All repeat-filtered SCN2A gene-body 20mers; all other-gene intervals k<=3 across full human RNA reference, native ddG; complete gzip JSONL outputs",archive_worker,False,ooff,102,26.524448606999613,0,benchmarks/ddg/iterations/20260908-full-scn2a-paired-direct/result.json
20260908-full-scn2a-paired-direct,8,"EC2 m7i.2xlarge, 8 hardware threads, 32 GiB, output gp3 500 MiB/s",114889,,,,,"All repeat-filtered SCN2A gene-body 20mers; all other-gene intervals k<=3 across full human RNA reference, native ddG; complete gzip JSONL outputs",discovery_worker,False,ooff,99,30.301080474999708,0,benchmarks/ddg/iterations/20260908-full-scn2a-paired-direct/result.json
20260908-full-scn2a-paired-direct,8,"EC2 m7i.2xlarge, 8 hardware threads, 32 GiB, output gp3 500 MiB/s",114889,,,,,"All repeat-filtered SCN2A gene-body 20mers; all other-gene intervals k<=3 across full human RNA reference, native ddG; complete gzip JSONL outputs",ddg_worker,False,ooff,99,122.00988811000025,0,benchmarks/ddg/iterations/20260908-full-scn2a-paired-direct/result.json
20260908-full-scn2a-paired-direct,8,"EC2 m7i.2xlarge, 8 hardware threads, 32 GiB, output gp3 500 MiB/s",114889,,,,,"All repeat-filtered SCN2A gene-body 20mers; all other-gene intervals k<=3 across full human RNA reference, native ddG; complete gzip JSONL outputs",archive_worker,False,ooff,99,48.43267532100026,0,benchmarks/ddg/iterations/20260908-full-scn2a-paired-direct/result.json
20260908-full-scn2a-paired-direct,8,"EC2 m7i.2xlarge, 8 hardware threads, 32 GiB, output gp3 500 MiB/s",114889,,,,,"All repeat-filtered SCN2A gene-body 20mers; all other-gene intervals k<=3 across full human RNA reference, native ddG; complete gzip JSONL outputs",discovery_worker,False,ooff,103,22.80814829300016,0,benchmarks/ddg/iterations/20260908-full-scn2a-paired-direct/result.json
20260908-full-scn2a-paired-direct,8,"EC2 m7i.2xlarge, 8 hardware threads, 32 GiB, output gp3 500 MiB/s",114889,,,,,"All repeat-filtered SCN2A gene-body 20mers; all other-gene intervals k<=3 across full human RNA reference, native ddG; complete gzip JSONL outputs",ddg_worker,False,ooff,103,49.82545558599986,0,benchmarks/ddg/iterations/20260908-full-scn2a-paired-direct/result.json
20260908-full-scn2a-paired-direct,8,"EC2 m7i.2xlarge, 8 hardware threads, 32 GiB, output gp3 500 MiB/s",114889,,,,,"All repeat-filtered SCN2A gene-body 20mers; all other-gene intervals k<=3 across full human RNA reference, native ddG; complete gzip JSONL outputs",archive_worker,False,ooff,103,37.136893239000074,0,benchmarks/ddg/iterations/20260908-full-scn2a-paired-direct/result.json
20260908-full-scn2a-paired-direct,8,"EC2 m7i.2xlarge, 8 hardware threads, 32 GiB, output gp3 500 MiB/s",114889,,,,,"All repeat-filtered SCN2A gene-body 20mers; all other-gene intervals k<=3 across full human RNA reference, native ddG; complete gzip JSONL outputs",discovery_worker,False,ooff,100,30.674989605000064,0,benchmarks/ddg/iterations/20260908-full-scn2a-paired-direct/result.json
20260908-full-scn2a-paired-direct,8,"EC2 m7i.2xlarge, 8 hardware threads, 32 GiB, output gp3 500 MiB/s",114889,,,,,"All repeat-filtered SCN2A gene-body 20mers; all other-gene intervals k<=3 across full human RNA reference, native ddG; complete gzip JSONL outputs",ddg_worker,False,ooff,100,126.10419264800021,0,benchmarks/ddg/iterations/20260908-full-scn2a-paired-direct/result.json
20260908-full-scn2a-paired-direct,8,"EC2 m7i.2xlarge, 8 hardware threads, 32 GiB, output gp3 500 MiB/s",114889,,,,,"All repeat-filtered SCN2A gene-body 20mers; all other-gene intervals k<=3 across full human RNA reference, native ddG; complete gzip JSONL outputs",archive_worker,False,ooff,100,63.23477951099994,0,benchmarks/ddg/iterations/20260908-full-scn2a-paired-direct/result.json
20260908-full-scn2a-paired-direct,8,"EC2 m7i.2xlarge, 8 hardware threads, 32 GiB, output gp3 500 MiB/s",114889,,,,,"All repeat-filtered SCN2A gene-body 20mers; all other-gene intervals k<=3 across full human RNA reference, native ddG; complete gzip JSONL outputs",discovery_worker,False,ooff,104,16.894698637000147,0,benchmarks/ddg/iterations/20260908-full-scn2a-paired-direct/result.json
20260908-full-scn2a-paired-direct,8,"EC2 m7i.2xlarge, 8 hardware threads, 32 GiB, output gp3 500 MiB/s",114889,,,,,"All repeat-filtered SCN2A gene-body 20mers; all other-gene intervals k<=3 across full human RNA reference, native ddG; complete gzip JSONL outputs",ddg_worker,False,ooff,104,68.49934159299983,0,benchmarks/ddg/iterations/20260908-full-scn2a-paired-direct/result.json
20260908-full-scn2a-paired-direct,8,"EC2 m7i.2xlarge, 8 hardware threads, 32 GiB, output gp3 500 MiB/s",114889,,,,,"All repeat-filtered SCN2A gene-body 20mers; all other-gene intervals k<=3 across full human RNA reference, native ddG; complete gzip JSONL outputs",archive_worker,False,ooff,104,22.26133850799988,0,benchmarks/ddg/iterations/20260908-full-scn2a-paired-direct/result.json
20260908-full-scn2a-paired-direct,8,"EC2 m7i.2xlarge, 8 hardware threads, 32 GiB, output gp3 500 MiB/s",114889,,,,,"All repeat-filtered SCN2A gene-body 20mers; all other-gene intervals k<=3 across full human RNA reference, native ddG; complete gzip JSONL outputs",discovery_worker,False,ooff,105,19.8525063699999,0,benchmarks/ddg/iterations/20260908-full-scn2a-paired-direct/result.json
20260908-full-scn2a-paired-direct,8,"EC2 m7i.2xlarge, 8 hardware threads, 32 GiB, output gp3 500 MiB/s",114889,,,,,"All repeat-filtered SCN2A gene-body 20mers; all other-gene intervals k<=3 across full human RNA reference, native ddG; complete gzip JSONL outputs",ddg_worker,False,ooff,105,75.60599604299978,0,benchmarks/ddg/iterations/20260908-full-scn2a-paired-direct/result.json
20260908-full-scn2a-paired-direct,8,"EC2 m7i.2xlarge, 8 hardware threads, 32 GiB, output gp3 500 MiB/s",114889,,,,,"All repeat-filtered SCN2A gene-body 20mers; all other-gene intervals k<=3 across full human RNA reference, native ddG; complete gzip JSONL outputs",archive_worker,False,ooff,105,21.970626464999896,0,benchmarks/ddg/iterations/20260908-full-scn2a-paired-direct/result.json
20260908-full-scn2a-paired-direct,8,"EC2 m7i.2xlarge, 8 hardware threads, 32 GiB, output gp3 500 MiB/s",114889,,,,,"All repeat-filtered SCN2A gene-body 20mers; all other-gene intervals k<=3 across full human RNA reference, native ddG; complete gzip JSONL outputs",discovery_worker,False,ooff,108,20.23262316399996,0,benchmarks/ddg/iterations/20260908-full-scn2a-paired-direct/result.json
20260908-full-scn2a-paired-direct,8,"EC2 m7i.2xlarge, 8 hardware threads, 32 GiB, output gp3 500 MiB/s",114889,,,,,"All repeat-filtered SCN2A gene-body 20mers; all other-gene intervals k<=3 across full human RNA reference, native ddG; complete gzip JSONL outputs",ddg_worker,False,ooff,108,48.38226100999964,0,benchmarks/ddg/iterations/20260908-full-scn2a-paired-direct/result.json
20260908-full-scn2a-paired-direct,8,"EC2 m7i.2xlarge, 8 hardware threads, 32 GiB, output gp3 500 MiB/s",114889,,,,,"All repeat-filtered SCN2A gene-body 20mers; all other-gene intervals k<=3 across full human RNA reference, native ddG; complete gzip JSONL outputs",archive_worker,False,ooff,108,12.711481896999885,0,benchmarks/ddg/iterations/20260908-full-scn2a-paired-direct/result.json
20260908-full-scn2a-paired-direct,8,"EC2 m7i.2xlarge, 8 hardware threads, 32 GiB, output gp3 500 MiB/s",114889,,,,,"All repeat-filtered SCN2A gene-body 20mers; all other-gene intervals k<=3 across full human RNA reference, native ddG; complete gzip JSONL outputs",discovery_worker,False,ooff,107,26.44198872700008,0,benchmarks/ddg/iterations/20260908-full-scn2a-paired-direct/result.json
20260908-full-scn2a-paired-direct,8,"EC2 m7i.2xlarge, 8 hardware threads, 32 GiB, output gp3 500 MiB/s",114889,,,,,"All repeat-filtered SCN2A gene-body 20mers; all other-gene intervals k<=3 across full human RNA reference, native ddG; complete gzip JSONL outputs",ddg_worker,False,ooff,107,78.2707629460001,0,benchmarks/ddg/iterations/20260908-full-scn2a-paired-direct/result.json
20260908-full-scn2a-paired-direct,8,"EC2 m7i.2xlarge, 8 hardware threads, 32 GiB, output gp3 500 MiB/s",114889,,,,,"All repeat-filtered SCN2A gene-body 20mers; all other-gene intervals k<=3 across full human RNA reference, native ddG; complete gzip JSONL outputs",archive_worker,False,ooff,107,45.598671162999835,0,benchmarks/ddg/iterations/20260908-full-scn2a-paired-direct/result.json
20260908-full-scn2a-paired-direct,8,"EC2 m7i.2xlarge, 8 hardware threads, 32 GiB, output gp3 500 MiB/s",114889,,,,,"All repeat-filtered SCN2A gene-body 20mers; all other-gene intervals k<=3 across full human RNA reference, native ddG; complete gzip JSONL outputs",discovery_worker,False,ooff,110,21.996824771999854,0,benchmarks/ddg/iterations/20260908-full-scn2a-paired-direct/result.json
20260908-full-scn2a-paired-direct,8,"EC2 m7i.2xlarge, 8 hardware threads, 32 GiB, output gp3 500 MiB/s",114889,,,,,"All repeat-filtered SCN2A gene-body 20mers; all other-gene intervals k<=3 across full human RNA reference, native ddG; complete gzip JSONL outputs",ddg_worker,False,ooff,110,65.50024215400026,0,benchmarks/ddg/iterations/20260908-full-scn2a-paired-direct/result.json
20260908-full-scn2a-paired-direct,8,"EC2 m7i.2xlarge, 8 hardware threads, 32 GiB, output gp3 500 MiB/s",114889,,,,,"All repeat-filtered SCN2A gene-body 20mers; all other-gene intervals k<=3 across full human RNA reference, native ddG; complete gzip JSONL outputs",archive_worker,False,ooff,110,34.26330094600007,0,benchmarks/ddg/iterations/20260908-full-scn2a-paired-direct/result.json
20260908-full-scn2a-paired-direct,8,"EC2 m7i.2xlarge, 8 hardware threads, 32 GiB, output gp3 500 MiB/s",114889,,,,,"All repeat-filtered SCN2A gene-body 20mers; all other-gene intervals k<=3 across full human RNA reference, native ddG; complete gzip JSONL outputs",discovery_worker,False,ooff,113,24.586447805999796,0,benchmarks/ddg/iterations/20260908-full-scn2a-paired-direct/result.json
20260908-full-scn2a-paired-direct,8,"EC2 m7i.2xlarge, 8 hardware threads, 32 GiB, output gp3 500 MiB/s",114889,,,,,"All repeat-filtered SCN2A gene-body 20mers; all other-gene intervals k<=3 across full human RNA reference, native ddG; complete gzip JSONL outputs",ddg_worker,False,ooff,113,124.1642023620002,0,benchmarks/ddg/iterations/20260908-full-scn2a-paired-direct/result.json
20260908-full-scn2a-paired-direct,8,"EC2 m7i.2xlarge, 8 hardware threads, 32 GiB, output gp3 500 MiB/s",114889,,,,,"All repeat-filtered SCN2A gene-body 20mers; all other-gene intervals k<=3 across full human RNA reference, native ddG; complete gzip JSONL outputs",archive_worker,False,ooff,113,41.96681999099974,0,benchmarks/ddg/iterations/20260908-full-scn2a-paired-direct/result.json
20260908-full-scn2a-paired-direct,8,"EC2 m7i.2xlarge, 8 hardware threads, 32 GiB, output gp3 500 MiB/s",114889,,,,,"All repeat-filtered SCN2A gene-body 20mers; all other-gene intervals k<=3 across full human RNA reference, native ddG; complete gzip JSONL outputs",discovery_worker,False,ooff,109,30.240072894999685,0,benchmarks/ddg/iterations/20260908-full-scn2a-paired-direct/result.json
20260908-full-scn2a-paired-direct,8,"EC2 m7i.2xlarge, 8 hardware threads, 32 GiB, output gp3 500 MiB/s",114889,,,,,"All repeat-filtered SCN2A gene-body 20mers; all other-gene intervals k<=3 across full human RNA reference, native ddG; complete gzip JSONL outputs",ddg_worker,False,ooff,109,154.29269599100007,0,benchmarks/ddg/iterations/20260908-full-scn2a-paired-direct/result.json
20260908-full-scn2a-paired-direct,8,"EC2 m7i.2xlarge, 8 hardware threads, 32 GiB, output gp3 500 MiB/s",114889,,,,,"All repeat-filtered SCN2A gene-body 20mers; all other-gene intervals k<=3 across full human RNA reference, native ddG; complete gzip JSONL outputs",archive_worker,False,ooff,109,81.07135855700017,0,benchmarks/ddg/iterations/20260908-full-scn2a-paired-direct/result.json
20260908-full-scn2a-paired-direct,8,"EC2 m7i.2xlarge, 8 hardware threads, 32 GiB, output gp3 500 MiB/s",114889,,,,,"All repeat-filtered SCN2A gene-body 20mers; all other-gene intervals k<=3 across full human RNA reference, native ddG; complete gzip JSONL outputs",discovery_worker,False,ooff,114,28.662534410000262,0,benchmarks/ddg/iterations/20260908-full-scn2a-paired-direct/result.json
20260908-full-scn2a-paired-direct,8,"EC2 m7i.2xlarge, 8 hardware threads, 32 GiB, output gp3 500 MiB/s",114889,,,,,"All repeat-filtered SCN2A gene-body 20mers; all other-gene intervals k<=3 across full human RNA reference, native ddG; complete gzip JSONL outputs",ddg_worker,False,ooff,114,147.63539712300008,0,benchmarks/ddg/iterations/20260908-full-scn2a-paired-direct/result.json
20260908-full-scn2a-paired-direct,8,"EC2 m7i.2xlarge, 8 hardware threads, 32 GiB, output gp3 500 MiB/s",114889,,,,,"All repeat-filtered SCN2A gene-body 20mers; all other-gene intervals k<=3 across full human RNA reference, native ddG; complete gzip JSONL outputs",archive_worker,False,ooff,114,59.36111181900014,0,benchmarks/ddg/iterations/20260908-full-scn2a-paired-direct/result.json
20260908-full-scn2a-paired-direct,8,"EC2 m7i.2xlarge, 8 hardware threads, 32 GiB, output gp3 500 MiB/s",114889,,,,,"All repeat-filtered SCN2A gene-body 20mers; all other-gene intervals k<=3 across full human RNA reference, native ddG; complete gzip JSONL outputs",discovery_worker,False,ooff,111,31.8531415489997,0,benchmarks/ddg/iterations/20260908-full-scn2a-paired-direct/result.json
20260908-full-scn2a-paired-direct,8,"EC2 m7i.2xlarge, 8 hardware threads, 32 GiB, output gp3 500 MiB/s",114889,,,,,"All repeat-filtered SCN2A gene-body 20mers; all other-gene intervals k<=3 across full human RNA reference, native ddG; complete gzip JSONL outputs",ddg_worker,False,ooff,111,172.92320694299997,0,benchmarks/ddg/iterations/20260908-full-scn2a-paired-direct/result.json
20260908-full-scn2a-paired-direct,8,"EC2 m7i.2xlarge, 8 hardware threads, 32 GiB, output gp3 500 MiB/s",114889,,,,,"All repeat-filtered SCN2A gene-body 20mers; all other-gene intervals k<=3 across full human RNA reference, native ddG; complete gzip JSONL outputs",archive_worker,False,ooff,111,72.3260202270003,0,benchmarks/ddg/iterations/20260908-full-scn2a-paired-direct/result.json
20260908-full-scn2a-paired-direct,8,"EC2 m7i.2xlarge, 8 hardware threads, 32 GiB, output gp3 500 MiB/s",114889,,,,,"All repeat-filtered SCN2A gene-body 20mers; all other-gene intervals k<=3 across full human RNA reference, native ddG; complete gzip JSONL outputs",discovery_worker,False,ooff,112,33.56416619900028,0,benchmarks/ddg/iterations/20260908-full-scn2a-paired-direct/result.json
20260908-full-scn2a-paired-direct,8,"EC2 m7i.2xlarge, 8 hardware threads, 32 GiB, output gp3 500 MiB/s",114889,,,,,"All repeat-filtered SCN2A gene-body 20mers; all other-gene intervals k<=3 across full human RNA reference, native ddG; complete gzip JSONL outputs",ddg_worker,False,ooff,112,173.59488803600016,0,benchmarks/ddg/iterations/20260908-full-scn2a-paired-direct/result.json
20260908-full-scn2a-paired-direct,8,"EC2 m7i.2xlarge, 8 hardware threads, 32 GiB, output gp3 500 MiB/s",114889,,,,,"All repeat-filtered SCN2A gene-body 20mers; all other-gene intervals k<=3 across full human RNA reference, native ddG; complete gzip JSONL outputs",archive_worker,False,ooff,112,71.73462236200021,0,benchmarks/ddg/iterations/20260908-full-scn2a-paired-direct/result.json
20260908-full-scn2a-paired-direct,8,"EC2 m7i.2xlarge, 8 hardware threads, 32 GiB, output gp3 500 MiB/s",114889,,,,,"All repeat-filtered SCN2A gene-body 20mers; all other-gene intervals k<=3 across full human RNA reference, native ddG; complete gzip JSONL outputs",discovery_worker,False,ooff,115,42.30985489400018,0,benchmarks/ddg/iterations/20260908-full-scn2a-paired-direct/result.json
20260908-full-scn2a-paired-direct,8,"EC2 m7i.2xlarge, 8 hardware threads, 32 GiB, output gp3 500 MiB/s",114889,,,,,"All repeat-filtered SCN2A gene-body 20mers; all other-gene intervals k<=3 across full human RNA reference, native ddG; complete gzip JSONL outputs",ddg_worker,False,ooff,115,149.8757769849999,0,benchmarks/ddg/iterations/20260908-full-scn2a-paired-direct/result.json
20260908-full-scn2a-paired-direct,8,"EC2 m7i.2xlarge, 8 hardware threads, 32 GiB, output gp3 500 MiB/s",114889,,,,,"All repeat-filtered SCN2A gene-body 20mers; all other-gene intervals k<=3 across full human RNA reference, native ddG; complete gzip JSONL outputs",archive_worker,False,ooff,115,69.01698635899993,0,benchmarks/ddg/iterations/20260908-full-scn2a-paired-direct/result.json
20260908-full-scn2a-paired-direct,8,"EC2 m7i.2xlarge, 8 hardware threads, 32 GiB, output gp3 500 MiB/s",114889,,,,,"All repeat-filtered SCN2A gene-body 20mers; all other-gene intervals k<=3 across full human RNA reference, native ddG; complete gzip JSONL outputs",discovery_worker,False,ooff,117,32.286118719000115,0,benchmarks/ddg/iterations/20260908-full-scn2a-paired-direct/result.json
20260908-full-scn2a-paired-direct,8,"EC2 m7i.2xlarge, 8 hardware threads, 32 GiB, output gp3 500 MiB/s",114889,,,,,"All repeat-filtered SCN2A gene-body 20mers; all other-gene intervals k<=3 across full human RNA reference, native ddG; complete gzip JSONL outputs",ddg_worker,False,ooff,117,80.37961134500028,0,benchmarks/ddg/iterations/20260908-full-scn2a-paired-direct/result.json
20260908-full-scn2a-paired-direct,8,"EC2 m7i.2xlarge, 8 hardware threads, 32 GiB, output gp3 500 MiB/s",114889,,,,,"All repeat-filtered SCN2A gene-body 20mers; all other-gene intervals k<=3 across full human RNA reference, native ddG; complete gzip JSONL outputs",archive_worker,False,ooff,117,35.31912309499967,0,benchmarks/ddg/iterations/20260908-full-scn2a-paired-direct/result.json
20260908-full-scn2a-paired-direct,8,"EC2 m7i.2xlarge, 8 hardware threads, 32 GiB, output gp3 500 MiB/s",114889,,,,,"All repeat-filtered SCN2A gene-body 20mers; all other-gene intervals k<=3 across full human RNA reference, native ddG; complete gzip JSONL outputs",discovery_worker,False,ooff,118,21.757943722000164,0,benchmarks/ddg/iterations/20260908-full-scn2a-paired-direct/result.json
20260908-full-scn2a-paired-direct,8,"EC2 m7i.2xlarge, 8 hardware threads, 32 GiB, output gp3 500 MiB/s",114889,,,,,"All repeat-filtered SCN2A gene-body 20mers; all other-gene intervals k<=3 across full human RNA reference, native ddG; complete gzip JSONL outputs",ddg_worker,False,ooff,118,71.7628169110003,0,benchmarks/ddg/iterations/20260908-full-scn2a-paired-direct/result.json
20260908-full-scn2a-paired-direct,8,"EC2 m7i.2xlarge, 8 hardware threads, 32 GiB, output gp3 500 MiB/s",114889,,,,,"All repeat-filtered SCN2A gene-body 20mers; all other-gene intervals k<=3 across full human RNA reference, native ddG; complete gzip JSONL outputs",archive_worker,False,ooff,118,32.70396549399993,0,benchmarks/ddg/iterations/20260908-full-scn2a-paired-direct/result.json
20260908-full-scn2a-paired-direct,8,"EC2 m7i.2xlarge, 8 hardware threads, 32 GiB, output gp3 500 MiB/s",114889,,,,,"All repeat-filtered SCN2A gene-body 20mers; all other-gene intervals k<=3 across full human RNA reference, native ddG; complete gzip JSONL outputs",discovery_worker,False,ooff,120,18.500331210999775,0,benchmarks/ddg/iterations/20260908-full-scn2a-paired-direct/result.json
20260908-full-scn2a-paired-direct,8,"EC2 m7i.2xlarge, 8 hardware threads, 32 GiB, output gp3 500 MiB/s",114889,,,,,"All repeat-filtered SCN2A gene-body 20mers; all other-gene intervals k<=3 across full human RNA reference, native ddG; complete gzip JSONL outputs",ddg_worker,False,ooff,120,71.31350256800033,0,benchmarks/ddg/iterations/20260908-full-scn2a-paired-direct/result.json
20260908-full-scn2a-paired-direct,8,"EC2 m7i.2xlarge, 8 hardware threads, 32 GiB, output gp3 500 MiB/s",114889,,,,,"All repeat-filtered SCN2A gene-body 20mers; all other-gene intervals k<=3 across full human RNA reference, native ddG; complete gzip JSONL outputs",archive_worker,False,ooff,120,25.46211101200015,0,benchmarks/ddg/iterations/20260908-full-scn2a-paired-direct/result.json
20260908-full-scn2a-paired-direct,8,"EC2 m7i.2xlarge, 8 hardware threads, 32 GiB, output gp3 500 MiB/s",114889,,,,,"All repeat-filtered SCN2A gene-body 20mers; all other-gene intervals k<=3 across full human RNA reference, native ddG; complete gzip JSONL outputs",discovery_worker,False,ooff,121,18.452572090000103,0,benchmarks/ddg/iterations/20260908-full-scn2a-paired-direct/result.json
20260908-full-scn2a-paired-direct,8,"EC2 m7i.2xlarge, 8 hardware threads, 32 GiB, output gp3 500 MiB/s",114889,,,,,"All repeat-filtered SCN2A gene-body 20mers; all other-gene intervals k<=3 across full human RNA reference, native ddG; complete gzip JSONL outputs",ddg_worker,False,ooff,121,79.98080171600031,0,benchmarks/ddg/iterations/20260908-full-scn2a-paired-direct/result.json
20260908-full-scn2a-paired-direct,8,"EC2 m7i.2xlarge, 8 hardware threads, 32 GiB, output gp3 500 MiB/s",114889,,,,,"All repeat-filtered SCN2A gene-body 20mers; all other-gene intervals k<=3 across full human RNA reference, native ddG; complete gzip JSONL outputs",archive_worker,False,ooff,121,22.79955532799977,0,benchmarks/ddg/iterations/20260908-full-scn2a-paired-direct/result.json
20260908-full-scn2a-paired-direct,8,"EC2 m7i.2xlarge, 8 hardware threads, 32 GiB, output gp3 500 MiB/s",114889,,,,,"All repeat-filtered SCN2A gene-body 20mers; all other-gene intervals k<=3 across full human RNA reference, native ddG; complete gzip JSONL outputs",discovery_worker,False,ooff,116,46.26932496500012,0,benchmarks/ddg/iterations/20260908-full-scn2a-paired-direct/result.json
20260908-full-scn2a-paired-direct,8,"EC2 m7i.2xlarge, 8 hardware threads, 32 GiB, output gp3 500 MiB/s",114889,,,,,"All repeat-filtered SCN2A gene-body 20mers; all other-gene intervals k<=3 across full human RNA reference, native ddG; complete gzip JSONL outputs",ddg_worker,False,ooff,116,166.35744253199982,0,benchmarks/ddg/iterations/20260908-full-scn2a-paired-direct/result.json
20260908-full-scn2a-paired-direct,8,"EC2 m7i.2xlarge, 8 hardware threads, 32 GiB, output gp3 500 MiB/s",114889,,,,,"All repeat-filtered SCN2A gene-body 20mers; all other-gene intervals k<=3 across full human RNA reference, native ddG; complete gzip JSONL outputs",archive_worker,False,ooff,116,76.38569319399994,0,benchmarks/ddg/iterations/20260908-full-scn2a-paired-direct/result.json
20260908-full-scn2a-paired-direct,8,"EC2 m7i.2xlarge, 8 hardware threads, 32 GiB, output gp3 500 MiB/s",114889,,,,,"All repeat-filtered SCN2A gene-body 20mers; all other-gene intervals k<=3 across full human RNA reference, native ddG; complete gzip JSONL outputs",discovery_worker,False,ooff,119,21.558299435000208,0,benchmarks/ddg/iterations/20260908-full-scn2a-paired-direct/result.json
20260908-full-scn2a-paired-direct,8,"EC2 m7i.2xlarge, 8 hardware threads, 32 GiB, output gp3 500 MiB/s",114889,,,,,"All repeat-filtered SCN2A gene-body 20mers; all other-gene intervals k<=3 across full human RNA reference, native ddG; complete gzip JSONL outputs",ddg_worker,False,ooff,119,93.71719257999985,0,benchmarks/ddg/iterations/20260908-full-scn2a-paired-direct/result.json
20260908-full-scn2a-paired-direct,8,"EC2 m7i.2xlarge, 8 hardware threads, 32 GiB, output gp3 500 MiB/s",114889,,,,,"All repeat-filtered SCN2A gene-body 20mers; all other-gene intervals k<=3 across full human RNA reference, native ddG; complete gzip JSONL outputs",archive_worker,False,ooff,119,30.622107066000353,0,benchmarks/ddg/iterations/20260908-full-scn2a-paired-direct/result.json
20260908-full-scn2a-paired-direct,8,"EC2 m7i.2xlarge, 8 hardware threads, 32 GiB, output gp3 500 MiB/s",114889,,,,,"All repeat-filtered SCN2A gene-body 20mers; all other-gene intervals k<=3 across full human RNA reference, native ddG; complete gzip JSONL outputs",discovery_worker,False,ooff,122,20.556194030999904,0,benchmarks/ddg/iterations/20260908-full-scn2a-paired-direct/result.json
20260908-full-scn2a-paired-direct,8,"EC2 m7i.2xlarge, 8 hardware threads, 32 GiB, output gp3 500 MiB/s",114889,,,,,"All repeat-filtered SCN2A gene-body 20mers; all other-gene intervals k<=3 across full human RNA reference, native ddG; complete gzip JSONL outputs",ddg_worker,False,ooff,122,71.2854561879999,0,benchmarks/ddg/iterations/20260908-full-scn2a-paired-direct/result.json
20260908-full-scn2a-paired-direct,8,"EC2 m7i.2xlarge, 8 hardware threads, 32 GiB, output gp3 500 MiB/s",114889,,,,,"All repeat-filtered SCN2A gene-body 20mers; all other-gene intervals k<=3 across full human RNA reference, native ddG; complete gzip JSONL outputs",archive_worker,False,ooff,122,33.669048341000234,0,benchmarks/ddg/iterations/20260908-full-scn2a-paired-direct/result.json
20260908-full-scn2a-paired-direct,8,"EC2 m7i.2xlarge, 8 hardware threads, 32 GiB, output gp3 500 MiB/s",114889,,,,,"All repeat-filtered SCN2A gene-body 20mers; all other-gene intervals k<=3 across full human RNA reference, native ddG; complete gzip JSONL outputs",discovery_worker,False,ooff,123,23.65977529299971,0,benchmarks/ddg/iterations/20260908-full-scn2a-paired-direct/result.json
20260908-full-scn2a-paired-direct,8,"EC2 m7i.2xlarge, 8 hardware threads, 32 GiB, output gp3 500 MiB/s",114889,,,,,"All repeat-filtered SCN2A gene-body 20mers; all other-gene intervals k<=3 across full human RNA reference, native ddG; complete gzip JSONL outputs",ddg_worker,False,ooff,123,70.0652358970001,0,benchmarks/ddg/iterations/20260908-full-scn2a-paired-direct/result.json
20260908-full-scn2a-paired-direct,8,"EC2 m7i.2xlarge, 8 hardware threads, 32 GiB, output gp3 500 MiB/s",114889,,,,,"All repeat-filtered SCN2A gene-body 20mers; all other-gene intervals k<=3 across full human RNA reference, native ddG; complete gzip JSONL outputs",archive_worker,False,ooff,123,44.56048025400014,0,benchmarks/ddg/iterations/20260908-full-scn2a-paired-direct/result.json
20260908-full-scn2a-paired-direct,8,"EC2 m7i.2xlarge, 8 hardware threads, 32 GiB, output gp3 500 MiB/s",114889,,,,,"All repeat-filtered SCN2A gene-body 20mers; all other-gene intervals k<=3 across full human RNA reference, native ddG; complete gzip JSONL outputs",discovery_worker,False,ooff,124,22.505869534999874,0,benchmarks/ddg/iterations/20260908-full-scn2a-paired-direct/result.json
20260908-full-scn2a-paired-direct,8,"EC2 m7i.2xlarge, 8 hardware threads, 32 GiB, output gp3 500 MiB/s",114889,,,,,"All repeat-filtered SCN2A gene-body 20mers; all other-gene intervals k<=3 across full human RNA reference, native ddG; complete gzip JSONL outputs",ddg_worker,False,ooff,124,62.303491527999995,0,benchmarks/ddg/iterations/20260908-full-scn2a-paired-direct/result.json
20260908-full-scn2a-paired-direct,8,"EC2 m7i.2xlarge, 8 hardware threads, 32 GiB, output gp3 500 MiB/s",114889,,,,,"All repeat-filtered SCN2A gene-body 20mers; all other-gene intervals k<=3 across full human RNA reference, native ddG; complete gzip JSONL outputs",archive_worker,False,ooff,124,45.68647882900041,0,benchmarks/ddg/iterations/20260908-full-scn2a-paired-direct/result.json
20260908-full-scn2a-paired-direct,8,"EC2 m7i.2xlarge, 8 hardware threads, 32 GiB, output gp3 500 MiB/s",114889,,,,,"All repeat-filtered SCN2A gene-body 20mers; all other-gene intervals k<=3 across full human RNA reference, native ddG; complete gzip JSONL outputs",discovery_worker,False,ooff,127,23.718839583999852,0,benchmarks/ddg/iterations/20260908-full-scn2a-paired-direct/result.json
20260908-full-scn2a-paired-direct,8,"EC2 m7i.2xlarge, 8 hardware threads, 32 GiB, output gp3 500 MiB/s",114889,,,,,"All repeat-filtered SCN2A gene-body 20mers; all other-gene intervals k<=3 across full human RNA reference, native ddG; complete gzip JSONL outputs",ddg_worker,False,ooff,127,53.94115084900022,0,benchmarks/ddg/iterations/20260908-full-scn2a-paired-direct/result.json
20260908-full-scn2a-paired-direct,8,"EC2 m7i.2xlarge, 8 hardware threads, 32 GiB, output gp3 500 MiB/s",114889,,,,,"All repeat-filtered SCN2A gene-body 20mers; all other-gene intervals k<=3 across full human RNA reference, native ddG; complete gzip JSONL outputs",archive_worker,False,ooff,127,22.71911219399999,0,benchmarks/ddg/iterations/20260908-full-scn2a-paired-direct/result.json
20260908-full-scn2a-paired-direct,8,"EC2 m7i.2xlarge, 8 hardware threads, 32 GiB, output gp3 500 MiB/s",114889,,,,,"All repeat-filtered SCN2A gene-body 20mers; all other-gene intervals k<=3 across full human RNA reference, native ddG; complete gzip JSONL outputs",discovery_worker,False,ooff,106,53.40095299399991,0,benchmarks/ddg/iterations/20260908-full-scn2a-paired-direct/result.json
20260908-full-scn2a-paired-direct,8,"EC2 m7i.2xlarge, 8 hardware threads, 32 GiB, output gp3 500 MiB/s",114889,,,,,"All repeat-filtered SCN2A gene-body 20mers; all other-gene intervals k<=3 across full human RNA reference, native ddG; complete gzip JSONL outputs",ddg_worker,False,ooff,106,336.48388392200013,0,benchmarks/ddg/iterations/20260908-full-scn2a-paired-direct/result.json
20260908-full-scn2a-paired-direct,8,"EC2 m7i.2xlarge, 8 hardware threads, 32 GiB, output gp3 500 MiB/s",114889,,,,,"All repeat-filtered SCN2A gene-body 20mers; all other-gene intervals k<=3 across full human RNA reference, native ddG; complete gzip JSONL outputs",archive_worker,False,ooff,106,196.08461114300007,0,benchmarks/ddg/iterations/20260908-full-scn2a-paired-direct/result.json
20260908-full-scn2a-paired-direct,8,"EC2 m7i.2xlarge, 8 hardware threads, 32 GiB, output gp3 500 MiB/s",114889,,,,,"All repeat-filtered SCN2A gene-body 20mers; all other-gene intervals k<=3 across full human RNA reference, native ddG; complete gzip JSONL outputs",discovery_worker,False,ooff,126,25.73666246399989,0,benchmarks/ddg/iterations/20260908-full-scn2a-paired-direct/result.json
20260908-full-scn2a-paired-direct,8,"EC2 m7i.2xlarge, 8 hardware threads, 32 GiB, output gp3 500 MiB/s",114889,,,,,"All repeat-filtered SCN2A gene-body 20mers; all other-gene intervals k<=3 across full human RNA reference, native ddG; complete gzip JSONL outputs",ddg_worker,False,ooff,126,76.44520323799998,0,benchmarks/ddg/iterations/20260908-full-scn2a-paired-direct/result.json
20260908-full-scn2a-paired-direct,8,"EC2 m7i.2xlarge, 8 hardware threads, 32 GiB, output gp3 500 MiB/s",114889,,,,,"All repeat-filtered SCN2A gene-body 20mers; all other-gene intervals k<=3 across full human RNA reference, native ddG; complete gzip JSONL outputs",archive_worker,False,ooff,126,35.43110536899985,0,benchmarks/ddg/iterations/20260908-full-scn2a-paired-direct/result.json
20260908-full-scn2a-paired-direct,8,"EC2 m7i.2xlarge, 8 hardware threads, 32 GiB, output gp3 500 MiB/s",114889,,,,,"All repeat-filtered SCN2A gene-body 20mers; all other-gene intervals k<=3 across full human RNA reference, native ddG; complete gzip JSONL outputs",discovery_worker,False,ooff,128,23.366344834999836,0,benchmarks/ddg/iterations/20260908-full-scn2a-paired-direct/result.json
20260908-full-scn2a-paired-direct,8,"EC2 m7i.2xlarge, 8 hardware threads, 32 GiB, output gp3 500 MiB/s",114889,,,,,"All repeat-filtered SCN2A gene-body 20mers; all other-gene intervals k<=3 across full human RNA reference, native ddG; complete gzip JSONL outputs",ddg_worker,False,ooff,128,84.42770877599969,0,benchmarks/ddg/iterations/20260908-full-scn2a-paired-direct/result.json
20260908-full-scn2a-paired-direct,8,"EC2 m7i.2xlarge, 8 hardware threads, 32 GiB, output gp3 500 MiB/s",114889,,,,,"All repeat-filtered SCN2A gene-body 20mers; all other-gene intervals k<=3 across full human RNA reference, native ddG; complete gzip JSONL outputs",archive_worker,False,ooff,128,30.3589589649996,0,benchmarks/ddg/iterations/20260908-full-scn2a-paired-direct/result.json
20260908-full-scn2a-paired-direct,8,"EC2 m7i.2xlarge, 8 hardware threads, 32 GiB, output gp3 500 MiB/s",114889,,,,,"All repeat-filtered SCN2A gene-body 20mers; all other-gene intervals k<=3 across full human RNA reference, native ddG; complete gzip JSONL outputs",discovery_worker,False,ooff,129,25.17290971300008,0,benchmarks/ddg/iterations/20260908-full-scn2a-paired-direct/result.json
20260908-full-scn2a-paired-direct,8,"EC2 m7i.2xlarge, 8 hardware threads, 32 GiB, output gp3 500 MiB/s",114889,,,,,"All repeat-filtered SCN2A gene-body 20mers; all other-gene intervals k<=3 across full human RNA reference, native ddG; complete gzip JSONL outputs",ddg_worker,False,ooff,129,61.32840734199999,0,benchmarks/ddg/iterations/20260908-full-scn2a-paired-direct/result.json
20260908-full-scn2a-paired-direct,8,"EC2 m7i.2xlarge, 8 hardware threads, 32 GiB, output gp3 500 MiB/s",114889,,,,,"All repeat-filtered SCN2A gene-body 20mers; all other-gene intervals k<=3 across full human RNA reference, native ddG; complete gzip JSONL outputs",archive_worker,False,ooff,129,32.24551587899987,0,benchmarks/ddg/iterations/20260908-full-scn2a-paired-direct/result.json
20260908-full-scn2a-paired-direct,8,"EC2 m7i.2xlarge, 8 hardware threads, 32 GiB, output gp3 500 MiB/s",114889,,,,,"All repeat-filtered SCN2A gene-body 20mers; all other-gene intervals k<=3 across full human RNA reference, native ddG; complete gzip JSONL outputs",discovery_worker,False,ooff,132,20.74358858400001,0,benchmarks/ddg/iterations/20260908-full-scn2a-paired-direct/result.json
20260908-full-scn2a-paired-direct,8,"EC2 m7i.2xlarge, 8 hardware threads, 32 GiB, output gp3 500 MiB/s",114889,,,,,"All repeat-filtered SCN2A gene-body 20mers; all other-gene intervals k<=3 across full human RNA reference, native ddG; complete gzip JSONL outputs",ddg_worker,False,ooff,132,54.50115466099987,0,benchmarks/ddg/iterations/20260908-full-scn2a-paired-direct/result.json
20260908-full-scn2a-paired-direct,8,"EC2 m7i.2xlarge, 8 hardware threads, 32 GiB, output gp3 500 MiB/s",114889,,,,,"All repeat-filtered SCN2A gene-body 20mers; all other-gene intervals k<=3 across full human RNA reference, native ddG; complete gzip JSONL outputs",archive_worker,False,ooff,132,22.847950555999887,0,benchmarks/ddg/iterations/20260908-full-scn2a-paired-direct/result.json
20260908-full-scn2a-paired-direct,8,"EC2 m7i.2xlarge, 8 hardware threads, 32 GiB, output gp3 500 MiB/s",114889,,,,,"All repeat-filtered SCN2A gene-body 20mers; all other-gene intervals k<=3 across full human RNA reference, native ddG; complete gzip JSONL outputs",discovery_worker,False,ooff,131,26.463248250000106,0,benchmarks/ddg/iterations/20260908-full-scn2a-paired-direct/result.json
20260908-full-scn2a-paired-direct,8,"EC2 m7i.2xlarge, 8 hardware threads, 32 GiB, output gp3 500 MiB/s",114889,,,,,"All repeat-filtered SCN2A gene-body 20mers; all other-gene intervals k<=3 across full human RNA reference, native ddG; complete gzip JSONL outputs",ddg_worker,False,ooff,131,71.21827486600023,0,benchmarks/ddg/iterations/20260908-full-scn2a-paired-direct/result.json
20260908-full-scn2a-paired-direct,8,"EC2 m7i.2xlarge, 8 hardware threads, 32 GiB, output gp3 500 MiB/s",114889,,,,,"All repeat-filtered SCN2A gene-body 20mers; all other-gene intervals k<=3 across full human RNA reference, native ddG; complete gzip JSONL outputs",archive_worker,False,ooff,131,36.36368005300028,0,benchmarks/ddg/iterations/20260908-full-scn2a-paired-direct/result.json
20260908-full-scn2a-paired-direct,8,"EC2 m7i.2xlarge, 8 hardware threads, 32 GiB, output gp3 500 MiB/s",114889,,,,,"All repeat-filtered SCN2A gene-body 20mers; all other-gene intervals k<=3 across full human RNA reference, native ddG; complete gzip JSONL outputs",discovery_worker,False,ooff,130,26.15194859999974,0,benchmarks/ddg/iterations/20260908-full-scn2a-paired-direct/result.json
20260908-full-scn2a-paired-direct,8,"EC2 m7i.2xlarge, 8 hardware threads, 32 GiB, output gp3 500 MiB/s",114889,,,,,"All repeat-filtered SCN2A gene-body 20mers; all other-gene intervals k<=3 across full human RNA reference, native ddG; complete gzip JSONL outputs",ddg_worker,False,ooff,130,72.01358425100034,0,benchmarks/ddg/iterations/20260908-full-scn2a-paired-direct/result.json
20260908-full-scn2a-paired-direct,8,"EC2 m7i.2xlarge, 8 hardware threads, 32 GiB, output gp3 500 MiB/s",114889,,,,,"All repeat-filtered SCN2A gene-body 20mers; all other-gene intervals k<=3 across full human RNA reference, native ddG; complete gzip JSONL outputs",archive_worker,False,ooff,130,39.10509752300004,0,benchmarks/ddg/iterations/20260908-full-scn2a-paired-direct/result.json
20260908-full-scn2a-paired-direct,8,"EC2 m7i.2xlarge, 8 hardware threads, 32 GiB, output gp3 500 MiB/s",114889,,,,,"All repeat-filtered SCN2A gene-body 20mers; all other-gene intervals k<=3 across full human RNA reference, native ddG; complete gzip JSONL outputs",discovery_worker,False,ooff,133,25.01843123200024,0,benchmarks/ddg/iterations/20260908-full-scn2a-paired-direct/result.json
20260908-full-scn2a-paired-direct,8,"EC2 m7i.2xlarge, 8 hardware threads, 32 GiB, output gp3 500 MiB/s",114889,,,,,"All repeat-filtered SCN2A gene-body 20mers; all other-gene intervals k<=3 across full human RNA reference, native ddG; complete gzip JSONL outputs",ddg_worker,False,ooff,133,74.4665755699998,0,benchmarks/ddg/iterations/20260908-full-scn2a-paired-direct/result.json
20260908-full-scn2a-paired-direct,8,"EC2 m7i.2xlarge, 8 hardware threads, 32 GiB, output gp3 500 MiB/s",114889,,,,,"All repeat-filtered SCN2A gene-body 20mers; all other-gene intervals k<=3 across full human RNA reference, native ddG; complete gzip JSONL outputs",archive_worker,False,ooff,133,39.10470089900036,0,benchmarks/ddg/iterations/20260908-full-scn2a-paired-direct/result.json
20260908-full-scn2a-paired-direct,8,"EC2 m7i.2xlarge, 8 hardware threads, 32 GiB, output gp3 500 MiB/s",114889,,,,,"All repeat-filtered SCN2A gene-body 20mers; all other-gene intervals k<=3 across full human RNA reference, native ddG; complete gzip JSONL outputs",discovery_worker,False,ooff,125,34.989220528999795,0,benchmarks/ddg/iterations/20260908-full-scn2a-paired-direct/result.json
20260908-full-scn2a-paired-direct,8,"EC2 m7i.2xlarge, 8 hardware threads, 32 GiB, output gp3 500 MiB/s",114889,,,,,"All repeat-filtered SCN2A gene-body 20mers; all other-gene intervals k<=3 across full human RNA reference, native ddG; complete gzip JSONL outputs",ddg_worker,False,ooff,125,152.567351057,0,benchmarks/ddg/iterations/20260908-full-scn2a-paired-direct/result.json
20260908-full-scn2a-paired-direct,8,"EC2 m7i.2xlarge, 8 hardware threads, 32 GiB, output gp3 500 MiB/s",114889,,,,,"All repeat-filtered SCN2A gene-body 20mers; all other-gene intervals k<=3 across full human RNA reference, native ddG; complete gzip JSONL outputs",archive_worker,False,ooff,125,86.16241219799986,0,benchmarks/ddg/iterations/20260908-full-scn2a-paired-direct/result.json
20260908-full-scn2a-paired-direct,8,"EC2 m7i.2xlarge, 8 hardware threads, 32 GiB, output gp3 500 MiB/s",114889,,,,,"All repeat-filtered SCN2A gene-body 20mers; all other-gene intervals k<=3 across full human RNA reference, native ddG; complete gzip JSONL outputs",discovery_worker,False,ooff,134,23.92242377499997,0,benchmarks/ddg/iterations/20260908-full-scn2a-paired-direct/result.json
20260908-full-scn2a-paired-direct,8,"EC2 m7i.2xlarge, 8 hardware threads, 32 GiB, output gp3 500 MiB/s",114889,,,,,"All repeat-filtered SCN2A gene-body 20mers; all other-gene intervals k<=3 across full human RNA reference, native ddG; complete gzip JSONL outputs",ddg_worker,False,ooff,134,73.18293274899997,0,benchmarks/ddg/iterations/20260908-full-scn2a-paired-direct/result.json
20260908-full-scn2a-paired-direct,8,"EC2 m7i.2xlarge, 8 hardware threads, 32 GiB, output gp3 500 MiB/s",114889,,,,,"All repeat-filtered SCN2A gene-body 20mers; all other-gene intervals k<=3 across full human RNA reference, native ddG; complete gzip JSONL outputs",archive_worker,False,ooff,134,42.6013447170003,0,benchmarks/ddg/iterations/20260908-full-scn2a-paired-direct/result.json
20260908-full-scn2a-paired-direct,8,"EC2 m7i.2xlarge, 8 hardware threads, 32 GiB, output gp3 500 MiB/s",114889,,,,,"All repeat-filtered SCN2A gene-body 20mers; all other-gene intervals k<=3 across full human RNA reference, native ddG; complete gzip JSONL outputs",discovery_worker,False,ooff,135,28.174010761000318,0,benchmarks/ddg/iterations/20260908-full-scn2a-paired-direct/result.json
20260908-full-scn2a-paired-direct,8,"EC2 m7i.2xlarge, 8 hardware threads, 32 GiB, output gp3 500 MiB/s",114889,,,,,"All repeat-filtered SCN2A gene-body 20mers; all other-gene intervals k<=3 across full human RNA reference, native ddG; complete gzip JSONL outputs",ddg_worker,False,ooff,135,84.43391227400025,0,benchmarks/ddg/iterations/20260908-full-scn2a-paired-direct/result.json
20260908-full-scn2a-paired-direct,8,"EC2 m7i.2xlarge, 8 hardware threads, 32 GiB, output gp3 500 MiB/s",114889,,,,,"All repeat-filtered SCN2A gene-body 20mers; all other-gene intervals k<=3 across full human RNA reference, native ddG; complete gzip JSONL outputs",archive_worker,False,ooff,135,47.82634139699985,0,benchmarks/ddg/iterations/20260908-full-scn2a-paired-direct/result.json
20260908-full-scn2a-paired-direct,8,"EC2 m7i.2xlarge, 8 hardware threads, 32 GiB, output gp3 500 MiB/s",114889,,,,,"All repeat-filtered SCN2A gene-body 20mers; all other-gene intervals k<=3 across full human RNA reference, native ddG; complete gzip JSONL outputs",discovery_worker,False,ooff,136,21.15491677,0,benchmarks/ddg/iterations/20260908-full-scn2a-paired-direct/result.json
20260908-full-scn2a-paired-direct,8,"EC2 m7i.2xlarge, 8 hardware threads, 32 GiB, output gp3 500 MiB/s",114889,,,,,"All repeat-filtered SCN2A gene-body 20mers; all other-gene intervals k<=3 across full human RNA reference, native ddG; complete gzip JSONL outputs",ddg_worker,False,ooff,136,69.51323446800006,0,benchmarks/ddg/iterations/20260908-full-scn2a-paired-direct/result.json
20260908-full-scn2a-paired-direct,8,"EC2 m7i.2xlarge, 8 hardware threads, 32 GiB, output gp3 500 MiB/s",114889,,,,,"All repeat-filtered SCN2A gene-body 20mers; all other-gene intervals k<=3 across full human RNA reference, native ddG; complete gzip JSONL outputs",archive_worker,False,ooff,136,37.55495254399966,0,benchmarks/ddg/iterations/20260908-full-scn2a-paired-direct/result.json
20260908-full-scn2a-paired-direct,8,"EC2 m7i.2xlarge, 8 hardware threads, 32 GiB, output gp3 500 MiB/s",114889,,,,,"All repeat-filtered SCN2A gene-body 20mers; all other-gene intervals k<=3 across full human RNA reference, native ddG; complete gzip JSONL outputs",discovery_worker,False,ooff,137,22.706666867999957,0,benchmarks/ddg/iterations/20260908-full-scn2a-paired-direct/result.json
20260908-full-scn2a-paired-direct,8,"EC2 m7i.2xlarge, 8 hardware threads, 32 GiB, output gp3 500 MiB/s",114889,,,,,"All repeat-filtered SCN2A gene-body 20mers; all other-gene intervals k<=3 across full human RNA reference, native ddG; complete gzip JSONL outputs",ddg_worker,False,ooff,137,69.52596202900031,0,benchmarks/ddg/iterations/20260908-full-scn2a-paired-direct/result.json
20260908-full-scn2a-paired-direct,8,"EC2 m7i.2xlarge, 8 hardware threads, 32 GiB, output gp3 500 MiB/s",114889,,,,,"All repeat-filtered SCN2A gene-body 20mers; all other-gene intervals k<=3 across full human RNA reference, native ddG; complete gzip JSONL outputs",archive_worker,False,ooff,137,35.34348778799995,0,benchmarks/ddg/iterations/20260908-full-scn2a-paired-direct/result.json
20260908-full-scn2a-paired-direct,8,"EC2 m7i.2xlarge, 8 hardware threads, 32 GiB, output gp3 500 MiB/s",114889,,,,,"All repeat-filtered SCN2A gene-body 20mers; all other-gene intervals k<=3 across full human RNA reference, native ddG; complete gzip JSONL outputs",discovery_worker,False,ooff,138,20.145933056000104,0,benchmarks/ddg/iterations/20260908-full-scn2a-paired-direct/result.json
20260908-full-scn2a-paired-direct,8,"EC2 m7i.2xlarge, 8 hardware threads, 32 GiB, output gp3 500 MiB/s",114889,,,,,"All repeat-filtered SCN2A gene-body 20mers; all other-gene intervals k<=3 across full human RNA reference, native ddG; complete gzip JSONL outputs",ddg_worker,False,ooff,138,59.53250587399998,0,benchmarks/ddg/iterations/20260908-full-scn2a-paired-direct/result.json
20260908-full-scn2a-paired-direct,8,"EC2 m7i.2xlarge, 8 hardware threads, 32 GiB, output gp3 500 MiB/s",114889,,,,,"All repeat-filtered SCN2A gene-body 20mers; all other-gene intervals k<=3 across full human RNA reference, native ddG; complete gzip JSONL outputs",archive_worker,False,ooff,138,26.60598023700004,0,benchmarks/ddg/iterations/20260908-full-scn2a-paired-direct/result.json
20260908-full-scn2a-paired-direct,8,"EC2 m7i.2xlarge, 8 hardware threads, 32 GiB, output gp3 500 MiB/s",114889,,,,,"All repeat-filtered SCN2A gene-body 20mers; all other-gene intervals k<=3 across full human RNA reference, native ddG; complete gzip JSONL outputs",discovery_worker,False,ooff,139,20.649271067999962,0,benchmarks/ddg/iterations/20260908-full-scn2a-paired-direct/result.json
20260908-full-scn2a-paired-direct,8,"EC2 m7i.2xlarge, 8 hardware threads, 32 GiB, output gp3 500 MiB/s",114889,,,,,"All repeat-filtered SCN2A gene-body 20mers; all other-gene intervals k<=3 across full human RNA reference, native ddG; complete gzip JSONL outputs",ddg_worker,False,ooff,139,65.23331517299994,0,benchmarks/ddg/iterations/20260908-full-scn2a-paired-direct/result.json
20260908-full-scn2a-paired-direct,8,"EC2 m7i.2xlarge, 8 hardware threads, 32 GiB, output gp3 500 MiB/s",114889,,,,,"All repeat-filtered SCN2A gene-body 20mers; all other-gene intervals k<=3 across full human RNA reference, native ddG; complete gzip JSONL outputs",archive_worker,False,ooff,139,31.199907677999818,0,benchmarks/ddg/iterations/20260908-full-scn2a-paired-direct/result.json
20260908-full-scn2a-paired-direct,8,"EC2 m7i.2xlarge, 8 hardware threads, 32 GiB, output gp3 500 MiB/s",114889,,,,,"All repeat-filtered SCN2A gene-body 20mers; all other-gene intervals k<=3 across full human RNA reference, native ddG; complete gzip JSONL outputs",discovery_worker,False,ooff,140,21.488790436000272,0,benchmarks/ddg/iterations/20260908-full-scn2a-paired-direct/result.json
20260908-full-scn2a-paired-direct,8,"EC2 m7i.2xlarge, 8 hardware threads, 32 GiB, output gp3 500 MiB/s",114889,,,,,"All repeat-filtered SCN2A gene-body 20mers; all other-gene intervals k<=3 across full human RNA reference, native ddG; complete gzip JSONL outputs",ddg_worker,False,ooff,140,59.96344617499972,0,benchmarks/ddg/iterations/20260908-full-scn2a-paired-direct/result.json
20260908-full-scn2a-paired-direct,8,"EC2 m7i.2xlarge, 8 hardware threads, 32 GiB, output gp3 500 MiB/s",114889,,,,,"All repeat-filtered SCN2A gene-body 20mers; all other-gene intervals k<=3 across full human RNA reference, native ddG; complete gzip JSONL outputs",archive_worker,False,ooff,140,15.107223818999955,0,benchmarks/ddg/iterations/20260908-full-scn2a-paired-direct/result.json
20260908-full-scn2a-paired-direct,8,"EC2 m7i.2xlarge, 8 hardware threads, 32 GiB, output gp3 500 MiB/s",114889,,,,,"All repeat-filtered SCN2A gene-body 20mers; all other-gene intervals k<=3 across full human RNA reference, native ddG; complete gzip JSONL outputs",discovery_worker,False,ooff,142,21.338988929000152,0,benchmarks/ddg/iterations/20260908-full-scn2a-paired-direct/result.json
20260908-full-scn2a-paired-direct,8,"EC2 m7i.2xlarge, 8 hardware threads, 32 GiB, output gp3 500 MiB/s",114889,,,,,"All repeat-filtered SCN2A gene-body 20mers; all other-gene intervals k<=3 across full human RNA reference, native ddG; complete gzip JSONL outputs",ddg_worker,False,ooff,142,55.81957444999989,0,benchmarks/ddg/iterations/20260908-full-scn2a-paired-direct/result.json
20260908-full-scn2a-paired-direct,8,"EC2 m7i.2xlarge, 8 hardware threads, 32 GiB, output gp3 500 MiB/s",114889,,,,,"All repeat-filtered SCN2A gene-body 20mers; all other-gene intervals k<=3 across full human RNA reference, native ddG; complete gzip JSONL outputs",archive_worker,False,ooff,142,20.688756461999674,0,benchmarks/ddg/iterations/20260908-full-scn2a-paired-direct/result.json
20260908-full-scn2a-paired-direct,8,"EC2 m7i.2xlarge, 8 hardware threads, 32 GiB, output gp3 500 MiB/s",114889,,,,,"All repeat-filtered SCN2A gene-body 20mers; all other-gene intervals k<=3 across full human RNA reference, native ddG; complete gzip JSONL outputs",discovery_worker,False,ooff,141,24.28403368299996,0,benchmarks/ddg/iterations/20260908-full-scn2a-paired-direct/result.json
20260908-full-scn2a-paired-direct,8,"EC2 m7i.2xlarge, 8 hardware threads, 32 GiB, output gp3 500 MiB/s",114889,,,,,"All repeat-filtered SCN2A gene-body 20mers; all other-gene intervals k<=3 across full human RNA reference, native ddG; complete gzip JSONL outputs",ddg_worker,False,ooff,141,68.29058437599997,0,benchmarks/ddg/iterations/20260908-full-scn2a-paired-direct/result.json
20260908-full-scn2a-paired-direct,8,"EC2 m7i.2xlarge, 8 hardware threads, 32 GiB, output gp3 500 MiB/s",114889,,,,,"All repeat-filtered SCN2A gene-body 20mers; all other-gene intervals k<=3 across full human RNA reference, native ddG; complete gzip JSONL outputs",archive_worker,False,ooff,141,27.863963119000346,0,benchmarks/ddg/iterations/20260908-full-scn2a-paired-direct/result.json
20260908-full-scn2a-paired-direct,8,"EC2 m7i.2xlarge, 8 hardware threads, 32 GiB, output gp3 500 MiB/s",114889,,,,,"All repeat-filtered SCN2A gene-body 20mers; all other-gene intervals k<=3 across full human RNA reference, native ddG; complete gzip JSONL outputs",discovery_worker,False,ooff,144,20.79040797000016,0,benchmarks/ddg/iterations/20260908-full-scn2a-paired-direct/result.json
20260908-full-scn2a-paired-direct,8,"EC2 m7i.2xlarge, 8 hardware threads, 32 GiB, output gp3 500 MiB/s",114889,,,,,"All repeat-filtered SCN2A gene-body 20mers; all other-gene intervals k<=3 across full human RNA reference, native ddG; complete gzip JSONL outputs",ddg_worker,False,ooff,144,45.2076737350003,0,benchmarks/ddg/iterations/20260908-full-scn2a-paired-direct/result.json
20260908-full-scn2a-paired-direct,8,"EC2 m7i.2xlarge, 8 hardware threads, 32 GiB, output gp3 500 MiB/s",114889,,,,,"All repeat-filtered SCN2A gene-body 20mers; all other-gene intervals k<=3 across full human RNA reference, native ddG; complete gzip JSONL outputs",archive_worker,False,ooff,144,16.30378301799965,0,benchmarks/ddg/iterations/20260908-full-scn2a-paired-direct/result.json
20260908-full-scn2a-paired-direct,8,"EC2 m7i.2xlarge, 8 hardware threads, 32 GiB, output gp3 500 MiB/s",114889,,,,,"All repeat-filtered SCN2A gene-body 20mers; all other-gene intervals k<=3 across full human RNA reference, native ddG; complete gzip JSONL outputs",discovery_worker,False,ooff,147,19.69805128600001,0,benchmarks/ddg/iterations/20260908-full-scn2a-paired-direct/result.json
20260908-full-scn2a-paired-direct,8,"EC2 m7i.2xlarge, 8 hardware threads, 32 GiB, output gp3 500 MiB/s",114889,,,,,"All repeat-filtered SCN2A gene-body 20mers; all other-gene intervals k<=3 across full human RNA reference, native ddG; complete gzip JSONL outputs",ddg_worker,False,ooff,147,41.36060280299989,0,benchmarks/ddg/iterations/20260908-full-scn2a-paired-direct/result.json
20260908-full-scn2a-paired-direct,8,"EC2 m7i.2xlarge, 8 hardware threads, 32 GiB, output gp3 500 MiB/s",114889,,,,,"All repeat-filtered SCN2A gene-body 20mers; all other-gene intervals k<=3 across full human RNA reference, native ddG; complete gzip JSONL outputs",archive_worker,False,ooff,147,9.080271250999886,0,benchmarks/ddg/iterations/20260908-full-scn2a-paired-direct/result.json
20260908-full-scn2a-paired-direct,8,"EC2 m7i.2xlarge, 8 hardware threads, 32 GiB, output gp3 500 MiB/s",114889,,,,,"All repeat-filtered SCN2A gene-body 20mers; all other-gene intervals k<=3 across full human RNA reference, native ddG; complete gzip JSONL outputs",discovery_worker,False,ooff,143,22.212204251000003,0,benchmarks/ddg/iterations/20260908-full-scn2a-paired-direct/result.json
20260908-full-scn2a-paired-direct,8,"EC2 m7i.2xlarge, 8 hardware threads, 32 GiB, output gp3 500 MiB/s",114889,,,,,"All repeat-filtered SCN2A gene-body 20mers; all other-gene intervals k<=3 across full human RNA reference, native ddG; complete gzip JSONL outputs",ddg_worker,False,ooff,143,57.088254404000054,0,benchmarks/ddg/iterations/20260908-full-scn2a-paired-direct/result.json
20260908-full-scn2a-paired-direct,8,"EC2 m7i.2xlarge, 8 hardware threads, 32 GiB, output gp3 500 MiB/s",114889,,,,,"All repeat-filtered SCN2A gene-body 20mers; all other-gene intervals k<=3 across full human RNA reference, native ddG; complete gzip JSONL outputs",archive_worker,False,ooff,143,27.873695623999993,0,benchmarks/ddg/iterations/20260908-full-scn2a-paired-direct/result.json
20260908-full-scn2a-paired-direct,8,"EC2 m7i.2xlarge, 8 hardware threads, 32 GiB, output gp3 500 MiB/s",114889,,,,,"All repeat-filtered SCN2A gene-body 20mers; all other-gene intervals k<=3 across full human RNA reference, native ddG; complete gzip JSONL outputs",discovery_worker,False,ooff,145,23.84199214299997,0,benchmarks/ddg/iterations/20260908-full-scn2a-paired-direct/result.json
20260908-full-scn2a-paired-direct,8,"EC2 m7i.2xlarge, 8 hardware threads, 32 GiB, output gp3 500 MiB/s",114889,,,,,"All repeat-filtered SCN2A gene-body 20mers; all other-gene intervals k<=3 across full human RNA reference, native ddG; complete gzip JSONL outputs",ddg_worker,False,ooff,145,47.89740930500011,0,benchmarks/ddg/iterations/20260908-full-scn2a-paired-direct/result.json
20260908-full-scn2a-paired-direct,8,"EC2 m7i.2xlarge, 8 hardware threads, 32 GiB, output gp3 500 MiB/s",114889,,,,,"All repeat-filtered SCN2A gene-body 20mers; all other-gene intervals k<=3 across full human RNA reference, native ddG; complete gzip JSONL outputs",archive_worker,False,ooff,145,19.053497330000027,0,benchmarks/ddg/iterations/20260908-full-scn2a-paired-direct/result.json
20260908-full-scn2a-paired-direct,8,"EC2 m7i.2xlarge, 8 hardware threads, 32 GiB, output gp3 500 MiB/s",114889,,,,,"All repeat-filtered SCN2A gene-body 20mers; all other-gene intervals k<=3 across full human RNA reference, native ddG; complete gzip JSONL outputs",discovery_worker,False,ooff,148,27.081549699000334,0,benchmarks/ddg/iterations/20260908-full-scn2a-paired-direct/result.json
20260908-full-scn2a-paired-direct,8,"EC2 m7i.2xlarge, 8 hardware threads, 32 GiB, output gp3 500 MiB/s",114889,,,,,"All repeat-filtered SCN2A gene-body 20mers; all other-gene intervals k<=3 across full human RNA reference, native ddG; complete gzip JSONL outputs",ddg_worker,False,ooff,148,52.956721475999984,0,benchmarks/ddg/iterations/20260908-full-scn2a-paired-direct/result.json
20260908-full-scn2a-paired-direct,8,"EC2 m7i.2xlarge, 8 hardware threads, 32 GiB, output gp3 500 MiB/s",114889,,,,,"All repeat-filtered SCN2A gene-body 20mers; all other-gene intervals k<=3 across full human RNA reference, native ddG; complete gzip JSONL outputs",archive_worker,False,ooff,148,38.24982920699995,0,benchmarks/ddg/iterations/20260908-full-scn2a-paired-direct/result.json
20260908-full-scn2a-paired-direct,8,"EC2 m7i.2xlarge, 8 hardware threads, 32 GiB, output gp3 500 MiB/s",114889,,,,,"All repeat-filtered SCN2A gene-body 20mers; all other-gene intervals k<=3 across full human RNA reference, native ddG; complete gzip JSONL outputs",discovery_worker,False,ooff,152,23.552979563999997,0,benchmarks/ddg/iterations/20260908-full-scn2a-paired-direct/result.json
20260908-full-scn2a-paired-direct,8,"EC2 m7i.2xlarge, 8 hardware threads, 32 GiB, output gp3 500 MiB/s",114889,,,,,"All repeat-filtered SCN2A gene-body 20mers; all other-gene intervals k<=3 across full human RNA reference, native ddG; complete gzip JSONL outputs",ddg_worker,False,ooff,152,85.72459948200003,0,benchmarks/ddg/iterations/20260908-full-scn2a-paired-direct/result.json
20260908-full-scn2a-paired-direct,8,"EC2 m7i.2xlarge, 8 hardware threads, 32 GiB, output gp3 500 MiB/s",114889,,,,,"All repeat-filtered SCN2A gene-body 20mers; all other-gene intervals k<=3 across full human RNA reference, native ddG; complete gzip JSONL outputs",archive_worker,False,ooff,152,30.621803871999873,0,benchmarks/ddg/iterations/20260908-full-scn2a-paired-direct/result.json
20260908-full-scn2a-paired-direct,8,"EC2 m7i.2xlarge, 8 hardware threads, 32 GiB, output gp3 500 MiB/s",114889,,,,,"All repeat-filtered SCN2A gene-body 20mers; all other-gene intervals k<=3 across full human RNA reference, native ddG; complete gzip JSONL outputs",discovery_worker,False,ooff,153,24.346747161000167,0,benchmarks/ddg/iterations/20260908-full-scn2a-paired-direct/result.json
20260908-full-scn2a-paired-direct,8,"EC2 m7i.2xlarge, 8 hardware threads, 32 GiB, output gp3 500 MiB/s",114889,,,,,"All repeat-filtered SCN2A gene-body 20mers; all other-gene intervals k<=3 across full human RNA reference, native ddG; complete gzip JSONL outputs",ddg_worker,False,ooff,153,87.30323144800013,0,benchmarks/ddg/iterations/20260908-full-scn2a-paired-direct/result.json
20260908-full-scn2a-paired-direct,8,"EC2 m7i.2xlarge, 8 hardware threads, 32 GiB, output gp3 500 MiB/s",114889,,,,,"All repeat-filtered SCN2A gene-body 20mers; all other-gene intervals k<=3 across full human RNA reference, native ddG; complete gzip JSONL outputs",archive_worker,False,ooff,153,30.928451361000043,0,benchmarks/ddg/iterations/20260908-full-scn2a-paired-direct/result.json
20260908-full-scn2a-paired-direct,8,"EC2 m7i.2xlarge, 8 hardware threads, 32 GiB, output gp3 500 MiB/s",114889,,,,,"All repeat-filtered SCN2A gene-body 20mers; all other-gene intervals k<=3 across full human RNA reference, native ddG; complete gzip JSONL outputs",discovery_worker,False,ooff,150,27.32505184499996,0,benchmarks/ddg/iterations/20260908-full-scn2a-paired-direct/result.json
20260908-full-scn2a-paired-direct,8,"EC2 m7i.2xlarge, 8 hardware threads, 32 GiB, output gp3 500 MiB/s",114889,,,,,"All repeat-filtered SCN2A gene-body 20mers; all other-gene intervals k<=3 across full human RNA reference, native ddG; complete gzip JSONL outputs",ddg_worker,False,ooff,150,113.67532302999962,0,benchmarks/ddg/iterations/20260908-full-scn2a-paired-direct/result.json
20260908-full-scn2a-paired-direct,8,"EC2 m7i.2xlarge, 8 hardware threads, 32 GiB, output gp3 500 MiB/s",114889,,,,,"All repeat-filtered SCN2A gene-body 20mers; all other-gene intervals k<=3 across full human RNA reference, native ddG; complete gzip JSONL outputs",archive_worker,False,ooff,150,52.62039988600009,0,benchmarks/ddg/iterations/20260908-full-scn2a-paired-direct/result.json
20260908-full-scn2a-paired-direct,8,"EC2 m7i.2xlarge, 8 hardware threads, 32 GiB, output gp3 500 MiB/s",114889,,,,,"All repeat-filtered SCN2A gene-body 20mers; all other-gene intervals k<=3 across full human RNA reference, native ddG; complete gzip JSONL outputs",discovery_worker,False,ooff,151,28.79209451900033,0,benchmarks/ddg/iterations/20260908-full-scn2a-paired-direct/result.json
20260908-full-scn2a-paired-direct,8,"EC2 m7i.2xlarge, 8 hardware threads, 32 GiB, output gp3 500 MiB/s",114889,,,,,"All repeat-filtered SCN2A gene-body 20mers; all other-gene intervals k<=3 across full human RNA reference, native ddG; complete gzip JSONL outputs",ddg_worker,False,ooff,151,105.58134953399986,0,benchmarks/ddg/iterations/20260908-full-scn2a-paired-direct/result.json
20260908-full-scn2a-paired-direct,8,"EC2 m7i.2xlarge, 8 hardware threads, 32 GiB, output gp3 500 MiB/s",114889,,,,,"All repeat-filtered SCN2A gene-body 20mers; all other-gene intervals k<=3 across full human RNA reference, native ddG; complete gzip JSONL outputs",archive_worker,False,ooff,151,41.51537241799997,0,benchmarks/ddg/iterations/20260908-full-scn2a-paired-direct/result.json
20260908-full-scn2a-paired-direct,8,"EC2 m7i.2xlarge, 8 hardware threads, 32 GiB, output gp3 500 MiB/s",114889,,,,,"All repeat-filtered SCN2A gene-body 20mers; all other-gene intervals k<=3 across full human RNA reference, native ddG; complete gzip JSONL outputs",discovery_worker,False,ooff,149,30.416839686999992,0,benchmarks/ddg/iterations/20260908-full-scn2a-paired-direct/result.json
20260908-full-scn2a-paired-direct,8,"EC2 m7i.2xlarge, 8 hardware threads, 32 GiB, output gp3 500 MiB/s",114889,,,,,"All repeat-filtered SCN2A gene-body 20mers; all other-gene intervals k<=3 across full human RNA reference, native ddG; complete gzip JSONL outputs",ddg_worker,False,ooff,149,123.74470786100028,0,benchmarks/ddg/iterations/20260908-full-scn2a-paired-direct/result.json
20260908-full-scn2a-paired-direct,8,"EC2 m7i.2xlarge, 8 hardware threads, 32 GiB, output gp3 500 MiB/s",114889,,,,,"All repeat-filtered SCN2A gene-body 20mers; all other-gene intervals k<=3 across full human RNA reference, native ddG; complete gzip JSONL outputs",archive_worker,False,ooff,149,61.021942889,0,benchmarks/ddg/iterations/20260908-full-scn2a-paired-direct/result.json
20260908-full-scn2a-paired-direct,8,"EC2 m7i.2xlarge, 8 hardware threads, 32 GiB, output gp3 500 MiB/s",114889,,,,,"All repeat-filtered SCN2A gene-body 20mers; all other-gene intervals k<=3 across full human RNA reference, native ddG; complete gzip JSONL outputs",discovery_worker,False,ooff,155,23.760818384999766,0,benchmarks/ddg/iterations/20260908-full-scn2a-paired-direct/result.json
20260908-full-scn2a-paired-direct,8,"EC2 m7i.2xlarge, 8 hardware threads, 32 GiB, output gp3 500 MiB/s",114889,,,,,"All repeat-filtered SCN2A gene-body 20mers; all other-gene intervals k<=3 across full human RNA reference, native ddG; complete gzip JSONL outputs",ddg_worker,False,ooff,155,103.28566334900006,0,benchmarks/ddg/iterations/20260908-full-scn2a-paired-direct/result.json
20260908-full-scn2a-paired-direct,8,"EC2 m7i.2xlarge, 8 hardware threads, 32 GiB, output gp3 500 MiB/s",114889,,,,,"All repeat-filtered SCN2A gene-body 20mers; all other-gene intervals k<=3 across full human RNA reference, native ddG; complete gzip JSONL outputs",archive_worker,False,ooff,155,41.172563753000304,0,benchmarks/ddg/iterations/20260908-full-scn2a-paired-direct/result.json
20260908-full-scn2a-paired-direct,8,"EC2 m7i.2xlarge, 8 hardware threads, 32 GiB, output gp3 500 MiB/s",114889,,,,,"All repeat-filtered SCN2A gene-body 20mers; all other-gene intervals k<=3 across full human RNA reference, native ddG; complete gzip JSONL outputs",discovery_worker,False,ooff,157,24.97029754999994,0,benchmarks/ddg/iterations/20260908-full-scn2a-paired-direct/result.json
20260908-full-scn2a-paired-direct,8,"EC2 m7i.2xlarge, 8 hardware threads, 32 GiB, output gp3 500 MiB/s",114889,,,,,"All repeat-filtered SCN2A gene-body 20mers; all other-gene intervals k<=3 across full human RNA reference, native ddG; complete gzip JSONL outputs",ddg_worker,False,ooff,157,61.662992612999915,0,benchmarks/ddg/iterations/20260908-full-scn2a-paired-direct/result.json
20260908-full-scn2a-paired-direct,8,"EC2 m7i.2xlarge, 8 hardware threads, 32 GiB, output gp3 500 MiB/s",114889,,,,,"All repeat-filtered SCN2A gene-body 20mers; all other-gene intervals k<=3 across full human RNA reference, native ddG; complete gzip JSONL outputs",archive_worker,False,ooff,157,25.614137722000123,0,benchmarks/ddg/iterations/20260908-full-scn2a-paired-direct/result.json
20260908-full-scn2a-paired-direct,8,"EC2 m7i.2xlarge, 8 hardware threads, 32 GiB, output gp3 500 MiB/s",114889,,,,,"All repeat-filtered SCN2A gene-body 20mers; all other-gene intervals k<=3 across full human RNA reference, native ddG; complete gzip JSONL outputs",discovery_worker,False,ooff,146,43.712349292,0,benchmarks/ddg/iterations/20260908-full-scn2a-paired-direct/result.json
20260908-full-scn2a-paired-direct,8,"EC2 m7i.2xlarge, 8 hardware threads, 32 GiB, output gp3 500 MiB/s",114889,,,,,"All repeat-filtered SCN2A gene-body 20mers; all other-gene intervals k<=3 across full human RNA reference, native ddG; complete gzip JSONL outputs",ddg_worker,False,ooff,146,180.70306187100005,0,benchmarks/ddg/iterations/20260908-full-scn2a-paired-direct/result.json
20260908-full-scn2a-paired-direct,8,"EC2 m7i.2xlarge, 8 hardware threads, 32 GiB, output gp3 500 MiB/s",114889,,,,,"All repeat-filtered SCN2A gene-body 20mers; all other-gene intervals k<=3 across full human RNA reference, native ddG; complete gzip JSONL outputs",archive_worker,False,ooff,146,118.6538476830001,0,benchmarks/ddg/iterations/20260908-full-scn2a-paired-direct/result.json
20260908-full-scn2a-paired-direct,8,"EC2 m7i.2xlarge, 8 hardware threads, 32 GiB, output gp3 500 MiB/s",114889,,,,,"All repeat-filtered SCN2A gene-body 20mers; all other-gene intervals k<=3 across full human RNA reference, native ddG; complete gzip JSONL outputs",discovery_worker,False,ooff,158,22.22019292699997,0,benchmarks/ddg/iterations/20260908-full-scn2a-paired-direct/result.json
20260908-full-scn2a-paired-direct,8,"EC2 m7i.2xlarge, 8 hardware threads, 32 GiB, output gp3 500 MiB/s",114889,,,,,"All repeat-filtered SCN2A gene-body 20mers; all other-gene intervals k<=3 across full human RNA reference, native ddG; complete gzip JSONL outputs",ddg_worker,False,ooff,158,75.19369443200003,0,benchmarks/ddg/iterations/20260908-full-scn2a-paired-direct/result.json
20260908-full-scn2a-paired-direct,8,"EC2 m7i.2xlarge, 8 hardware threads, 32 GiB, output gp3 500 MiB/s",114889,,,,,"All repeat-filtered SCN2A gene-body 20mers; all other-gene intervals k<=3 across full human RNA reference, native ddG; complete gzip JSONL outputs",archive_worker,False,ooff,158,30.08665572000018,0,benchmarks/ddg/iterations/20260908-full-scn2a-paired-direct/result.json
20260908-full-scn2a-paired-direct,8,"EC2 m7i.2xlarge, 8 hardware threads, 32 GiB, output gp3 500 MiB/s",114889,,,,,"All repeat-filtered SCN2A gene-body 20mers; all other-gene intervals k<=3 across full human RNA reference, native ddG; complete gzip JSONL outputs",discovery_worker,False,ooff,160,21.17202566600008,0,benchmarks/ddg/iterations/20260908-full-scn2a-paired-direct/result.json
20260908-full-scn2a-paired-direct,8,"EC2 m7i.2xlarge, 8 hardware threads, 32 GiB, output gp3 500 MiB/s",114889,,,,,"All repeat-filtered SCN2A gene-body 20mers; all other-gene intervals k<=3 across full human RNA reference, native ddG; complete gzip JSONL outputs",ddg_worker,False,ooff,160,95.68395114500026,0,benchmarks/ddg/iterations/20260908-full-scn2a-paired-direct/result.json
20260908-full-scn2a-paired-direct,8,"EC2 m7i.2xlarge, 8 hardware threads, 32 GiB, output gp3 500 MiB/s",114889,,,,,"All repeat-filtered SCN2A gene-body 20mers; all other-gene intervals k<=3 across full human RNA reference, native ddG; complete gzip JSONL outputs",archive_worker,False,ooff,160,37.17788097199991,0,benchmarks/ddg/iterations/20260908-full-scn2a-paired-direct/result.json
20260908-full-scn2a-paired-direct,8,"EC2 m7i.2xlarge, 8 hardware threads, 32 GiB, output gp3 500 MiB/s",114889,,,,,"All repeat-filtered SCN2A gene-body 20mers; all other-gene intervals k<=3 across full human RNA reference, native ddG; complete gzip JSONL outputs",discovery_worker,False,ooff,156,29.98324106500013,0,benchmarks/ddg/iterations/20260908-full-scn2a-paired-direct/result.json
20260908-full-scn2a-paired-direct,8,"EC2 m7i.2xlarge, 8 hardware threads, 32 GiB, output gp3 500 MiB/s",114889,,,,,"All repeat-filtered SCN2A gene-body 20mers; all other-gene intervals k<=3 across full human RNA reference, native ddG; complete gzip JSONL outputs",ddg_worker,False,ooff,156,120.87971298100001,0,benchmarks/ddg/iterations/20260908-full-scn2a-paired-direct/result.json
20260908-full-scn2a-paired-direct,8,"EC2 m7i.2xlarge, 8 hardware threads, 32 GiB, output gp3 500 MiB/s",114889,,,,,"All repeat-filtered SCN2A gene-body 20mers; all other-gene intervals k<=3 across full human RNA reference, native ddG; complete gzip JSONL outputs",archive_worker,False,ooff,156,49.61934827799996,0,benchmarks/ddg/iterations/20260908-full-scn2a-paired-direct/result.json
20260908-full-scn2a-paired-direct,8,"EC2 m7i.2xlarge, 8 hardware threads, 32 GiB, output gp3 500 MiB/s",114889,,,,,"All repeat-filtered SCN2A gene-body 20mers; all other-gene intervals k<=3 across full human RNA reference, native ddG; complete gzip JSONL outputs",discovery_worker,False,ooff,159,32.69618988100001,0,benchmarks/ddg/iterations/20260908-full-scn2a-paired-direct/result.json
20260908-full-scn2a-paired-direct,8,"EC2 m7i.2xlarge, 8 hardware threads, 32 GiB, output gp3 500 MiB/s",114889,,,,,"All repeat-filtered SCN2A gene-body 20mers; all other-gene intervals k<=3 across full human RNA reference, native ddG; complete gzip JSONL outputs",ddg_worker,False,ooff,159,124.09572709799977,0,benchmarks/ddg/iterations/20260908-full-scn2a-paired-direct/result.json
20260908-full-scn2a-paired-direct,8,"EC2 m7i.2xlarge, 8 hardware threads, 32 GiB, output gp3 500 MiB/s",114889,,,,,"All repeat-filtered SCN2A gene-body 20mers; all other-gene intervals k<=3 across full human RNA reference, native ddG; complete gzip JSONL outputs",archive_worker,False,ooff,159,68.96897232399988,0,benchmarks/ddg/iterations/20260908-full-scn2a-paired-direct/result.json
20260908-full-scn2a-paired-direct,8,"EC2 m7i.2xlarge, 8 hardware threads, 32 GiB, output gp3 500 MiB/s",114889,,,,,"All repeat-filtered SCN2A gene-body 20mers; all other-gene intervals k<=3 across full human RNA reference, native ddG; complete gzip JSONL outputs",discovery_worker,False,ooff,161,33.43167713899993,0,benchmarks/ddg/iterations/20260908-full-scn2a-paired-direct/result.json
20260908-full-scn2a-paired-direct,8,"EC2 m7i.2xlarge, 8 hardware threads, 32 GiB, output gp3 500 MiB/s",114889,,,,,"All repeat-filtered SCN2A gene-body 20mers; all other-gene intervals k<=3 across full human RNA reference, native ddG; complete gzip JSONL outputs",ddg_worker,False,ooff,161,124.02686786200002,0,benchmarks/ddg/iterations/20260908-full-scn2a-paired-direct/result.json
20260908-full-scn2a-paired-direct,8,"EC2 m7i.2xlarge, 8 hardware threads, 32 GiB, output gp3 500 MiB/s",114889,,,,,"All repeat-filtered SCN2A gene-body 20mers; all other-gene intervals k<=3 across full human RNA reference, native ddG; complete gzip JSONL outputs",archive_worker,False,ooff,161,57.8567250760002,0,benchmarks/ddg/iterations/20260908-full-scn2a-paired-direct/result.json
20260908-full-scn2a-paired-direct,8,"EC2 m7i.2xlarge, 8 hardware threads, 32 GiB, output gp3 500 MiB/s",114889,,,,,"All repeat-filtered SCN2A gene-body 20mers; all other-gene intervals k<=3 across full human RNA reference, native ddG; complete gzip JSONL outputs",discovery_worker,False,ooff,154,40.177730608000275,0,benchmarks/ddg/iterations/20260908-full-scn2a-paired-direct/result.json
20260908-full-scn2a-paired-direct,8,"EC2 m7i.2xlarge, 8 hardware threads, 32 GiB, output gp3 500 MiB/s",114889,,,,,"All repeat-filtered SCN2A gene-body 20mers; all other-gene intervals k<=3 across full human RNA reference, native ddG; complete gzip JSONL outputs",ddg_worker,False,ooff,154,262.97727936399997,0,benchmarks/ddg/iterations/20260908-full-scn2a-paired-direct/result.json
20260908-full-scn2a-paired-direct,8,"EC2 m7i.2xlarge, 8 hardware threads, 32 GiB, output gp3 500 MiB/s",114889,,,,,"All repeat-filtered SCN2A gene-body 20mers; all other-gene intervals k<=3 across full human RNA reference, native ddG; complete gzip JSONL outputs",archive_worker,False,ooff,154,141.8001988000001,0,benchmarks/ddg/iterations/20260908-full-scn2a-paired-direct/result.json
20260908-full-scn2a-paired-direct,8,"EC2 m7i.2xlarge, 8 hardware threads, 32 GiB, output gp3 500 MiB/s",114889,,,,,"All repeat-filtered SCN2A gene-body 20mers; all other-gene intervals k<=3 across full human RNA reference, native ddG; complete gzip JSONL outputs",discovery_worker,False,ooff,164,19.24616960900039,0,benchmarks/ddg/iterations/20260908-full-scn2a-paired-direct/result.json
20260908-full-scn2a-paired-direct,8,"EC2 m7i.2xlarge, 8 hardware threads, 32 GiB, output gp3 500 MiB/s",114889,,,,,"All repeat-filtered SCN2A gene-body 20mers; all other-gene intervals k<=3 across full human RNA reference, native ddG; complete gzip JSONL outputs",ddg_worker,False,ooff,164,107.7269541390001,0,benchmarks/ddg/iterations/20260908-full-scn2a-paired-direct/result.json
20260908-full-scn2a-paired-direct,8,"EC2 m7i.2xlarge, 8 hardware threads, 32 GiB, output gp3 500 MiB/s",114889,,,,,"All repeat-filtered SCN2A gene-body 20mers; all other-gene intervals k<=3 across full human RNA reference, native ddG; complete gzip JSONL outputs",archive_worker,False,ooff,164,42.52483649500027,0,benchmarks/ddg/iterations/20260908-full-scn2a-paired-direct/result.json
20260908-full-scn2a-paired-direct,8,"EC2 m7i.2xlarge, 8 hardware threads, 32 GiB, output gp3 500 MiB/s",114889,,,,,"All repeat-filtered SCN2A gene-body 20mers; all other-gene intervals k<=3 across full human RNA reference, native ddG; complete gzip JSONL outputs",discovery_worker,False,ooff,166,19.30058922599983,0,benchmarks/ddg/iterations/20260908-full-scn2a-paired-direct/result.json
20260908-full-scn2a-paired-direct,8,"EC2 m7i.2xlarge, 8 hardware threads, 32 GiB, output gp3 500 MiB/s",114889,,,,,"All repeat-filtered SCN2A gene-body 20mers; all other-gene intervals k<=3 across full human RNA reference, native ddG; complete gzip JSONL outputs",ddg_worker,False,ooff,166,89.87778105200005,0,benchmarks/ddg/iterations/20260908-full-scn2a-paired-direct/result.json
20260908-full-scn2a-paired-direct,8,"EC2 m7i.2xlarge, 8 hardware threads, 32 GiB, output gp3 500 MiB/s",114889,,,,,"All repeat-filtered SCN2A gene-body 20mers; all other-gene intervals k<=3 across full human RNA reference, native ddG; complete gzip JSONL outputs",archive_worker,False,ooff,166,27.73658010200006,0,benchmarks/ddg/iterations/20260908-full-scn2a-paired-direct/result.json
20260908-full-scn2a-paired-direct,8,"EC2 m7i.2xlarge, 8 hardware threads, 32 GiB, output gp3 500 MiB/s",114889,,,,,"All repeat-filtered SCN2A gene-body 20mers; all other-gene intervals k<=3 across full human RNA reference, native ddG; complete gzip JSONL outputs",discovery_worker,False,ooff,165,24.861323130999608,0,benchmarks/ddg/iterations/20260908-full-scn2a-paired-direct/result.json
20260908-full-scn2a-paired-direct,8,"EC2 m7i.2xlarge, 8 hardware threads, 32 GiB, output gp3 500 MiB/s",114889,,,,,"All repeat-filtered SCN2A gene-body 20mers; all other-gene intervals k<=3 across full human RNA reference, native ddG; complete gzip JSONL outputs",ddg_worker,False,ooff,165,97.99843552699986,0,benchmarks/ddg/iterations/20260908-full-scn2a-paired-direct/result.json
20260908-full-scn2a-paired-direct,8,"EC2 m7i.2xlarge, 8 hardware threads, 32 GiB, output gp3 500 MiB/s",114889,,,,,"All repeat-filtered SCN2A gene-body 20mers; all other-gene intervals k<=3 across full human RNA reference, native ddG; complete gzip JSONL outputs",archive_worker,False,ooff,165,31.731158286999744,0,benchmarks/ddg/iterations/20260908-full-scn2a-paired-direct/result.json
20260908-full-scn2a-paired-direct,8,"EC2 m7i.2xlarge, 8 hardware threads, 32 GiB, output gp3 500 MiB/s",114889,,,,,"All repeat-filtered SCN2A gene-body 20mers; all other-gene intervals k<=3 across full human RNA reference, native ddG; complete gzip JSONL outputs",discovery_worker,False,ooff,163,26.110244651999892,0,benchmarks/ddg/iterations/20260908-full-scn2a-paired-direct/result.json
20260908-full-scn2a-paired-direct,8,"EC2 m7i.2xlarge, 8 hardware threads, 32 GiB, output gp3 500 MiB/s",114889,,,,,"All repeat-filtered SCN2A gene-body 20mers; all other-gene intervals k<=3 across full human RNA reference, native ddG; complete gzip JSONL outputs",ddg_worker,False,ooff,163,150.98851846199977,0,benchmarks/ddg/iterations/20260908-full-scn2a-paired-direct/result.json
20260908-full-scn2a-paired-direct,8,"EC2 m7i.2xlarge, 8 hardware threads, 32 GiB, output gp3 500 MiB/s",114889,,,,,"All repeat-filtered SCN2A gene-body 20mers; all other-gene intervals k<=3 across full human RNA reference, native ddG; complete gzip JSONL outputs",archive_worker,False,ooff,163,64.96843489499997,0,benchmarks/ddg/iterations/20260908-full-scn2a-paired-direct/result.json
20260908-full-scn2a-paired-direct,8,"EC2 m7i.2xlarge, 8 hardware threads, 32 GiB, output gp3 500 MiB/s",114889,,,,,"All repeat-filtered SCN2A gene-body 20mers; all other-gene intervals k<=3 across full human RNA reference, native ddG; complete gzip JSONL outputs",discovery_worker,False,ooff,162,26.916552086000138,0,benchmarks/ddg/iterations/20260908-full-scn2a-paired-direct/result.json
20260908-full-scn2a-paired-direct,8,"EC2 m7i.2xlarge, 8 hardware threads, 32 GiB, output gp3 500 MiB/s",114889,,,,,"All repeat-filtered SCN2A gene-body 20mers; all other-gene intervals k<=3 across full human RNA reference, native ddG; complete gzip JSONL outputs",ddg_worker,False,ooff,162,160.15673671900004,0,benchmarks/ddg/iterations/20260908-full-scn2a-paired-direct/result.json
20260908-full-scn2a-paired-direct,8,"EC2 m7i.2xlarge, 8 hardware threads, 32 GiB, output gp3 500 MiB/s",114889,,,,,"All repeat-filtered SCN2A gene-body 20mers; all other-gene intervals k<=3 across full human RNA reference, native ddG; complete gzip JSONL outputs",archive_worker,False,ooff,162,71.44599981400006,0,benchmarks/ddg/iterations/20260908-full-scn2a-paired-direct/result.json
20260908-full-scn2a-paired-direct,8,"EC2 m7i.2xlarge, 8 hardware threads, 32 GiB, output gp3 500 MiB/s",114889,,,,,"All repeat-filtered SCN2A gene-body 20mers; all other-gene intervals k<=3 across full human RNA reference, native ddG; complete gzip JSONL outputs",discovery_worker,False,ooff,170,23.219392037000034,0,benchmarks/ddg/iterations/20260908-full-scn2a-paired-direct/result.json
20260908-full-scn2a-paired-direct,8,"EC2 m7i.2xlarge, 8 hardware threads, 32 GiB, output gp3 500 MiB/s",114889,,,,,"All repeat-filtered SCN2A gene-body 20mers; all other-gene intervals k<=3 across full human RNA reference, native ddG; complete gzip JSONL outputs",ddg_worker,False,ooff,170,79.50464556999987,0,benchmarks/ddg/iterations/20260908-full-scn2a-paired-direct/result.json
20260908-full-scn2a-paired-direct,8,"EC2 m7i.2xlarge, 8 hardware threads, 32 GiB, output gp3 500 MiB/s",114889,,,,,"All repeat-filtered SCN2A gene-body 20mers; all other-gene intervals k<=3 across full human RNA reference, native ddG; complete gzip JSONL outputs",archive_worker,False,ooff,170,35.894487414000196,0,benchmarks/ddg/iterations/20260908-full-scn2a-paired-direct/result.json
20260908-full-scn2a-paired-direct,8,"EC2 m7i.2xlarge, 8 hardware threads, 32 GiB, output gp3 500 MiB/s",114889,,,,,"All repeat-filtered SCN2A gene-body 20mers; all other-gene intervals k<=3 across full human RNA reference, native ddG; complete gzip JSONL outputs",discovery_worker,False,ooff,168,22.75721047099978,0,benchmarks/ddg/iterations/20260908-full-scn2a-paired-direct/result.json
20260908-full-scn2a-paired-direct,8,"EC2 m7i.2xlarge, 8 hardware threads, 32 GiB, output gp3 500 MiB/s",114889,,,,,"All repeat-filtered SCN2A gene-body 20mers; all other-gene intervals k<=3 across full human RNA reference, native ddG; complete gzip JSONL outputs",ddg_worker,False,ooff,168,92.79434945700041,0,benchmarks/ddg/iterations/20260908-full-scn2a-paired-direct/result.json
20260908-full-scn2a-paired-direct,8,"EC2 m7i.2xlarge, 8 hardware threads, 32 GiB, output gp3 500 MiB/s",114889,,,,,"All repeat-filtered SCN2A gene-body 20mers; all other-gene intervals k<=3 across full human RNA reference, native ddG; complete gzip JSONL outputs",archive_worker,False,ooff,168,47.47000319399967,0,benchmarks/ddg/iterations/20260908-full-scn2a-paired-direct/result.json
20260908-full-scn2a-paired-direct,8,"EC2 m7i.2xlarge, 8 hardware threads, 32 GiB, output gp3 500 MiB/s",114889,,,,,"All repeat-filtered SCN2A gene-body 20mers; all other-gene intervals k<=3 across full human RNA reference, native ddG; complete gzip JSONL outputs",discovery_worker,False,ooff,169,22.65913926999974,0,benchmarks/ddg/iterations/20260908-full-scn2a-paired-direct/result.json
20260908-full-scn2a-paired-direct,8,"EC2 m7i.2xlarge, 8 hardware threads, 32 GiB, output gp3 500 MiB/s",114889,,,,,"All repeat-filtered SCN2A gene-body 20mers; all other-gene intervals k<=3 across full human RNA reference, native ddG; complete gzip JSONL outputs",ddg_worker,False,ooff,169,87.23417694199998,0,benchmarks/ddg/iterations/20260908-full-scn2a-paired-direct/result.json
20260908-full-scn2a-paired-direct,8,"EC2 m7i.2xlarge, 8 hardware threads, 32 GiB, output gp3 500 MiB/s",114889,,,,,"All repeat-filtered SCN2A gene-body 20mers; all other-gene intervals k<=3 across full human RNA reference, native ddG; complete gzip JSONL outputs",archive_worker,False,ooff,169,41.968720589999975,0,benchmarks/ddg/iterations/20260908-full-scn2a-paired-direct/result.json
20260908-full-scn2a-paired-direct,8,"EC2 m7i.2xlarge, 8 hardware threads, 32 GiB, output gp3 500 MiB/s",114889,,,,,"All repeat-filtered SCN2A gene-body 20mers; all other-gene intervals k<=3 across full human RNA reference, native ddG; complete gzip JSONL outputs",discovery_worker,False,ooff,167,42.29394192799964,0,benchmarks/ddg/iterations/20260908-full-scn2a-paired-direct/result.json
20260908-full-scn2a-paired-direct,8,"EC2 m7i.2xlarge, 8 hardware threads, 32 GiB, output gp3 500 MiB/s",114889,,,,,"All repeat-filtered SCN2A gene-body 20mers; all other-gene intervals k<=3 across full human RNA reference, native ddG; complete gzip JSONL outputs",ddg_worker,False,ooff,167,127.35059493300014,0,benchmarks/ddg/iterations/20260908-full-scn2a-paired-direct/result.json
20260908-full-scn2a-paired-direct,8,"EC2 m7i.2xlarge, 8 hardware threads, 32 GiB, output gp3 500 MiB/s",114889,,,,,"All repeat-filtered SCN2A gene-body 20mers; all other-gene intervals k<=3 across full human RNA reference, native ddG; complete gzip JSONL outputs",archive_worker,False,ooff,167,73.34190069900023,0,benchmarks/ddg/iterations/20260908-full-scn2a-paired-direct/result.json
20260908-full-scn2a-paired-direct,8,"EC2 m7i.2xlarge, 8 hardware threads, 32 GiB, output gp3 500 MiB/s",114889,,,,,"All repeat-filtered SCN2A gene-body 20mers; all other-gene intervals k<=3 across full human RNA reference, native ddG; complete gzip JSONL outputs",discovery_worker,False,ooff,173,21.484710850999818,0,benchmarks/ddg/iterations/20260908-full-scn2a-paired-direct/result.json
20260908-full-scn2a-paired-direct,8,"EC2 m7i.2xlarge, 8 hardware threads, 32 GiB, output gp3 500 MiB/s",114889,,,,,"All repeat-filtered SCN2A gene-body 20mers; all other-gene intervals k<=3 across full human RNA reference, native ddG; complete gzip JSONL outputs",ddg_worker,False,ooff,173,110.54812012399998,0,benchmarks/ddg/iterations/20260908-full-scn2a-paired-direct/result.json
20260908-full-scn2a-paired-direct,8,"EC2 m7i.2xlarge, 8 hardware threads, 32 GiB, output gp3 500 MiB/s",114889,,,,,"All repeat-filtered SCN2A gene-body 20mers; all other-gene intervals k<=3 across full human RNA reference, native ddG; complete gzip JSONL outputs",archive_worker,False,ooff,173,39.1259627659997,0,benchmarks/ddg/iterations/20260908-full-scn2a-paired-direct/result.json
20260908-full-scn2a-paired-direct,8,"EC2 m7i.2xlarge, 8 hardware threads, 32 GiB, output gp3 500 MiB/s",114889,,,,,"All repeat-filtered SCN2A gene-body 20mers; all other-gene intervals k<=3 across full human RNA reference, native ddG; complete gzip JSONL outputs",discovery_worker,False,ooff,174,22.623276023000017,0,benchmarks/ddg/iterations/20260908-full-scn2a-paired-direct/result.json
20260908-full-scn2a-paired-direct,8,"EC2 m7i.2xlarge, 8 hardware threads, 32 GiB, output gp3 500 MiB/s",114889,,,,,"All repeat-filtered SCN2A gene-body 20mers; all other-gene intervals k<=3 across full human RNA reference, native ddG; complete gzip JSONL outputs",ddg_worker,False,ooff,174,108.90064865999966,0,benchmarks/ddg/iterations/20260908-full-scn2a-paired-direct/result.json
20260908-full-scn2a-paired-direct,8,"EC2 m7i.2xlarge, 8 hardware threads, 32 GiB, output gp3 500 MiB/s",114889,,,,,"All repeat-filtered SCN2A gene-body 20mers; all other-gene intervals k<=3 across full human RNA reference, native ddG; complete gzip JSONL outputs",archive_worker,False,ooff,174,43.67728041800001,0,benchmarks/ddg/iterations/20260908-full-scn2a-paired-direct/result.json
20260908-full-scn2a-paired-direct,8,"EC2 m7i.2xlarge, 8 hardware threads, 32 GiB, output gp3 500 MiB/s",114889,,,,,"All repeat-filtered SCN2A gene-body 20mers; all other-gene intervals k<=3 across full human RNA reference, native ddG; complete gzip JSONL outputs",discovery_worker,False,ooff,172,24.63991472900034,0,benchmarks/ddg/iterations/20260908-full-scn2a-paired-direct/result.json
20260908-full-scn2a-paired-direct,8,"EC2 m7i.2xlarge, 8 hardware threads, 32 GiB, output gp3 500 MiB/s",114889,,,,,"All repeat-filtered SCN2A gene-body 20mers; all other-gene intervals k<=3 across full human RNA reference, native ddG; complete gzip JSONL outputs",ddg_worker,False,ooff,172,137.52659282000013,0,benchmarks/ddg/iterations/20260908-full-scn2a-paired-direct/result.json
20260908-full-scn2a-paired-direct,8,"EC2 m7i.2xlarge, 8 hardware threads, 32 GiB, output gp3 500 MiB/s",114889,,,,,"All repeat-filtered SCN2A gene-body 20mers; all other-gene intervals k<=3 across full human RNA reference, native ddG; complete gzip JSONL outputs",archive_worker,False,ooff,172,56.934675533000245,0,benchmarks/ddg/iterations/20260908-full-scn2a-paired-direct/result.json
20260908-full-scn2a-paired-direct,8,"EC2 m7i.2xlarge, 8 hardware threads, 32 GiB, output gp3 500 MiB/s",114889,,,,,"All repeat-filtered SCN2A gene-body 20mers; all other-gene intervals k<=3 across full human RNA reference, native ddG; complete gzip JSONL outputs",discovery_worker,False,ooff,175,27.08612374500035,0,benchmarks/ddg/iterations/20260908-full-scn2a-paired-direct/result.json
20260908-full-scn2a-paired-direct,8,"EC2 m7i.2xlarge, 8 hardware threads, 32 GiB, output gp3 500 MiB/s",114889,,,,,"All repeat-filtered SCN2A gene-body 20mers; all other-gene intervals k<=3 across full human RNA reference, native ddG; complete gzip JSONL outputs",ddg_worker,False,ooff,175,66.27697783099984,0,benchmarks/ddg/iterations/20260908-full-scn2a-paired-direct/result.json
20260908-full-scn2a-paired-direct,8,"EC2 m7i.2xlarge, 8 hardware threads, 32 GiB, output gp3 500 MiB/s",114889,,,,,"All repeat-filtered SCN2A gene-body 20mers; all other-gene intervals k<=3 across full human RNA reference, native ddG; complete gzip JSONL outputs",archive_worker,False,ooff,175,33.87590202999991,0,benchmarks/ddg/iterations/20260908-full-scn2a-paired-direct/result.json
20260908-full-scn2a-paired-direct,8,"EC2 m7i.2xlarge, 8 hardware threads, 32 GiB, output gp3 500 MiB/s",114889,,,,,"All repeat-filtered SCN2A gene-body 20mers; all other-gene intervals k<=3 across full human RNA reference, native ddG; complete gzip JSONL outputs",discovery_worker,False,ooff,178,15.889937394000299,0,benchmarks/ddg/iterations/20260908-full-scn2a-paired-direct/result.json
20260908-full-scn2a-paired-direct,8,"EC2 m7i.2xlarge, 8 hardware threads, 32 GiB, output gp3 500 MiB/s",114889,,,,,"All repeat-filtered SCN2A gene-body 20mers; all other-gene intervals k<=3 across full human RNA reference, native ddG; complete gzip JSONL outputs",ddg_worker,False,ooff,178,58.27641953600005,0,benchmarks/ddg/iterations/20260908-full-scn2a-paired-direct/result.json
20260908-full-scn2a-paired-direct,8,"EC2 m7i.2xlarge, 8 hardware threads, 32 GiB, output gp3 500 MiB/s",114889,,,,,"All repeat-filtered SCN2A gene-body 20mers; all other-gene intervals k<=3 across full human RNA reference, native ddG; complete gzip JSONL outputs",archive_worker,False,ooff,178,26.628412216000015,0,benchmarks/ddg/iterations/20260908-full-scn2a-paired-direct/result.json
20260908-full-scn2a-paired-direct,8,"EC2 m7i.2xlarge, 8 hardware threads, 32 GiB, output gp3 500 MiB/s",114889,,,,,"All repeat-filtered SCN2A gene-body 20mers; all other-gene intervals k<=3 across full human RNA reference, native ddG; complete gzip JSONL outputs",discovery_worker,False,ooff,176,28.33594094099999,0,benchmarks/ddg/iterations/20260908-full-scn2a-paired-direct/result.json
20260908-full-scn2a-paired-direct,8,"EC2 m7i.2xlarge, 8 hardware threads, 32 GiB, output gp3 500 MiB/s",114889,,,,,"All repeat-filtered SCN2A gene-body 20mers; all other-gene intervals k<=3 across full human RNA reference, native ddG; complete gzip JSONL outputs",ddg_worker,False,ooff,176,95.90245258600044,0,benchmarks/ddg/iterations/20260908-full-scn2a-paired-direct/result.json
20260908-full-scn2a-paired-direct,8,"EC2 m7i.2xlarge, 8 hardware threads, 32 GiB, output gp3 500 MiB/s",114889,,,,,"All repeat-filtered SCN2A gene-body 20mers; all other-gene intervals k<=3 across full human RNA reference, native ddG; complete gzip JSONL outputs",archive_worker,False,ooff,176,45.70726796200006,0,benchmarks/ddg/iterations/20260908-full-scn2a-paired-direct/result.json
20260908-full-scn2a-paired-direct,8,"EC2 m7i.2xlarge, 8 hardware threads, 32 GiB, output gp3 500 MiB/s",114889,,,,,"All repeat-filtered SCN2A gene-body 20mers; all other-gene intervals k<=3 across full human RNA reference, native ddG; complete gzip JSONL outputs",discovery_worker,False,ooff,171,28.783760016999622,0,benchmarks/ddg/iterations/20260908-full-scn2a-paired-direct/result.json
20260908-full-scn2a-paired-direct,8,"EC2 m7i.2xlarge, 8 hardware threads, 32 GiB, output gp3 500 MiB/s",114889,,,,,"All repeat-filtered SCN2A gene-body 20mers; all other-gene intervals k<=3 across full human RNA reference, native ddG; complete gzip JSONL outputs",ddg_worker,False,ooff,171,183.05711765000024,0,benchmarks/ddg/iterations/20260908-full-scn2a-paired-direct/result.json
20260908-full-scn2a-paired-direct,8,"EC2 m7i.2xlarge, 8 hardware threads, 32 GiB, output gp3 500 MiB/s",114889,,,,,"All repeat-filtered SCN2A gene-body 20mers; all other-gene intervals k<=3 across full human RNA reference, native ddG; complete gzip JSONL outputs",archive_worker,False,ooff,171,85.36535770699993,0,benchmarks/ddg/iterations/20260908-full-scn2a-paired-direct/result.json
20260908-full-scn2a-paired-direct,8,"EC2 m7i.2xlarge, 8 hardware threads, 32 GiB, output gp3 500 MiB/s",114889,,,,,"All repeat-filtered SCN2A gene-body 20mers; all other-gene intervals k<=3 across full human RNA reference, native ddG; complete gzip JSONL outputs",discovery_worker,False,ooff,179,21.90128948599977,0,benchmarks/ddg/iterations/20260908-full-scn2a-paired-direct/result.json
20260908-full-scn2a-paired-direct,8,"EC2 m7i.2xlarge, 8 hardware threads, 32 GiB, output gp3 500 MiB/s",114889,,,,,"All repeat-filtered SCN2A gene-body 20mers; all other-gene intervals k<=3 across full human RNA reference, native ddG; complete gzip JSONL outputs",ddg_worker,False,ooff,179,74.98555133900027,0,benchmarks/ddg/iterations/20260908-full-scn2a-paired-direct/result.json
20260908-full-scn2a-paired-direct,8,"EC2 m7i.2xlarge, 8 hardware threads, 32 GiB, output gp3 500 MiB/s",114889,,,,,"All repeat-filtered SCN2A gene-body 20mers; all other-gene intervals k<=3 across full human RNA reference, native ddG; complete gzip JSONL outputs",archive_worker,False,ooff,179,36.90712501100006,0,benchmarks/ddg/iterations/20260908-full-scn2a-paired-direct/result.json
20260908-full-scn2a-paired-direct,8,"EC2 m7i.2xlarge, 8 hardware threads, 32 GiB, output gp3 500 MiB/s",114889,,,,,"All repeat-filtered SCN2A gene-body 20mers; all other-gene intervals k<=3 across full human RNA reference, native ddG; complete gzip JSONL outputs",discovery_worker,False,ooff,183,18.974221252999996,0,benchmarks/ddg/iterations/20260908-full-scn2a-paired-direct/result.json
20260908-full-scn2a-paired-direct,8,"EC2 m7i.2xlarge, 8 hardware threads, 32 GiB, output gp3 500 MiB/s",114889,,,,,"All repeat-filtered SCN2A gene-body 20mers; all other-gene intervals k<=3 across full human RNA reference, native ddG; complete gzip JSONL outputs",ddg_worker,False,ooff,183,71.3696736689999,0,benchmarks/ddg/iterations/20260908-full-scn2a-paired-direct/result.json
20260908-full-scn2a-paired-direct,8,"EC2 m7i.2xlarge, 8 hardware threads, 32 GiB, output gp3 500 MiB/s",114889,,,,,"All repeat-filtered SCN2A gene-body 20mers; all other-gene intervals k<=3 across full human RNA reference, native ddG; complete gzip JSONL outputs",archive_worker,False,ooff,183,25.532081279000067,0,benchmarks/ddg/iterations/20260908-full-scn2a-paired-direct/result.json
20260908-full-scn2a-paired-direct,8,"EC2 m7i.2xlarge, 8 hardware threads, 32 GiB, output gp3 500 MiB/s",114889,,,,,"All repeat-filtered SCN2A gene-body 20mers; all other-gene intervals k<=3 across full human RNA reference, native ddG; complete gzip JSONL outputs",discovery_worker,False,ooff,181,21.806616748000124,0,benchmarks/ddg/iterations/20260908-full-scn2a-paired-direct/result.json
20260908-full-scn2a-paired-direct,8,"EC2 m7i.2xlarge, 8 hardware threads, 32 GiB, output gp3 500 MiB/s",114889,,,,,"All repeat-filtered SCN2A gene-body 20mers; all other-gene intervals k<=3 across full human RNA reference, native ddG; complete gzip JSONL outputs",ddg_worker,False,ooff,181,98.16685100099994,0,benchmarks/ddg/iterations/20260908-full-scn2a-paired-direct/result.json
20260908-full-scn2a-paired-direct,8,"EC2 m7i.2xlarge, 8 hardware threads, 32 GiB, output gp3 500 MiB/s",114889,,,,,"All repeat-filtered SCN2A gene-body 20mers; all other-gene intervals k<=3 across full human RNA reference, native ddG; complete gzip JSONL outputs",archive_worker,False,ooff,181,45.771456111000134,0,benchmarks/ddg/iterations/20260908-full-scn2a-paired-direct/result.json
20260908-full-scn2a-paired-direct,8,"EC2 m7i.2xlarge, 8 hardware threads, 32 GiB, output gp3 500 MiB/s",114889,,,,,"All repeat-filtered SCN2A gene-body 20mers; all other-gene intervals k<=3 across full human RNA reference, native ddG; complete gzip JSONL outputs",discovery_worker,False,ooff,182,21.73024459499993,0,benchmarks/ddg/iterations/20260908-full-scn2a-paired-direct/result.json
20260908-full-scn2a-paired-direct,8,"EC2 m7i.2xlarge, 8 hardware threads, 32 GiB, output gp3 500 MiB/s",114889,,,,,"All repeat-filtered SCN2A gene-body 20mers; all other-gene intervals k<=3 across full human RNA reference, native ddG; complete gzip JSONL outputs",ddg_worker,False,ooff,182,86.53432363899992,0,benchmarks/ddg/iterations/20260908-full-scn2a-paired-direct/result.json
20260908-full-scn2a-paired-direct,8,"EC2 m7i.2xlarge, 8 hardware threads, 32 GiB, output gp3 500 MiB/s",114889,,,,,"All repeat-filtered SCN2A gene-body 20mers; all other-gene intervals k<=3 across full human RNA reference, native ddG; complete gzip JSONL outputs",archive_worker,False,ooff,182,37.5707063079999,0,benchmarks/ddg/iterations/20260908-full-scn2a-paired-direct/result.json
20260908-full-scn2a-paired-direct,8,"EC2 m7i.2xlarge, 8 hardware threads, 32 GiB, output gp3 500 MiB/s",114889,,,,,"All repeat-filtered SCN2A gene-body 20mers; all other-gene intervals k<=3 across full human RNA reference, native ddG; complete gzip JSONL outputs",discovery_worker,False,ooff,177,43.1105005710001,0,benchmarks/ddg/iterations/20260908-full-scn2a-paired-direct/result.json
20260908-full-scn2a-paired-direct,8,"EC2 m7i.2xlarge, 8 hardware threads, 32 GiB, output gp3 500 MiB/s",114889,,,,,"All repeat-filtered SCN2A gene-body 20mers; all other-gene intervals k<=3 across full human RNA reference, native ddG; complete gzip JSONL outputs",ddg_worker,False,ooff,177,148.16370665900013,0,benchmarks/ddg/iterations/20260908-full-scn2a-paired-direct/result.json
20260908-full-scn2a-paired-direct,8,"EC2 m7i.2xlarge, 8 hardware threads, 32 GiB, output gp3 500 MiB/s",114889,,,,,"All repeat-filtered SCN2A gene-body 20mers; all other-gene intervals k<=3 across full human RNA reference, native ddG; complete gzip JSONL outputs",archive_worker,False,ooff,177,86.6757206870002,0,benchmarks/ddg/iterations/20260908-full-scn2a-paired-direct/result.json
20260908-full-scn2a-paired-direct,8,"EC2 m7i.2xlarge, 8 hardware threads, 32 GiB, output gp3 500 MiB/s",114889,,,,,"All repeat-filtered SCN2A gene-body 20mers; all other-gene intervals k<=3 across full human RNA reference, native ddG; complete gzip JSONL outputs",discovery_worker,False,ooff,185,20.0984193459999,0,benchmarks/ddg/iterations/20260908-full-scn2a-paired-direct/result.json
20260908-full-scn2a-paired-direct,8,"EC2 m7i.2xlarge, 8 hardware threads, 32 GiB, output gp3 500 MiB/s",114889,,,,,"All repeat-filtered SCN2A gene-body 20mers; all other-gene intervals k<=3 across full human RNA reference, native ddG; complete gzip JSONL outputs",ddg_worker,False,ooff,185,95.64896096300026,0,benchmarks/ddg/iterations/20260908-full-scn2a-paired-direct/result.json
20260908-full-scn2a-paired-direct,8,"EC2 m7i.2xlarge, 8 hardware threads, 32 GiB, output gp3 500 MiB/s",114889,,,,,"All repeat-filtered SCN2A gene-body 20mers; all other-gene intervals k<=3 across full human RNA reference, native ddG; complete gzip JSONL outputs",archive_worker,False,ooff,185,37.291310071000225,0,benchmarks/ddg/iterations/20260908-full-scn2a-paired-direct/result.json
20260908-full-scn2a-paired-direct,8,"EC2 m7i.2xlarge, 8 hardware threads, 32 GiB, output gp3 500 MiB/s",114889,,,,,"All repeat-filtered SCN2A gene-body 20mers; all other-gene intervals k<=3 across full human RNA reference, native ddG; complete gzip JSONL outputs",discovery_worker,False,ooff,184,20.05291828700001,0,benchmarks/ddg/iterations/20260908-full-scn2a-paired-direct/result.json
20260908-full-scn2a-paired-direct,8,"EC2 m7i.2xlarge, 8 hardware threads, 32 GiB, output gp3 500 MiB/s",114889,,,,,"All repeat-filtered SCN2A gene-body 20mers; all other-gene intervals k<=3 across full human RNA reference, native ddG; complete gzip JSONL outputs",ddg_worker,False,ooff,184,116.63556725199987,0,benchmarks/ddg/iterations/20260908-full-scn2a-paired-direct/result.json
20260908-full-scn2a-paired-direct,8,"EC2 m7i.2xlarge, 8 hardware threads, 32 GiB, output gp3 500 MiB/s",114889,,,,,"All repeat-filtered SCN2A gene-body 20mers; all other-gene intervals k<=3 across full human RNA reference, native ddG; complete gzip JSONL outputs",archive_worker,False,ooff,184,50.48331515000018,0,benchmarks/ddg/iterations/20260908-full-scn2a-paired-direct/result.json
20260908-full-scn2a-paired-direct,8,"EC2 m7i.2xlarge, 8 hardware threads, 32 GiB, output gp3 500 MiB/s",114889,,,,,"All repeat-filtered SCN2A gene-body 20mers; all other-gene intervals k<=3 across full human RNA reference, native ddG; complete gzip JSONL outputs",discovery_worker,False,ooff,186,37.097040791999916,0,benchmarks/ddg/iterations/20260908-full-scn2a-paired-direct/result.json
20260908-full-scn2a-paired-direct,8,"EC2 m7i.2xlarge, 8 hardware threads, 32 GiB, output gp3 500 MiB/s",114889,,,,,"All repeat-filtered SCN2A gene-body 20mers; all other-gene intervals k<=3 across full human RNA reference, native ddG; complete gzip JSONL outputs",ddg_worker,False,ooff,186,89.77305630499995,0,benchmarks/ddg/iterations/20260908-full-scn2a-paired-direct/result.json
20260908-full-scn2a-paired-direct,8,"EC2 m7i.2xlarge, 8 hardware threads, 32 GiB, output gp3 500 MiB/s",114889,,,,,"All repeat-filtered SCN2A gene-body 20mers; all other-gene intervals k<=3 across full human RNA reference, native ddG; complete gzip JSONL outputs",archive_worker,False,ooff,186,46.71364605800045,0,benchmarks/ddg/iterations/20260908-full-scn2a-paired-direct/result.json
20260908-full-scn2a-paired-direct,8,"EC2 m7i.2xlarge, 8 hardware threads, 32 GiB, output gp3 500 MiB/s",114889,,,,,"All repeat-filtered SCN2A gene-body 20mers; all other-gene intervals k<=3 across full human RNA reference, native ddG; complete gzip JSONL outputs",discovery_worker,False,ooff,180,31.67243974599978,0,benchmarks/ddg/iterations/20260908-full-scn2a-paired-direct/result.json
20260908-full-scn2a-paired-direct,8,"EC2 m7i.2xlarge, 8 hardware threads, 32 GiB, output gp3 500 MiB/s",114889,,,,,"All repeat-filtered SCN2A gene-body 20mers; all other-gene intervals k<=3 across full human RNA reference, native ddG; complete gzip JSONL outputs",ddg_worker,False,ooff,180,202.93672026600007,0,benchmarks/ddg/iterations/20260908-full-scn2a-paired-direct/result.json
20260908-full-scn2a-paired-direct,8,"EC2 m7i.2xlarge, 8 hardware threads, 32 GiB, output gp3 500 MiB/s",114889,,,,,"All repeat-filtered SCN2A gene-body 20mers; all other-gene intervals k<=3 across full human RNA reference, native ddG; complete gzip JSONL outputs",archive_worker,False,ooff,180,96.04188869300015,0,benchmarks/ddg/iterations/20260908-full-scn2a-paired-direct/result.json
20260908-full-scn2a-paired-direct,8,"EC2 m7i.2xlarge, 8 hardware threads, 32 GiB, output gp3 500 MiB/s",114889,,,,,"All repeat-filtered SCN2A gene-body 20mers; all other-gene intervals k<=3 across full human RNA reference, native ddG; complete gzip JSONL outputs",discovery_worker,False,ooff,187,23.808249396000065,0,benchmarks/ddg/iterations/20260908-full-scn2a-paired-direct/result.json
20260908-full-scn2a-paired-direct,8,"EC2 m7i.2xlarge, 8 hardware threads, 32 GiB, output gp3 500 MiB/s",114889,,,,,"All repeat-filtered SCN2A gene-body 20mers; all other-gene intervals k<=3 across full human RNA reference, native ddG; complete gzip JSONL outputs",ddg_worker,False,ooff,187,107.35067305899975,0,benchmarks/ddg/iterations/20260908-full-scn2a-paired-direct/result.json
20260908-full-scn2a-paired-direct,8,"EC2 m7i.2xlarge, 8 hardware threads, 32 GiB, output gp3 500 MiB/s",114889,,,,,"All repeat-filtered SCN2A gene-body 20mers; all other-gene intervals k<=3 across full human RNA reference, native ddG; complete gzip JSONL outputs",archive_worker,False,ooff,187,46.91396154599988,0,benchmarks/ddg/iterations/20260908-full-scn2a-paired-direct/result.json
20260908-full-scn2a-paired-direct,8,"EC2 m7i.2xlarge, 8 hardware threads, 32 GiB, output gp3 500 MiB/s",114889,,,,,"All repeat-filtered SCN2A gene-body 20mers; all other-gene intervals k<=3 across full human RNA reference, native ddG; complete gzip JSONL outputs",discovery_worker,False,ooff,188,19.8962711019999,0,benchmarks/ddg/iterations/20260908-full-scn2a-paired-direct/result.json
20260908-full-scn2a-paired-direct,8,"EC2 m7i.2xlarge, 8 hardware threads, 32 GiB, output gp3 500 MiB/s",114889,,,,,"All repeat-filtered SCN2A gene-body 20mers; all other-gene intervals k<=3 across full human RNA reference, native ddG; complete gzip JSONL outputs",ddg_worker,False,ooff,188,106.40953977499976,0,benchmarks/ddg/iterations/20260908-full-scn2a-paired-direct/result.json
20260908-full-scn2a-paired-direct,8,"EC2 m7i.2xlarge, 8 hardware threads, 32 GiB, output gp3 500 MiB/s",114889,,,,,"All repeat-filtered SCN2A gene-body 20mers; all other-gene intervals k<=3 across full human RNA reference, native ddG; complete gzip JSONL outputs",archive_worker,False,ooff,188,44.705035726999995,0,benchmarks/ddg/iterations/20260908-full-scn2a-paired-direct/result.json
20260908-full-scn2a-paired-direct,8,"EC2 m7i.2xlarge, 8 hardware threads, 32 GiB, output gp3 500 MiB/s",114889,,,,,"All repeat-filtered SCN2A gene-body 20mers; all other-gene intervals k<=3 across full human RNA reference, native ddG; complete gzip JSONL outputs",discovery_worker,False,ooff,190,23.85277410799972,0,benchmarks/ddg/iterations/20260908-full-scn2a-paired-direct/result.json
20260908-full-scn2a-paired-direct,8,"EC2 m7i.2xlarge, 8 hardware threads, 32 GiB, output gp3 500 MiB/s",114889,,,,,"All repeat-filtered SCN2A gene-body 20mers; all other-gene intervals k<=3 across full human RNA reference, native ddG; complete gzip JSONL outputs",ddg_worker,False,ooff,190,109.22690280999996,0,benchmarks/ddg/iterations/20260908-full-scn2a-paired-direct/result.json
20260908-full-scn2a-paired-direct,8,"EC2 m7i.2xlarge, 8 hardware threads, 32 GiB, output gp3 500 MiB/s",114889,,,,,"All repeat-filtered SCN2A gene-body 20mers; all other-gene intervals k<=3 across full human RNA reference, native ddG; complete gzip JSONL outputs",archive_worker,False,ooff,190,55.52774493000015,0,benchmarks/ddg/iterations/20260908-full-scn2a-paired-direct/result.json
20260908-full-scn2a-paired-direct,8,"EC2 m7i.2xlarge, 8 hardware threads, 32 GiB, output gp3 500 MiB/s",114889,,,,,"All repeat-filtered SCN2A gene-body 20mers; all other-gene intervals k<=3 across full human RNA reference, native ddG; complete gzip JSONL outputs",discovery_worker,False,ooff,189,25.80784499499987,0,benchmarks/ddg/iterations/20260908-full-scn2a-paired-direct/result.json
20260908-full-scn2a-paired-direct,8,"EC2 m7i.2xlarge, 8 hardware threads, 32 GiB, output gp3 500 MiB/s",114889,,,,,"All repeat-filtered SCN2A gene-body 20mers; all other-gene intervals k<=3 across full human RNA reference, native ddG; complete gzip JSONL outputs",ddg_worker,False,ooff,189,127.65488226100024,0,benchmarks/ddg/iterations/20260908-full-scn2a-paired-direct/result.json
20260908-full-scn2a-paired-direct,8,"EC2 m7i.2xlarge, 8 hardware threads, 32 GiB, output gp3 500 MiB/s",114889,,,,,"All repeat-filtered SCN2A gene-body 20mers; all other-gene intervals k<=3 across full human RNA reference, native ddG; complete gzip JSONL outputs",archive_worker,False,ooff,189,64.67705442700026,0,benchmarks/ddg/iterations/20260908-full-scn2a-paired-direct/result.json
20260908-full-scn2a-paired-direct,8,"EC2 m7i.2xlarge, 8 hardware threads, 32 GiB, output gp3 500 MiB/s",114889,,,,,"All repeat-filtered SCN2A gene-body 20mers; all other-gene intervals k<=3 across full human RNA reference, native ddG; complete gzip JSONL outputs",discovery_worker,False,ooff,192,19.44755768899995,0,benchmarks/ddg/iterations/20260908-full-scn2a-paired-direct/result.json
20260908-full-scn2a-paired-direct,8,"EC2 m7i.2xlarge, 8 hardware threads, 32 GiB, output gp3 500 MiB/s",114889,,,,,"All repeat-filtered SCN2A gene-body 20mers; all other-gene intervals k<=3 across full human RNA reference, native ddG; complete gzip JSONL outputs",ddg_worker,False,ooff,192,95.88435284200023,0,benchmarks/ddg/iterations/20260908-full-scn2a-paired-direct/result.json
20260908-full-scn2a-paired-direct,8,"EC2 m7i.2xlarge, 8 hardware threads, 32 GiB, output gp3 500 MiB/s",114889,,,,,"All repeat-filtered SCN2A gene-body 20mers; all other-gene intervals k<=3 across full human RNA reference, native ddG; complete gzip JSONL outputs",archive_worker,False,ooff,192,32.62119772599999,0,benchmarks/ddg/iterations/20260908-full-scn2a-paired-direct/result.json
20260908-full-scn2a-paired-direct,8,"EC2 m7i.2xlarge, 8 hardware threads, 32 GiB, output gp3 500 MiB/s",114889,,,,,"All repeat-filtered SCN2A gene-body 20mers; all other-gene intervals k<=3 across full human RNA reference, native ddG; complete gzip JSONL outputs",discovery_worker,False,ooff,193,19.246258905000104,0,benchmarks/ddg/iterations/20260908-full-scn2a-paired-direct/result.json
20260908-full-scn2a-paired-direct,8,"EC2 m7i.2xlarge, 8 hardware threads, 32 GiB, output gp3 500 MiB/s",114889,,,,,"All repeat-filtered SCN2A gene-body 20mers; all other-gene intervals k<=3 across full human RNA reference, native ddG; complete gzip JSONL outputs",ddg_worker,False,ooff,193,71.48819777299923,0,benchmarks/ddg/iterations/20260908-full-scn2a-paired-direct/result.json
20260908-full-scn2a-paired-direct,8,"EC2 m7i.2xlarge, 8 hardware threads, 32 GiB, output gp3 500 MiB/s",114889,,,,,"All repeat-filtered SCN2A gene-body 20mers; all other-gene intervals k<=3 across full human RNA reference, native ddG; complete gzip JSONL outputs",archive_worker,False,ooff,193,34.494732226999986,0,benchmarks/ddg/iterations/20260908-full-scn2a-paired-direct/result.json
20260908-full-scn2a-paired-direct,8,"EC2 m7i.2xlarge, 8 hardware threads, 32 GiB, output gp3 500 MiB/s",114889,,,,,"All repeat-filtered SCN2A gene-body 20mers; all other-gene intervals k<=3 across full human RNA reference, native ddG; complete gzip JSONL outputs",discovery_worker,False,ooff,191,27.11508684599994,0,benchmarks/ddg/iterations/20260908-full-scn2a-paired-direct/result.json
20260908-full-scn2a-paired-direct,8,"EC2 m7i.2xlarge, 8 hardware threads, 32 GiB, output gp3 500 MiB/s",114889,,,,,"All repeat-filtered SCN2A gene-body 20mers; all other-gene intervals k<=3 across full human RNA reference, native ddG; complete gzip JSONL outputs",ddg_worker,False,ooff,191,119.03282571900036,0,benchmarks/ddg/iterations/20260908-full-scn2a-paired-direct/result.json
20260908-full-scn2a-paired-direct,8,"EC2 m7i.2xlarge, 8 hardware threads, 32 GiB, output gp3 500 MiB/s",114889,,,,,"All repeat-filtered SCN2A gene-body 20mers; all other-gene intervals k<=3 across full human RNA reference, native ddG; complete gzip JSONL outputs",archive_worker,False,ooff,191,45.12944518899985,0,benchmarks/ddg/iterations/20260908-full-scn2a-paired-direct/result.json
20260908-full-scn2a-paired-direct,8,"EC2 m7i.2xlarge, 8 hardware threads, 32 GiB, output gp3 500 MiB/s",114889,,,,,"All repeat-filtered SCN2A gene-body 20mers; all other-gene intervals k<=3 across full human RNA reference, native ddG; complete gzip JSONL outputs",discovery_worker,False,ooff,194,24.159744588999274,0,benchmarks/ddg/iterations/20260908-full-scn2a-paired-direct/result.json
20260908-full-scn2a-paired-direct,8,"EC2 m7i.2xlarge, 8 hardware threads, 32 GiB, output gp3 500 MiB/s",114889,,,,,"All repeat-filtered SCN2A gene-body 20mers; all other-gene intervals k<=3 across full human RNA reference, native ddG; complete gzip JSONL outputs",ddg_worker,False,ooff,194,58.22044317499967,0,benchmarks/ddg/iterations/20260908-full-scn2a-paired-direct/result.json
20260908-full-scn2a-paired-direct,8,"EC2 m7i.2xlarge, 8 hardware threads, 32 GiB, output gp3 500 MiB/s",114889,,,,,"All repeat-filtered SCN2A gene-body 20mers; all other-gene intervals k<=3 across full human RNA reference, native ddG; complete gzip JSONL outputs",archive_worker,False,ooff,194,40.22184071000083,0,benchmarks/ddg/iterations/20260908-full-scn2a-paired-direct/result.json
20260908-full-scn2a-paired-direct,8,"EC2 m7i.2xlarge, 8 hardware threads, 32 GiB, output gp3 500 MiB/s",114889,,,,,"All repeat-filtered SCN2A gene-body 20mers; all other-gene intervals k<=3 across full human RNA reference, native ddG; complete gzip JSONL outputs",discovery_worker,False,ooff,197,16.60063626899955,0,benchmarks/ddg/iterations/20260908-full-scn2a-paired-direct/result.json
20260908-full-scn2a-paired-direct,8,"EC2 m7i.2xlarge, 8 hardware threads, 32 GiB, output gp3 500 MiB/s",114889,,,,,"All repeat-filtered SCN2A gene-body 20mers; all other-gene intervals k<=3 across full human RNA reference, native ddG; complete gzip JSONL outputs",ddg_worker,False,ooff,197,75.88244760100042,0,benchmarks/ddg/iterations/20260908-full-scn2a-paired-direct/result.json
20260908-full-scn2a-paired-direct,8,"EC2 m7i.2xlarge, 8 hardware threads, 32 GiB, output gp3 500 MiB/s",114889,,,,,"All repeat-filtered SCN2A gene-body 20mers; all other-gene intervals k<=3 across full human RNA reference, native ddG; complete gzip JSONL outputs",archive_worker,False,ooff,197,25.980122284000572,0,benchmarks/ddg/iterations/20260908-full-scn2a-paired-direct/result.json
20260908-full-scn2a-paired-direct,8,"EC2 m7i.2xlarge, 8 hardware threads, 32 GiB, output gp3 500 MiB/s",114889,,,,,"All repeat-filtered SCN2A gene-body 20mers; all other-gene intervals k<=3 across full human RNA reference, native ddG; complete gzip JSONL outputs",discovery_worker,False,ooff,196,21.905055016000006,0,benchmarks/ddg/iterations/20260908-full-scn2a-paired-direct/result.json
20260908-full-scn2a-paired-direct,8,"EC2 m7i.2xlarge, 8 hardware threads, 32 GiB, output gp3 500 MiB/s",114889,,,,,"All repeat-filtered SCN2A gene-body 20mers; all other-gene intervals k<=3 across full human RNA reference, native ddG; complete gzip JSONL outputs",ddg_worker,False,ooff,196,93.46678649000023,0,benchmarks/ddg/iterations/20260908-full-scn2a-paired-direct/result.json
20260908-full-scn2a-paired-direct,8,"EC2 m7i.2xlarge, 8 hardware threads, 32 GiB, output gp3 500 MiB/s",114889,,,,,"All repeat-filtered SCN2A gene-body 20mers; all other-gene intervals k<=3 across full human RNA reference, native ddG; complete gzip JSONL outputs",archive_worker,False,ooff,196,39.51554266800031,0,benchmarks/ddg/iterations/20260908-full-scn2a-paired-direct/result.json
20260908-full-scn2a-paired-direct,8,"EC2 m7i.2xlarge, 8 hardware threads, 32 GiB, output gp3 500 MiB/s",114889,,,,,"All repeat-filtered SCN2A gene-body 20mers; all other-gene intervals k<=3 across full human RNA reference, native ddG; complete gzip JSONL outputs",discovery_worker,False,ooff,195,29.419853198000055,0,benchmarks/ddg/iterations/20260908-full-scn2a-paired-direct/result.json
20260908-full-scn2a-paired-direct,8,"EC2 m7i.2xlarge, 8 hardware threads, 32 GiB, output gp3 500 MiB/s",114889,,,,,"All repeat-filtered SCN2A gene-body 20mers; all other-gene intervals k<=3 across full human RNA reference, native ddG; complete gzip JSONL outputs",ddg_worker,False,ooff,195,138.75809991900041,0,benchmarks/ddg/iterations/20260908-full-scn2a-paired-direct/result.json
20260908-full-scn2a-paired-direct,8,"EC2 m7i.2xlarge, 8 hardware threads, 32 GiB, output gp3 500 MiB/s",114889,,,,,"All repeat-filtered SCN2A gene-body 20mers; all other-gene intervals k<=3 across full human RNA reference, native ddG; complete gzip JSONL outputs",archive_worker,False,ooff,195,72.26543908700023,0,benchmarks/ddg/iterations/20260908-full-scn2a-paired-direct/result.json
20260908-full-scn2a-paired-direct,8,"EC2 m7i.2xlarge, 8 hardware threads, 32 GiB, output gp3 500 MiB/s",114889,,,,,"All repeat-filtered SCN2A gene-body 20mers; all other-gene intervals k<=3 across full human RNA reference, native ddG; complete gzip JSONL outputs",discovery_worker,False,ooff,199,28.437757335000242,0,benchmarks/ddg/iterations/20260908-full-scn2a-paired-direct/result.json
20260908-full-scn2a-paired-direct,8,"EC2 m7i.2xlarge, 8 hardware threads, 32 GiB, output gp3 500 MiB/s",114889,,,,,"All repeat-filtered SCN2A gene-body 20mers; all other-gene intervals k<=3 across full human RNA reference, native ddG; complete gzip JSONL outputs",ddg_worker,False,ooff,199,105.91895506600031,0,benchmarks/ddg/iterations/20260908-full-scn2a-paired-direct/result.json
20260908-full-scn2a-paired-direct,8,"EC2 m7i.2xlarge, 8 hardware threads, 32 GiB, output gp3 500 MiB/s",114889,,,,,"All repeat-filtered SCN2A gene-body 20mers; all other-gene intervals k<=3 across full human RNA reference, native ddG; complete gzip JSONL outputs",archive_worker,False,ooff,199,50.2134898029999,0,benchmarks/ddg/iterations/20260908-full-scn2a-paired-direct/result.json
20260908-full-scn2a-paired-direct,8,"EC2 m7i.2xlarge, 8 hardware threads, 32 GiB, output gp3 500 MiB/s",114889,,,,,"All repeat-filtered SCN2A gene-body 20mers; all other-gene intervals k<=3 across full human RNA reference, native ddG; complete gzip JSONL outputs",discovery_worker,False,ooff,201,25.636928560999877,0,benchmarks/ddg/iterations/20260908-full-scn2a-paired-direct/result.json
20260908-full-scn2a-paired-direct,8,"EC2 m7i.2xlarge, 8 hardware threads, 32 GiB, output gp3 500 MiB/s",114889,,,,,"All repeat-filtered SCN2A gene-body 20mers; all other-gene intervals k<=3 across full human RNA reference, native ddG; complete gzip JSONL outputs",ddg_worker,False,ooff,201,112.48069259000022,0,benchmarks/ddg/iterations/20260908-full-scn2a-paired-direct/result.json
20260908-full-scn2a-paired-direct,8,"EC2 m7i.2xlarge, 8 hardware threads, 32 GiB, output gp3 500 MiB/s",114889,,,,,"All repeat-filtered SCN2A gene-body 20mers; all other-gene intervals k<=3 across full human RNA reference, native ddG; complete gzip JSONL outputs",archive_worker,False,ooff,201,56.647682341999825,0,benchmarks/ddg/iterations/20260908-full-scn2a-paired-direct/result.json
20260908-full-scn2a-paired-direct,8,"EC2 m7i.2xlarge, 8 hardware threads, 32 GiB, output gp3 500 MiB/s",114889,,,,,"All repeat-filtered SCN2A gene-body 20mers; all other-gene intervals k<=3 across full human RNA reference, native ddG; complete gzip JSONL outputs",discovery_worker,False,ooff,204,20.00011610799993,0,benchmarks/ddg/iterations/20260908-full-scn2a-paired-direct/result.json
20260908-full-scn2a-paired-direct,8,"EC2 m7i.2xlarge, 8 hardware threads, 32 GiB, output gp3 500 MiB/s",114889,,,,,"All repeat-filtered SCN2A gene-body 20mers; all other-gene intervals k<=3 across full human RNA reference, native ddG; complete gzip JSONL outputs",ddg_worker,False,ooff,204,102.52093689100002,0,benchmarks/ddg/iterations/20260908-full-scn2a-paired-direct/result.json
20260908-full-scn2a-paired-direct,8,"EC2 m7i.2xlarge, 8 hardware threads, 32 GiB, output gp3 500 MiB/s",114889,,,,,"All repeat-filtered SCN2A gene-body 20mers; all other-gene intervals k<=3 across full human RNA reference, native ddG; complete gzip JSONL outputs",archive_worker,False,ooff,204,35.850819385999785,0,benchmarks/ddg/iterations/20260908-full-scn2a-paired-direct/result.json
20260908-full-scn2a-paired-direct,8,"EC2 m7i.2xlarge, 8 hardware threads, 32 GiB, output gp3 500 MiB/s",114889,,,,,"All repeat-filtered SCN2A gene-body 20mers; all other-gene intervals k<=3 across full human RNA reference, native ddG; complete gzip JSONL outputs",discovery_worker,False,ooff,198,28.49065658499967,0,benchmarks/ddg/iterations/20260908-full-scn2a-paired-direct/result.json
20260908-full-scn2a-paired-direct,8,"EC2 m7i.2xlarge, 8 hardware threads, 32 GiB, output gp3 500 MiB/s",114889,,,,,"All repeat-filtered SCN2A gene-body 20mers; all other-gene intervals k<=3 across full human RNA reference, native ddG; complete gzip JSONL outputs",ddg_worker,False,ooff,198,152.9837534669996,0,benchmarks/ddg/iterations/20260908-full-scn2a-paired-direct/result.json
20260908-full-scn2a-paired-direct,8,"EC2 m7i.2xlarge, 8 hardware threads, 32 GiB, output gp3 500 MiB/s",114889,,,,,"All repeat-filtered SCN2A gene-body 20mers; all other-gene intervals k<=3 across full human RNA reference, native ddG; complete gzip JSONL outputs",archive_worker,False,ooff,198,87.53422516499995,0,benchmarks/ddg/iterations/20260908-full-scn2a-paired-direct/result.json
20260908-full-scn2a-paired-direct,8,"EC2 m7i.2xlarge, 8 hardware threads, 32 GiB, output gp3 500 MiB/s",114889,,,,,"All repeat-filtered SCN2A gene-body 20mers; all other-gene intervals k<=3 across full human RNA reference, native ddG; complete gzip JSONL outputs",discovery_worker,False,ooff,203,27.068276613999842,0,benchmarks/ddg/iterations/20260908-full-scn2a-paired-direct/result.json
20260908-full-scn2a-paired-direct,8,"EC2 m7i.2xlarge, 8 hardware threads, 32 GiB, output gp3 500 MiB/s",114889,,,,,"All repeat-filtered SCN2A gene-body 20mers; all other-gene intervals k<=3 across full human RNA reference, native ddG; complete gzip JSONL outputs",ddg_worker,False,ooff,203,147.54057474399997,0,benchmarks/ddg/iterations/20260908-full-scn2a-paired-direct/result.json
20260908-full-scn2a-paired-direct,8,"EC2 m7i.2xlarge, 8 hardware threads, 32 GiB, output gp3 500 MiB/s",114889,,,,,"All repeat-filtered SCN2A gene-body 20mers; all other-gene intervals k<=3 across full human RNA reference, native ddG; complete gzip JSONL outputs",archive_worker,False,ooff,203,57.60067983299996,0,benchmarks/ddg/iterations/20260908-full-scn2a-paired-direct/result.json
20260908-full-scn2a-paired-direct,8,"EC2 m7i.2xlarge, 8 hardware threads, 32 GiB, output gp3 500 MiB/s",114889,,,,,"All repeat-filtered SCN2A gene-body 20mers; all other-gene intervals k<=3 across full human RNA reference, native ddG; complete gzip JSONL outputs",discovery_worker,False,ooff,207,21.356107822000013,0,benchmarks/ddg/iterations/20260908-full-scn2a-paired-direct/result.json
20260908-full-scn2a-paired-direct,8,"EC2 m7i.2xlarge, 8 hardware threads, 32 GiB, output gp3 500 MiB/s",114889,,,,,"All repeat-filtered SCN2A gene-body 20mers; all other-gene intervals k<=3 across full human RNA reference, native ddG; complete gzip JSONL outputs",ddg_worker,False,ooff,207,73.65168677599922,0,benchmarks/ddg/iterations/20260908-full-scn2a-paired-direct/result.json
20260908-full-scn2a-paired-direct,8,"EC2 m7i.2xlarge, 8 hardware threads, 32 GiB, output gp3 500 MiB/s",114889,,,,,"All repeat-filtered SCN2A gene-body 20mers; all other-gene intervals k<=3 across full human RNA reference, native ddG; complete gzip JSONL outputs",archive_worker,False,ooff,207,32.43267200400078,0,benchmarks/ddg/iterations/20260908-full-scn2a-paired-direct/result.json
20260908-full-scn2a-paired-direct,8,"EC2 m7i.2xlarge, 8 hardware threads, 32 GiB, output gp3 500 MiB/s",114889,,,,,"All repeat-filtered SCN2A gene-body 20mers; all other-gene intervals k<=3 across full human RNA reference, native ddG; complete gzip JSONL outputs",discovery_worker,False,ooff,205,36.08938067000054,0,benchmarks/ddg/iterations/20260908-full-scn2a-paired-direct/result.json
20260908-full-scn2a-paired-direct,8,"EC2 m7i.2xlarge, 8 hardware threads, 32 GiB, output gp3 500 MiB/s",114889,,,,,"All repeat-filtered SCN2A gene-body 20mers; all other-gene intervals k<=3 across full human RNA reference, native ddG; complete gzip JSONL outputs",ddg_worker,False,ooff,205,93.34986344000026,0,benchmarks/ddg/iterations/20260908-full-scn2a-paired-direct/result.json
20260908-full-scn2a-paired-direct,8,"EC2 m7i.2xlarge, 8 hardware threads, 32 GiB, output gp3 500 MiB/s",114889,,,,,"All repeat-filtered SCN2A gene-body 20mers; all other-gene intervals k<=3 across full human RNA reference, native ddG; complete gzip JSONL outputs",archive_worker,False,ooff,205,43.43661077300021,0,benchmarks/ddg/iterations/20260908-full-scn2a-paired-direct/result.json
20260908-full-scn2a-paired-direct,8,"EC2 m7i.2xlarge, 8 hardware threads, 32 GiB, output gp3 500 MiB/s",114889,,,,,"All repeat-filtered SCN2A gene-body 20mers; all other-gene intervals k<=3 across full human RNA reference, native ddG; complete gzip JSONL outputs",discovery_worker,False,ooff,202,28.06971749099921,0,benchmarks/ddg/iterations/20260908-full-scn2a-paired-direct/result.json
20260908-full-scn2a-paired-direct,8,"EC2 m7i.2xlarge, 8 hardware threads, 32 GiB, output gp3 500 MiB/s",114889,,,,,"All repeat-filtered SCN2A gene-body 20mers; all other-gene intervals k<=3 across full human RNA reference, native ddG; complete gzip JSONL outputs",ddg_worker,False,ooff,202,208.2049941259993,0,benchmarks/ddg/iterations/20260908-full-scn2a-paired-direct/result.json
20260908-full-scn2a-paired-direct,8,"EC2 m7i.2xlarge, 8 hardware threads, 32 GiB, output gp3 500 MiB/s",114889,,,,,"All repeat-filtered SCN2A gene-body 20mers; all other-gene intervals k<=3 across full human RNA reference, native ddG; complete gzip JSONL outputs",archive_worker,False,ooff,202,88.19451708700035,0,benchmarks/ddg/iterations/20260908-full-scn2a-paired-direct/result.json
20260908-full-scn2a-paired-direct,8,"EC2 m7i.2xlarge, 8 hardware threads, 32 GiB, output gp3 500 MiB/s",114889,,,,,"All repeat-filtered SCN2A gene-body 20mers; all other-gene intervals k<=3 across full human RNA reference, native ddG; complete gzip JSONL outputs",discovery_worker,False,ooff,208,17.541861515000164,0,benchmarks/ddg/iterations/20260908-full-scn2a-paired-direct/result.json
20260908-full-scn2a-paired-direct,8,"EC2 m7i.2xlarge, 8 hardware threads, 32 GiB, output gp3 500 MiB/s",114889,,,,,"All repeat-filtered SCN2A gene-body 20mers; all other-gene intervals k<=3 across full human RNA reference, native ddG; complete gzip JSONL outputs",ddg_worker,False,ooff,208,82.52944250600012,0,benchmarks/ddg/iterations/20260908-full-scn2a-paired-direct/result.json
20260908-full-scn2a-paired-direct,8,"EC2 m7i.2xlarge, 8 hardware threads, 32 GiB, output gp3 500 MiB/s",114889,,,,,"All repeat-filtered SCN2A gene-body 20mers; all other-gene intervals k<=3 across full human RNA reference, native ddG; complete gzip JSONL outputs",archive_worker,False,ooff,208,32.661408072000086,0,benchmarks/ddg/iterations/20260908-full-scn2a-paired-direct/result.json
20260908-full-scn2a-paired-direct,8,"EC2 m7i.2xlarge, 8 hardware threads, 32 GiB, output gp3 500 MiB/s",114889,,,,,"All repeat-filtered SCN2A gene-body 20mers; all other-gene intervals k<=3 across full human RNA reference, native ddG; complete gzip JSONL outputs",discovery_worker,False,ooff,209,22.05449604200021,0,benchmarks/ddg/iterations/20260908-full-scn2a-paired-direct/result.json
20260908-full-scn2a-paired-direct,8,"EC2 m7i.2xlarge, 8 hardware threads, 32 GiB, output gp3 500 MiB/s",114889,,,,,"All repeat-filtered SCN2A gene-body 20mers; all other-gene intervals k<=3 across full human RNA reference, native ddG; complete gzip JSONL outputs",ddg_worker,False,ooff,209,118.20363330200053,0,benchmarks/ddg/iterations/20260908-full-scn2a-paired-direct/result.json
20260908-full-scn2a-paired-direct,8,"EC2 m7i.2xlarge, 8 hardware threads, 32 GiB, output gp3 500 MiB/s",114889,,,,,"All repeat-filtered SCN2A gene-body 20mers; all other-gene intervals k<=3 across full human RNA reference, native ddG; complete gzip JSONL outputs",archive_worker,False,ooff,209,54.59532175899949,0,benchmarks/ddg/iterations/20260908-full-scn2a-paired-direct/result.json
20260908-full-scn2a-paired-direct,8,"EC2 m7i.2xlarge, 8 hardware threads, 32 GiB, output gp3 500 MiB/s",114889,,,,,"All repeat-filtered SCN2A gene-body 20mers; all other-gene intervals k<=3 across full human RNA reference, native ddG; complete gzip JSONL outputs",discovery_worker,False,ooff,212,20.458729252999547,0,benchmarks/ddg/iterations/20260908-full-scn2a-paired-direct/result.json
20260908-full-scn2a-paired-direct,8,"EC2 m7i.2xlarge, 8 hardware threads, 32 GiB, output gp3 500 MiB/s",114889,,,,,"All repeat-filtered SCN2A gene-body 20mers; all other-gene intervals k<=3 across full human RNA reference, native ddG; complete gzip JSONL outputs",ddg_worker,False,ooff,212,85.17577909699958,0,benchmarks/ddg/iterations/20260908-full-scn2a-paired-direct/result.json
20260908-full-scn2a-paired-direct,8,"EC2 m7i.2xlarge, 8 hardware threads, 32 GiB, output gp3 500 MiB/s",114889,,,,,"All repeat-filtered SCN2A gene-body 20mers; all other-gene intervals k<=3 across full human RNA reference, native ddG; complete gzip JSONL outputs",archive_worker,False,ooff,212,32.08956776699961,0,benchmarks/ddg/iterations/20260908-full-scn2a-paired-direct/result.json
20260908-full-scn2a-paired-direct,8,"EC2 m7i.2xlarge, 8 hardware threads, 32 GiB, output gp3 500 MiB/s",114889,,,,,"All repeat-filtered SCN2A gene-body 20mers; all other-gene intervals k<=3 across full human RNA reference, native ddG; complete gzip JSONL outputs",discovery_worker,False,ooff,210,31.43298640499961,0,benchmarks/ddg/iterations/20260908-full-scn2a-paired-direct/result.json
20260908-full-scn2a-paired-direct,8,"EC2 m7i.2xlarge, 8 hardware threads, 32 GiB, output gp3 500 MiB/s",114889,,,,,"All repeat-filtered SCN2A gene-body 20mers; all other-gene intervals k<=3 across full human RNA reference, native ddG; complete gzip JSONL outputs",ddg_worker,False,ooff,210,106.61332795300041,0,benchmarks/ddg/iterations/20260908-full-scn2a-paired-direct/result.json
20260908-full-scn2a-paired-direct,8,"EC2 m7i.2xlarge, 8 hardware threads, 32 GiB, output gp3 500 MiB/s",114889,,,,,"All repeat-filtered SCN2A gene-body 20mers; all other-gene intervals k<=3 across full human RNA reference, native ddG; complete gzip JSONL outputs",archive_worker,False,ooff,210,43.54851803299971,0,benchmarks/ddg/iterations/20260908-full-scn2a-paired-direct/result.json
20260908-full-scn2a-paired-direct,8,"EC2 m7i.2xlarge, 8 hardware threads, 32 GiB, output gp3 500 MiB/s",114889,,,,,"All repeat-filtered SCN2A gene-body 20mers; all other-gene intervals k<=3 across full human RNA reference, native ddG; complete gzip JSONL outputs",discovery_worker,False,ooff,211,22.111640596000143,0,benchmarks/ddg/iterations/20260908-full-scn2a-paired-direct/result.json
20260908-full-scn2a-paired-direct,8,"EC2 m7i.2xlarge, 8 hardware threads, 32 GiB, output gp3 500 MiB/s",114889,,,,,"All repeat-filtered SCN2A gene-body 20mers; all other-gene intervals k<=3 across full human RNA reference, native ddG; complete gzip JSONL outputs",ddg_worker,False,ooff,211,101.15968691200032,0,benchmarks/ddg/iterations/20260908-full-scn2a-paired-direct/result.json
20260908-full-scn2a-paired-direct,8,"EC2 m7i.2xlarge, 8 hardware threads, 32 GiB, output gp3 500 MiB/s",114889,,,,,"All repeat-filtered SCN2A gene-body 20mers; all other-gene intervals k<=3 across full human RNA reference, native ddG; complete gzip JSONL outputs",archive_worker,False,ooff,211,37.559997584000484,0,benchmarks/ddg/iterations/20260908-full-scn2a-paired-direct/result.json
20260908-full-scn2a-paired-direct,8,"EC2 m7i.2xlarge, 8 hardware threads, 32 GiB, output gp3 500 MiB/s",114889,,,,,"All repeat-filtered SCN2A gene-body 20mers; all other-gene intervals k<=3 across full human RNA reference, native ddG; complete gzip JSONL outputs",discovery_worker,False,ooff,200,47.28951357799997,0,benchmarks/ddg/iterations/20260908-full-scn2a-paired-direct/result.json
20260908-full-scn2a-paired-direct,8,"EC2 m7i.2xlarge, 8 hardware threads, 32 GiB, output gp3 500 MiB/s",114889,,,,,"All repeat-filtered SCN2A gene-body 20mers; all other-gene intervals k<=3 across full human RNA reference, native ddG; complete gzip JSONL outputs",ddg_worker,False,ooff,200,309.4064114470002,0,benchmarks/ddg/iterations/20260908-full-scn2a-paired-direct/result.json
20260908-full-scn2a-paired-direct,8,"EC2 m7i.2xlarge, 8 hardware threads, 32 GiB, output gp3 500 MiB/s",114889,,,,,"All repeat-filtered SCN2A gene-body 20mers; all other-gene intervals k<=3 across full human RNA reference, native ddG; complete gzip JSONL outputs",archive_worker,False,ooff,200,150.7827883739992,0,benchmarks/ddg/iterations/20260908-full-scn2a-paired-direct/result.json
20260908-full-scn2a-paired-direct,8,"EC2 m7i.2xlarge, 8 hardware threads, 32 GiB, output gp3 500 MiB/s",114889,,,,,"All repeat-filtered SCN2A gene-body 20mers; all other-gene intervals k<=3 across full human RNA reference, native ddG; complete gzip JSONL outputs",discovery_worker,False,ooff,213,19.151461295000445,0,benchmarks/ddg/iterations/20260908-full-scn2a-paired-direct/result.json
20260908-full-scn2a-paired-direct,8,"EC2 m7i.2xlarge, 8 hardware threads, 32 GiB, output gp3 500 MiB/s",114889,,,,,"All repeat-filtered SCN2A gene-body 20mers; all other-gene intervals k<=3 across full human RNA reference, native ddG; complete gzip JSONL outputs",ddg_worker,False,ooff,213,106.82756469800006,0,benchmarks/ddg/iterations/20260908-full-scn2a-paired-direct/result.json
20260908-full-scn2a-paired-direct,8,"EC2 m7i.2xlarge, 8 hardware threads, 32 GiB, output gp3 500 MiB/s",114889,,,,,"All repeat-filtered SCN2A gene-body 20mers; all other-gene intervals k<=3 across full human RNA reference, native ddG; complete gzip JSONL outputs",archive_worker,False,ooff,213,31.997866605000127,0,benchmarks/ddg/iterations/20260908-full-scn2a-paired-direct/result.json
20260908-full-scn2a-paired-direct,8,"EC2 m7i.2xlarge, 8 hardware threads, 32 GiB, output gp3 500 MiB/s",114889,,,,,"All repeat-filtered SCN2A gene-body 20mers; all other-gene intervals k<=3 across full human RNA reference, native ddG; complete gzip JSONL outputs",discovery_worker,False,ooff,206,52.675815802000216,0,benchmarks/ddg/iterations/20260908-full-scn2a-paired-direct/result.json
20260908-full-scn2a-paired-direct,8,"EC2 m7i.2xlarge, 8 hardware threads, 32 GiB, output gp3 500 MiB/s",114889,,,,,"All repeat-filtered SCN2A gene-body 20mers; all other-gene intervals k<=3 across full human RNA reference, native ddG; complete gzip JSONL outputs",ddg_worker,False,ooff,206,209.96921967800063,0,benchmarks/ddg/iterations/20260908-full-scn2a-paired-direct/result.json
20260908-full-scn2a-paired-direct,8,"EC2 m7i.2xlarge, 8 hardware threads, 32 GiB, output gp3 500 MiB/s",114889,,,,,"All repeat-filtered SCN2A gene-body 20mers; all other-gene intervals k<=3 across full human RNA reference, native ddG; complete gzip JSONL outputs",archive_worker,False,ooff,206,98.15021569300006,0,benchmarks/ddg/iterations/20260908-full-scn2a-paired-direct/result.json
20260908-full-scn2a-paired-direct,8,"EC2 m7i.2xlarge, 8 hardware threads, 32 GiB, output gp3 500 MiB/s",114889,,,,,"All repeat-filtered SCN2A gene-body 20mers; all other-gene intervals k<=3 across full human RNA reference, native ddG; complete gzip JSONL outputs",discovery_worker,False,ooff,214,22.85500858799969,0,benchmarks/ddg/iterations/20260908-full-scn2a-paired-direct/result.json
20260908-full-scn2a-paired-direct,8,"EC2 m7i.2xlarge, 8 hardware threads, 32 GiB, output gp3 500 MiB/s",114889,,,,,"All repeat-filtered SCN2A gene-body 20mers; all other-gene intervals k<=3 across full human RNA reference, native ddG; complete gzip JSONL outputs",ddg_worker,False,ooff,214,119.42834370899982,0,benchmarks/ddg/iterations/20260908-full-scn2a-paired-direct/result.json
20260908-full-scn2a-paired-direct,8,"EC2 m7i.2xlarge, 8 hardware threads, 32 GiB, output gp3 500 MiB/s",114889,,,,,"All repeat-filtered SCN2A gene-body 20mers; all other-gene intervals k<=3 across full human RNA reference, native ddG; complete gzip JSONL outputs",archive_worker,False,ooff,214,42.01806102499995,0,benchmarks/ddg/iterations/20260908-full-scn2a-paired-direct/result.json
20260908-full-scn2a-unmasked-report-ddg,8,Raspberry Pi 5,114889,,,,,20260908-full-scn2a-unmasked-report-ddg,whole_process,False,discovery-worker-0,0,270.44407117800006,-15,benchmarks/ddg/iterations/20260908-full-scn2a-unmasked-report-ddg/result.json
20260908T000443.743071-final-indels-16-workers1,1,Raspberry Pi 5,benchmarks/ddg/iterations/20260908T000443.743071-final-indels-16-workers1/queries.jsonl,,,,,final-indels-16-workers1,whole_process,True,oligoai,0,0.07086666399845853,0,benchmarks/ddg/iterations/20260908T000443.743071-final-indels-16-workers1/result.json
20260908T000443.743071-final-indels-16-workers1,1,Raspberry Pi 5,benchmarks/ddg/iterations/20260908T000443.743071-final-indels-16-workers1/queries.jsonl,,,,,final-indels-16-workers1,whole_process,True,ooff,0,0.01678609399823472,0,benchmarks/ddg/iterations/20260908T000443.743071-final-indels-16-workers1/result.json
20260908T000443.931377-final-indels-16-workers4,4,Raspberry Pi 5,benchmarks/ddg/iterations/20260908T000443.931377-final-indels-16-workers4/queries.jsonl,,,,,final-indels-16-workers4,whole_process,True,oligoai,0,0.0487768680031877,0,benchmarks/ddg/iterations/20260908T000443.931377-final-indels-16-workers4/result.json
20260908T000443.931377-final-indels-16-workers4,4,Raspberry Pi 5,benchmarks/ddg/iterations/20260908T000443.931377-final-indels-16-workers4/queries.jsonl,,,,,final-indels-16-workers4,whole_process,True,ooff,0,0.014284658973338082,0,benchmarks/ddg/iterations/20260908T000443.931377-final-indels-16-workers4/result.json
20260908T000444.081733-final-indels-18-workers1,1,Raspberry Pi 5,benchmarks/ddg/iterations/20260908T000444.081733-final-indels-18-workers1/queries.jsonl,,,,,final-indels-18-workers1,whole_process,True,oligoai,0,0.0538501080009155,0,benchmarks/ddg/iterations/20260908T000444.081733-final-indels-18-workers1/result.json
20260908T000444.081733-final-indels-18-workers1,1,Raspberry Pi 5,benchmarks/ddg/iterations/20260908T000444.081733-final-indels-18-workers1/queries.jsonl,,,,,final-indels-18-workers1,whole_process,True,ooff,0,0.023091707000276074,0,benchmarks/ddg/iterations/20260908T000444.081733-final-indels-18-workers1/result.json
20260908T000444.245957-final-indels-18-workers4,4,Raspberry Pi 5,benchmarks/ddg/iterations/20260908T000444.245957-final-indels-18-workers4/queries.jsonl,,,,,final-indels-18-workers4,whole_process,True,oligoai,0,0.0532027349981945,0,benchmarks/ddg/iterations/20260908T000444.245957-final-indels-18-workers4/result.json
20260908T000444.245957-final-indels-18-workers4,4,Raspberry Pi 5,benchmarks/ddg/iterations/20260908T000444.245957-final-indels-18-workers4/queries.jsonl,,,,,final-indels-18-workers4,whole_process,True,ooff,0,0.01519662598730065,0,benchmarks/ddg/iterations/20260908T000444.245957-final-indels-18-workers4/result.json
20260908T000444.399723-final-indels-20-workers1,1,Raspberry Pi 5,benchmarks/ddg/iterations/20260908T000444.399723-final-indels-20-workers1/queries.jsonl,,,,,final-indels-20-workers1,whole_process,True,oligoai,0,0.06173665198730305,0,benchmarks/ddg/iterations/20260908T000444.399723-final-indels-20-workers1/result.json
20260908T000444.399723-final-indels-20-workers1,1,Raspberry Pi 5,benchmarks/ddg/iterations/20260908T000444.399723-final-indels-20-workers1/queries.jsonl,,,,,final-indels-20-workers1,whole_process,True,ooff,0,0.028530021983897313,0,benchmarks/ddg/iterations/20260908T000444.399723-final-indels-20-workers1/result.json
20260908T000444.576111-final-indels-20-workers4,4,Raspberry Pi 5,benchmarks/ddg/iterations/20260908T000444.576111-final-indels-20-workers4/queries.jsonl,,,,,final-indels-20-workers4,whole_process,True,oligoai,0,0.058839050005190074,0,benchmarks/ddg/iterations/20260908T000444.576111-final-indels-20-workers4/result.json
20260908T000444.576111-final-indels-20-workers4,4,Raspberry Pi 5,benchmarks/ddg/iterations/20260908T000444.576111-final-indels-20-workers4/queries.jsonl,,,,,final-indels-20-workers4,whole_process,True,ooff,0,0.021310182986781,0,benchmarks/ddg/iterations/20260908T000444.576111-final-indels-20-workers4/result.json
20260908T090630.514885-site-annotation-oracle,4,Raspberry Pi 5,,,10,,,site-annotation-oracle,whole_process,True,discovery,0,0.00155854198965244,0,benchmarks/ddg/iterations/20260908T090630.514885-site-annotation-oracle/result.json
20260908T090630.514885-site-annotation-oracle,4,Raspberry Pi 5,,,10,,,site-annotation-oracle,whole_process,True,viennarna,0,0.00579542201012373,0,benchmarks/ddg/iterations/20260908T090630.514885-site-annotation-oracle/result.json
20260908T090630.514885-site-annotation-oracle,4,Raspberry Pi 5,,,10,,,site-annotation-oracle,whole_process,True,ooff,0,0.01716926699737087,0,benchmarks/ddg/iterations/20260908T090630.514885-site-annotation-oracle/result.json
20260908T090630.654781-renamed-whole-transcript-regression,4,Raspberry Pi 5,benchmarks/ddg/iterations/20260908T090630.654781-renamed-whole-transcript-regression/queries.jsonl,,,,,renamed-whole-transcript-regression,whole_process,True,oligoai,0,0.07080931297969073,0,benchmarks/ddg/iterations/20260908T090630.654781-renamed-whole-transcript-regression/result.json
20260908T090630.654781-renamed-whole-transcript-regression,4,Raspberry Pi 5,benchmarks/ddg/iterations/20260908T090630.654781-renamed-whole-transcript-regression/queries.jsonl,,,,,renamed-whole-transcript-regression,whole_process,True,ooff,0,0.015809336997335777,0,benchmarks/ddg/iterations/20260908T090630.654781-renamed-whole-transcript-regression/result.json
20260908T090908.866818-site-annotation-oracle,4,Raspberry Pi 5,,,20,,,site-annotation-oracle,whole_process,True,discovery,0,0.001532319001853466,0,benchmarks/ddg/iterations/20260908T090908.866818-site-annotation-oracle/result.json
20260908T090908.866818-site-annotation-oracle,4,Raspberry Pi 5,,,20,,,site-annotation-oracle,whole_process,True,viennarna,0,0.010070360003737733,0,benchmarks/ddg/iterations/20260908T090908.866818-site-annotation-oracle/result.json
20260908T090908.866818-site-annotation-oracle,4,Raspberry Pi 5,,,20,,,site-annotation-oracle,whole_process,True,ooff,0,0.028074314002878964,0,benchmarks/ddg/iterations/20260908T090908.866818-site-annotation-oracle/result.json
20260908T090908.986264-final-whole-transcript-after-site-integration,4,Raspberry Pi 5,benchmarks/ddg/iterations/20260908T090908.986264-final-whole-transcript-after-site-integration/queries.jsonl,,,,,final-whole-transcript-after-site-integration,whole_process,True,oligoai,0,0.05521357001271099,0,benchmarks/ddg/iterations/20260908T090908.986264-final-whole-transcript-after-site-integration/result.json
20260908T090908.986264-final-whole-transcript-after-site-integration,4,Raspberry Pi 5,benchmarks/ddg/iterations/20260908T090908.986264-final-whole-transcript-after-site-integration/queries.jsonl,,,,,final-whole-transcript-after-site-integration,whole_process,True,ooff,0,0.01717691498924978,0,benchmarks/ddg/iterations/20260908T090908.986264-final-whole-transcript-after-site-integration/result.json
20260908T091058.575096-site-annotation-oracle,4,Raspberry Pi 5,,,20,,,site-annotation-oracle,whole_process,True,discovery,0,0.001330984989181161,0,benchmarks/ddg/iterations/20260908T091058.575096-site-annotation-oracle/result.json
20260908T091058.575096-site-annotation-oracle,4,Raspberry Pi 5,,,20,,,site-annotation-oracle,whole_process,True,viennarna,0,0.008308151009259745,0,benchmarks/ddg/iterations/20260908T091058.575096-site-annotation-oracle/result.json
20260908T091058.575096-site-annotation-oracle,4,Raspberry Pi 5,,,20,,,site-annotation-oracle,whole_process,True,ooff,0,0.02408047000062652,0,benchmarks/ddg/iterations/20260908T091058.575096-site-annotation-oracle/result.json
20260908T091058.575096-site-annotation-oracle,4,Raspberry Pi 5,,,20,,,site-annotation-oracle,whole_process,True,oligoai-record-0,0,0.03627709599095397,0,benchmarks/ddg/iterations/20260908T091058.575096-site-annotation-oracle/result.json
20260908T091058.575096-site-annotation-oracle,4,Raspberry Pi 5,,,20,,,site-annotation-oracle,whole_process,True,oligoai-record-1,0,0.03385582999908365,0,benchmarks/ddg/iterations/20260908T091058.575096-site-annotation-oracle/result.json
20260908T091058.575096-site-annotation-oracle,4,Raspberry Pi 5,,,20,,,site-annotation-oracle,whole_process,True,oligoai-record-2,0,0.03211990001727827,0,benchmarks/ddg/iterations/20260908T091058.575096-site-annotation-oracle/result.json
20260908T091058.575096-site-annotation-oracle,4,Raspberry Pi 5,,,20,,,site-annotation-oracle,whole_process,True,oligoai-record-3,0,0.03171576900058426,0,benchmarks/ddg/iterations/20260908T091058.575096-site-annotation-oracle/result.json
20260908T091058.575096-site-annotation-oracle,4,Raspberry Pi 5,,,20,,,site-annotation-oracle,whole_process,True,ooff-whole-transcript,0,0.013589609996415675,0,benchmarks/ddg/iterations/20260908T091058.575096-site-annotation-oracle/result.json
20260908T091757.493800-estimate-sites-10000-records1,4,Raspberry Pi 5,1000,,10000,,,Synthetic near-match intervals of length 17–23; no genome discovery or large-reference IO measured,whole_process,True,viennarna,0,2.1914230679976754,0,benchmarks/ddg/iterations/20260908T091757.493800-estimate-sites-10000-records1/result.json
20260908T091757.493800-estimate-sites-10000-records1,4,Raspberry Pi 5,1000,,10000,,,Synthetic near-match intervals of length 17–23; no genome discovery or large-reference IO measured,whole_process,True,ooff,0,0.8303831670200452,0,benchmarks/ddg/iterations/20260908T091757.493800-estimate-sites-10000-records1/result.json
20260908T091801.032967-estimate-sites-10000-records1000,4,Raspberry Pi 5,1000,,10000,,,Synthetic near-match intervals of length 17–23; no genome discovery or large-reference IO measured,whole_process,True,viennarna,0,2.1874300019990187,0,benchmarks/ddg/iterations/20260908T091801.032967-estimate-sites-10000-records1000/result.json
20260908T091801.032967-estimate-sites-10000-records1000,4,Raspberry Pi 5,1000,,10000,,,Synthetic near-match intervals of length 17–23; no genome discovery or large-reference IO measured,whole_process,True,ooff,0,5.554482290986925,0,benchmarks/ddg/iterations/20260908T091801.032967-estimate-sites-10000-records1000/result.json
20260908T093245.077318-estimate-sites-10000-records1000-rust,4,Raspberry Pi 5,1000,,10000,,,Synthetic near-match intervals of length 17–23; no genome discovery or large-reference IO measured,whole_process,True,viennarna,0,2.1887729809968732,0,benchmarks/ddg/iterations/20260908T093245.077318-estimate-sites-10000-records1000-rust/result.json
20260908T093245.077318-estimate-sites-10000-records1000-rust,4,Raspberry Pi 5,1000,,10000,,,Synthetic near-match intervals of length 17–23; no genome discovery or large-reference IO measured,whole_process,True,ooff,0,0.5887243119941559,0,benchmarks/ddg/iterations/20260908T093245.077318-estimate-sites-10000-records1000-rust/result.json
20260908T093724.245391-estimate-sites-10000-records1000-rust,4,Raspberry Pi 5,1000,,10000,,,Synthetic near-match intervals of length 17–23; no genome discovery or large-reference IO measured,whole_process,True,viennarna,0,2.1911844960122835,0,benchmarks/ddg/iterations/20260908T093724.245391-estimate-sites-10000-records1000-rust/result.json
20260908T093724.245391-estimate-sites-10000-records1000-rust,4,Raspberry Pi 5,1000,,10000,,,Synthetic near-match intervals of length 17–23; no genome discovery or large-reference IO measured,whole_process,True,ooff,0,0.3423626740113832,0,benchmarks/ddg/iterations/20260908T093724.245391-estimate-sites-10000-records1000-rust/result.json
20260908T093727.248569-estimate-sites-10000-records1-rust,4,Raspberry Pi 5,1000,,10000,,,Synthetic near-match intervals of length 17–23; no genome discovery or large-reference IO measured,whole_process,True,viennarna,0,2.203219717979664,0,benchmarks/ddg/iterations/20260908T093727.248569-estimate-sites-10000-records1-rust/result.json
20260908T093727.248569-estimate-sites-10000-records1-rust,4,Raspberry Pi 5,1000,,10000,,,Synthetic near-match intervals of length 17–23; no genome discovery or large-reference IO measured,whole_process,True,ooff,0,0.27138025197200477,0,benchmarks/ddg/iterations/20260908T093727.248569-estimate-sites-10000-records1-rust/result.json
20260908T094541.144928-scalar-kernel-golden-cpu1,1,Raspberry Pi 5,,,,,,"Compute-only 1825 diverse golden pairs, ten repetitions; excludes JSON output and startup",kernel_compute,True,rust-kernel,0,1.415999045,0,benchmarks/ddg/iterations/20260908T094541.144928-scalar-kernel-golden-cpu1/result.json
20260908T094809.605757-factored-kernel-golden-cpu1,1,Raspberry Pi 5,,,,,,"Compute-only 1825 diverse golden pairs, ten repetitions; excludes JSON output and startup",kernel_compute,True,rust-kernel,0,1.191489758,0,benchmarks/ddg/iterations/20260908T094809.605757-factored-kernel-golden-cpu1/result.json
20260908T094810.982655-estimate-sites-10000-records1000-rust,4,Raspberry Pi 5,1000,,10000,,,Synthetic near-match intervals of length 17–23; no genome discovery or large-reference IO measured,whole_process,True,viennarna,0,2.194704555993667,0,benchmarks/ddg/iterations/20260908T094810.982655-estimate-sites-10000-records1000-rust/result.json
20260908T094810.982655-estimate-sites-10000-records1000-rust,4,Raspberry Pi 5,1000,,10000,,,Synthetic near-match intervals of length 17–23; no genome discovery or large-reference IO measured,whole_process,True,ooff,0,0.34785660498891957,0,benchmarks/ddg/iterations/20260908T094810.982655-estimate-sites-10000-records1000-rust/result.json
20260908T100036.410967-reusable-workspace-golden,1,Raspberry Pi 5,,1825,,,,"Compute-only golden pairs, includes pair encoding and DP, excludes IO/startup",kernel_compute,True,rust-kernel,0,1.178078491,0,benchmarks/ddg/iterations/20260908T100036.410967-reusable-workspace-golden/result.json
20260908T100036.410967-reusable-workspace-golden,1,Raspberry Pi 5,,1825,,,,"Compute-only golden pairs, includes pair encoding and DP, excludes IO/startup",kernel_compute,True,native-baseline,0,1.182122225,0,benchmarks/ddg/iterations/20260908T100036.410967-reusable-workspace-golden/result.json
20260908T100036.410967-reusable-workspace-golden,1,Raspberry Pi 5,,1825,,,,"Compute-only golden pairs, includes pair encoding and DP, excludes IO/startup",kernel_compute,True,native-baseline,1,1.182417078,0,benchmarks/ddg/iterations/20260908T100036.410967-reusable-workspace-golden/result.json
20260908T100036.410967-reusable-workspace-golden,1,Raspberry Pi 5,,1825,,,,"Compute-only golden pairs, includes pair encoding and DP, excludes IO/startup",kernel_compute,True,rust-kernel,1,1.177369436,0,benchmarks/ddg/iterations/20260908T100036.410967-reusable-workspace-golden/result.json
20260908T100036.410967-reusable-workspace-golden,1,Raspberry Pi 5,,1825,,,,"Compute-only golden pairs, includes pair encoding and DP, excludes IO/startup",kernel_compute,True,rust-kernel,2,1.174553188,0,benchmarks/ddg/iterations/20260908T100036.410967-reusable-workspace-golden/result.json
20260908T100036.410967-reusable-workspace-golden,1,Raspberry Pi 5,,1825,,,,"Compute-only golden pairs, includes pair encoding and DP, excludes IO/startup",kernel_compute,True,native-baseline,2,1.179684111,0,benchmarks/ddg/iterations/20260908T100036.410967-reusable-workspace-golden/result.json
20260908T100044.310102-estimate-sites-10000-records1000-rust,4,Raspberry Pi 5,1000,,10000,,,Synthetic near-match intervals of length 17–23; no genome discovery or large-reference IO measured,whole_process,True,viennarna,0,2.1889264549827203,0,benchmarks/ddg/iterations/20260908T100044.310102-estimate-sites-10000-records1000-rust/result.json
20260908T100044.310102-estimate-sites-10000-records1000-rust,4,Raspberry Pi 5,1000,,10000,,,Synthetic near-match intervals of length 17–23; no genome discovery or large-reference IO measured,whole_process,True,ooff,0,0.3470861630048603,0,benchmarks/ddg/iterations/20260908T100044.310102-estimate-sites-10000-records1000-rust/result.json
20260908T100508.278731-neon-loop-reduction-golden,1,Raspberry Pi 5,,1825,,,,"Compute-only golden pairs, includes pair encoding and DP, excludes IO/startup",kernel_compute,True,rust-kernel,0,1.22101505,0,benchmarks/ddg/iterations/20260908T100508.278731-neon-loop-reduction-golden/result.json
20260908T100508.278731-neon-loop-reduction-golden,1,Raspberry Pi 5,,1825,,,,"Compute-only golden pairs, includes pair encoding and DP, excludes IO/startup",kernel_compute,True,native-baseline,0,1.172921487,0,benchmarks/ddg/iterations/20260908T100508.278731-neon-loop-reduction-golden/result.json
20260908T100508.278731-neon-loop-reduction-golden,1,Raspberry Pi 5,,1825,,,,"Compute-only golden pairs, includes pair encoding and DP, excludes IO/startup",kernel_compute,True,native-baseline,1,1.177430075,0,benchmarks/ddg/iterations/20260908T100508.278731-neon-loop-reduction-golden/result.json
20260908T100508.278731-neon-loop-reduction-golden,1,Raspberry Pi 5,,1825,,,,"Compute-only golden pairs, includes pair encoding and DP, excludes IO/startup",kernel_compute,True,rust-kernel,1,1.219660677,0,benchmarks/ddg/iterations/20260908T100508.278731-neon-loop-reduction-golden/result.json
20260908T100508.278731-neon-loop-reduction-golden,1,Raspberry Pi 5,,1825,,,,"Compute-only golden pairs, includes pair encoding and DP, excludes IO/startup",kernel_compute,True,rust-kernel,2,1.218083766,0,benchmarks/ddg/iterations/20260908T100508.278731-neon-loop-reduction-golden/result.json
20260908T100508.278731-neon-loop-reduction-golden,1,Raspberry Pi 5,,1825,,,,"Compute-only golden pairs, includes pair encoding and DP, excludes IO/startup",kernel_compute,True,native-baseline,2,1.186368638,0,benchmarks/ddg/iterations/20260908T100508.278731-neon-loop-reduction-golden/result.json
20260908T100516.307891-estimate-sites-10000-records1000-rust,4,Raspberry Pi 5,1000,,10000,,,Synthetic near-match intervals of length 17–23; no genome discovery or large-reference IO measured,whole_process,True,viennarna,0,2.2851306950033177,0,benchmarks/ddg/iterations/20260908T100516.307891-estimate-sites-10000-records1000-rust/result.json
20260908T100516.307891-estimate-sites-10000-records1000-rust,4,Raspberry Pi 5,1000,,10000,,,Synthetic near-match intervals of length 17–23; no genome discovery or large-reference IO measured,whole_process,True,ooff,0,0.33163068498834036,0,benchmarks/ddg/iterations/20260908T100516.307891-estimate-sites-10000-records1000-rust/result.json
20260908T100638.793666-real-sites-discovery-100,1,Raspberry Pi 5,100,,175,,,"Actual distinct SCN2A ASOs against real SCN1A pre-mRNA, exhaustive k3 interval discovery; no energy timing",site_discovery,False,discovery,0,0.07243805899634026,0,benchmarks/ddg/iterations/20260908T100638.793666-real-sites-discovery-100/result.json
20260908T101024.131957-real-sites-discovery-1000,1,Raspberry Pi 5,1000,,1922,,,"Actual distinct SCN2A ASOs against real SCN1A pre-mRNA, exhaustive k3 interval discovery; no energy timing",site_discovery,False,discovery,0,0.6887957220023964,0,benchmarks/ddg/iterations/20260908T101024.131957-real-sites-discovery-1000/result.json
20260908T101316.880403-real-site-annotation,4,Raspberry Pi 5,,,1922,,,Complete real SCN2A/SCN1A site annotation; same files and all report rows,whole_process,True,vienna-baseline,0,0.29676151598687284,0,benchmarks/ddg/iterations/20260908T101316.880403-real-site-annotation/result.json
20260908T101316.880403-real-site-annotation,4,Raspberry Pi 5,,,1922,,,Complete real SCN2A/SCN1A site annotation; same files and all report rows,whole_process,True,ooff,0,0.11038682301295921,0,benchmarks/ddg/iterations/20260908T101316.880403-real-site-annotation/result.json
20260908T101316.880403-real-site-annotation,4,Raspberry Pi 5,,,1922,,,Complete real SCN2A/SCN1A site annotation; same files and all report rows,whole_process,True,ooff,1,0.11225245799869299,0,benchmarks/ddg/iterations/20260908T101316.880403-real-site-annotation/result.json
20260908T101316.880403-real-site-annotation,4,Raspberry Pi 5,,,1922,,,Complete real SCN2A/SCN1A site annotation; same files and all report rows,whole_process,True,vienna-baseline,1,0.2629967140092049,0,benchmarks/ddg/iterations/20260908T101316.880403-real-site-annotation/result.json
20260908T101316.880403-real-site-annotation,4,Raspberry Pi 5,,,1922,,,Complete real SCN2A/SCN1A site annotation; same files and all report rows,whole_process,True,vienna-baseline,2,0.28378821900696494,0,benchmarks/ddg/iterations/20260908T101316.880403-real-site-annotation/result.json
20260908T101316.880403-real-site-annotation,4,Raspberry Pi 5,,,1922,,,Complete real SCN2A/SCN1A site annotation; same files and all report rows,whole_process,True,ooff,2,0.10855954000726342,0,benchmarks/ddg/iterations/20260908T101316.880403-real-site-annotation/result.json
20260908T101658.719697-estimate-sites-10000-records1000-rust,4,Raspberry Pi 5,1000,,10000,,,Synthetic near-match intervals of length 17–23; no genome discovery or large-reference IO measured,whole_process,True,viennarna,0,2.1905696819885634,0,benchmarks/ddg/iterations/20260908T101658.719697-estimate-sites-10000-records1000-rust/result.json
20260908T101658.719697-estimate-sites-10000-records1000-rust,4,Raspberry Pi 5,1000,,10000,,,Synthetic near-match intervals of length 17–23; no genome discovery or large-reference IO measured,whole_process,True,ooff,0,0.3231757470057346,0,benchmarks/ddg/iterations/20260908T101658.719697-estimate-sites-10000-records1000-rust/result.json
20260908T101701.697684-real-site-annotation,4,Raspberry Pi 5,,,1922,,,Complete real SCN2A/SCN1A site annotation; same files and all report rows,whole_process,True,vienna-baseline,0,0.26896447699982673,0,benchmarks/ddg/iterations/20260908T101701.697684-real-site-annotation/result.json
20260908T101701.697684-real-site-annotation,4,Raspberry Pi 5,,,1922,,,Complete real SCN2A/SCN1A site annotation; same files and all report rows,whole_process,True,ooff,0,0.11627260097884573,0,benchmarks/ddg/iterations/20260908T101701.697684-real-site-annotation/result.json
20260908T102429.623503-real-site-annotation,4,Raspberry Pi 5,,,1922,,,Complete real SCN2A/SCN1A site annotation; same files and all report rows,whole_process,True,vienna-baseline,0,0.2689758519991301,0,benchmarks/ddg/iterations/20260908T102429.623503-real-site-annotation/result.json
20260908T102429.623503-real-site-annotation,4,Raspberry Pi 5,,,1922,,,Complete real SCN2A/SCN1A site annotation; same files and all report rows,whole_process,True,ooff,0,0.09844866101047955,0,benchmarks/ddg/iterations/20260908T102429.623503-real-site-annotation/result.json
20260908T102429.623503-real-site-annotation,4,Raspberry Pi 5,,,1922,,,Complete real SCN2A/SCN1A site annotation; same files and all report rows,whole_process,True,ooff,1,0.09829745799652301,0,benchmarks/ddg/iterations/20260908T102429.623503-real-site-annotation/result.json
20260908T102429.623503-real-site-annotation,4,Raspberry Pi 5,,,1922,,,Complete real SCN2A/SCN1A site annotation; same files and all report rows,whole_process,True,vienna-baseline,1,0.25298145299893804,0,benchmarks/ddg/iterations/20260908T102429.623503-real-site-annotation/result.json
20260908T102429.623503-real-site-annotation,4,Raspberry Pi 5,,,1922,,,Complete real SCN2A/SCN1A site annotation; same files and all report rows,whole_process,True,vienna-baseline,2,0.2690242029784713,0,benchmarks/ddg/iterations/20260908T102429.623503-real-site-annotation/result.json
20260908T102429.623503-real-site-annotation,4,Raspberry Pi 5,,,1922,,,Complete real SCN2A/SCN1A site annotation; same files and all report rows,whole_process,True,ooff,2,0.10007862898055464,0,benchmarks/ddg/iterations/20260908T102429.623503-real-site-annotation/result.json
20260908T102431.200096-estimate-sites-10000-records1000-rust,4,Raspberry Pi 5,1000,,10000,,,Synthetic near-match intervals of length 17–23; no genome discovery or large-reference IO measured,whole_process,True,viennarna,0,2.216231650003465,0,benchmarks/ddg/iterations/20260908T102431.200096-estimate-sites-10000-records1000-rust/result.json
20260908T102431.200096-estimate-sites-10000-records1000-rust,4,Raspberry Pi 5,1000,,10000,,,Synthetic near-match intervals of length 17–23; no genome discovery or large-reference IO measured,whole_process,True,ooff,0,0.20321700899512507,0,benchmarks/ddg/iterations/20260908T102431.200096-estimate-sites-10000-records1000-rust/result.json
20260908T102704.663301-unrolled-small-loops-golden,1,Raspberry Pi 5,,1825,,,,"Compute-only golden pairs, includes pair encoding and DP, excludes IO/startup",kernel_compute,True,rust-kernel,0,1.176751874,0,benchmarks/ddg/iterations/20260908T102704.663301-unrolled-small-loops-golden/result.json
20260908T102704.663301-unrolled-small-loops-golden,1,Raspberry Pi 5,,1825,,,,"Compute-only golden pairs, includes pair encoding and DP, excludes IO/startup",kernel_compute,True,native-baseline,0,1.180341034,0,benchmarks/ddg/iterations/20260908T102704.663301-unrolled-small-loops-golden/result.json
20260908T102704.663301-unrolled-small-loops-golden,1,Raspberry Pi 5,,1825,,,,"Compute-only golden pairs, includes pair encoding and DP, excludes IO/startup",kernel_compute,True,native-baseline,1,1.177809303,0,benchmarks/ddg/iterations/20260908T102704.663301-unrolled-small-loops-golden/result.json
20260908T102704.663301-unrolled-small-loops-golden,1,Raspberry Pi 5,,1825,,,,"Compute-only golden pairs, includes pair encoding and DP, excludes IO/startup",kernel_compute,True,rust-kernel,1,1.165652472,0,benchmarks/ddg/iterations/20260908T102704.663301-unrolled-small-loops-golden/result.json
20260908T102704.663301-unrolled-small-loops-golden,1,Raspberry Pi 5,,1825,,,,"Compute-only golden pairs, includes pair encoding and DP, excludes IO/startup",kernel_compute,True,rust-kernel,2,1.14137727,0,benchmarks/ddg/iterations/20260908T102704.663301-unrolled-small-loops-golden/result.json
20260908T102704.663301-unrolled-small-loops-golden,1,Raspberry Pi 5,,1825,,,,"Compute-only golden pairs, includes pair encoding and DP, excludes IO/startup",kernel_compute,True,native-baseline,2,1.180117422,0,benchmarks/ddg/iterations/20260908T102704.663301-unrolled-small-loops-golden/result.json
20260908T102712.497049-real-site-annotation,4,Raspberry Pi 5,,,1922,,,Complete real SCN2A/SCN1A site annotation; same files and all report rows,whole_process,True,vienna-baseline,0,0.2641668940195814,0,benchmarks/ddg/iterations/20260908T102712.497049-real-site-annotation/result.json
20260908T102712.497049-real-site-annotation,4,Raspberry Pi 5,,,1922,,,Complete real SCN2A/SCN1A site annotation; same files and all report rows,whole_process,True,ooff,0,0.09969651798019186,0,benchmarks/ddg/iterations/20260908T102712.497049-real-site-annotation/result.json
20260908T102712.497049-real-site-annotation,4,Raspberry Pi 5,,,1922,,,Complete real SCN2A/SCN1A site annotation; same files and all report rows,whole_process,True,ooff,1,0.09705530598876067,0,benchmarks/ddg/iterations/20260908T102712.497049-real-site-annotation/result.json
20260908T102712.497049-real-site-annotation,4,Raspberry Pi 5,,,1922,,,Complete real SCN2A/SCN1A site annotation; same files and all report rows,whole_process,True,vienna-baseline,1,0.2650439139979426,0,benchmarks/ddg/iterations/20260908T102712.497049-real-site-annotation/result.json
20260908T102712.497049-real-site-annotation,4,Raspberry Pi 5,,,1922,,,Complete real SCN2A/SCN1A site annotation; same files and all report rows,whole_process,True,vienna-baseline,2,0.27526255600969307,0,benchmarks/ddg/iterations/20260908T102712.497049-real-site-annotation/result.json
20260908T102712.497049-real-site-annotation,4,Raspberry Pi 5,,,1922,,,Complete real SCN2A/SCN1A site annotation; same files and all report rows,whole_process,True,ooff,2,0.09929285000544041,0,benchmarks/ddg/iterations/20260908T102712.497049-real-site-annotation/result.json
20260908T102914.989662-relaxed-matching-prune-golden,1,Raspberry Pi 5,,1825,,,,"Compute-only golden pairs, includes pair encoding and DP, excludes IO/startup",kernel_compute,True,rust-kernel,0,1.371762752,0,benchmarks/ddg/iterations/20260908T102914.989662-relaxed-matching-prune-golden/result.json
20260908T102914.989662-relaxed-matching-prune-golden,1,Raspberry Pi 5,,1825,,,,"Compute-only golden pairs, includes pair encoding and DP, excludes IO/startup",kernel_compute,True,native-baseline,0,1.145406951,0,benchmarks/ddg/iterations/20260908T102914.989662-relaxed-matching-prune-golden/result.json
20260908T102914.989662-relaxed-matching-prune-golden,1,Raspberry Pi 5,,1825,,,,"Compute-only golden pairs, includes pair encoding and DP, excludes IO/startup",kernel_compute,True,native-baseline,1,1.145696044,0,benchmarks/ddg/iterations/20260908T102914.989662-relaxed-matching-prune-golden/result.json
20260908T102914.989662-relaxed-matching-prune-golden,1,Raspberry Pi 5,,1825,,,,"Compute-only golden pairs, includes pair encoding and DP, excludes IO/startup",kernel_compute,True,rust-kernel,1,1.391272957,0,benchmarks/ddg/iterations/20260908T102914.989662-relaxed-matching-prune-golden/result.json
20260908T102914.989662-relaxed-matching-prune-golden,1,Raspberry Pi 5,,1825,,,,"Compute-only golden pairs, includes pair encoding and DP, excludes IO/startup",kernel_compute,True,rust-kernel,2,1.384314011,0,benchmarks/ddg/iterations/20260908T102914.989662-relaxed-matching-prune-golden/result.json
20260908T102914.989662-relaxed-matching-prune-golden,1,Raspberry Pi 5,,1825,,,,"Compute-only golden pairs, includes pair encoding and DP, excludes IO/startup",kernel_compute,True,native-baseline,2,1.155591444,0,benchmarks/ddg/iterations/20260908T102914.989662-relaxed-matching-prune-golden/result.json
20260908T102923.456151-real-site-annotation,4,Raspberry Pi 5,,,1922,,,Complete real SCN2A/SCN1A site annotation; same files and all report rows,whole_process,True,vienna-baseline,0,0.2574564299720805,0,benchmarks/ddg/iterations/20260908T102923.456151-real-site-annotation/result.json
20260908T102923.456151-real-site-annotation,4,Raspberry Pi 5,,,1922,,,Complete real SCN2A/SCN1A site annotation; same files and all report rows,whole_process,True,ooff,0,0.10814415398635902,0,benchmarks/ddg/iterations/20260908T102923.456151-real-site-annotation/result.json
20260908T102923.456151-real-site-annotation,4,Raspberry Pi 5,,,1922,,,Complete real SCN2A/SCN1A site annotation; same files and all report rows,whole_process,True,ooff,1,0.10090777999721467,0,benchmarks/ddg/iterations/20260908T102923.456151-real-site-annotation/result.json
20260908T102923.456151-real-site-annotation,4,Raspberry Pi 5,,,1922,,,Complete real SCN2A/SCN1A site annotation; same files and all report rows,whole_process,True,vienna-baseline,1,0.2522675260261167,0,benchmarks/ddg/iterations/20260908T102923.456151-real-site-annotation/result.json
20260908T102923.456151-real-site-annotation,4,Raspberry Pi 5,,,1922,,,Complete real SCN2A/SCN1A site annotation; same files and all report rows,whole_process,True,vienna-baseline,2,0.256157166993944,0,benchmarks/ddg/iterations/20260908T102923.456151-real-site-annotation/result.json
20260908T102923.456151-real-site-annotation,4,Raspberry Pi 5,,,1922,,,Complete real SCN2A/SCN1A site annotation; same files and all report rows,whole_process,True,ooff,2,0.10314780598855577,0,benchmarks/ddg/iterations/20260908T102923.456151-real-site-annotation/result.json
20260908T102924.993802-estimate-sites-10000-records1000-rust,4,Raspberry Pi 5,1000,,10000,,,Synthetic near-match intervals of length 17–23; no genome discovery or large-reference IO measured,whole_process,True,viennarna,0,2.199723855010234,0,benchmarks/ddg/iterations/20260908T102924.993802-estimate-sites-10000-records1000-rust/result.json
20260908T102924.993802-estimate-sites-10000-records1000-rust,4,Raspberry Pi 5,1000,,10000,,,Synthetic near-match intervals of length 17–23; no genome discovery or large-reference IO measured,whole_process,True,ooff,0,0.23677697899984196,0,benchmarks/ddg/iterations/20260908T102924.993802-estimate-sites-10000-records1000-rust/result.json
20260908T103259.402302-real-site-annotation,4,Raspberry Pi 5,,,1922,,,Complete real SCN2A/SCN1A site annotation; same files and all report rows,whole_process,True,rust-baseline,0,0.10125513400998898,0,benchmarks/ddg/iterations/20260908T103259.402302-real-site-annotation/result.json
20260908T103259.402302-real-site-annotation,4,Raspberry Pi 5,,,1922,,,Complete real SCN2A/SCN1A site annotation; same files and all report rows,whole_process,True,ooff,0,0.10207791402353905,0,benchmarks/ddg/iterations/20260908T103259.402302-real-site-annotation/result.json
20260908T103259.402302-real-site-annotation,4,Raspberry Pi 5,,,1922,,,Complete real SCN2A/SCN1A site annotation; same files and all report rows,whole_process,True,ooff,1,0.09775299398461357,0,benchmarks/ddg/iterations/20260908T103259.402302-real-site-annotation/result.json
20260908T103259.402302-real-site-annotation,4,Raspberry Pi 5,,,1922,,,Complete real SCN2A/SCN1A site annotation; same files and all report rows,whole_process,True,rust-baseline,1,0.09783903101924807,0,benchmarks/ddg/iterations/20260908T103259.402302-real-site-annotation/result.json
20260908T103259.402302-real-site-annotation,4,Raspberry Pi 5,,,1922,,,Complete real SCN2A/SCN1A site annotation; same files and all report rows,whole_process,True,rust-baseline,2,0.0976660680025816,0,benchmarks/ddg/iterations/20260908T103259.402302-real-site-annotation/result.json
20260908T103259.402302-real-site-annotation,4,Raspberry Pi 5,,,1922,,,Complete real SCN2A/SCN1A site annotation; same files and all report rows,whole_process,True,ooff,2,0.09762347498326562,0,benchmarks/ddg/iterations/20260908T103259.402302-real-site-annotation/result.json
20260908T103259.402302-real-site-annotation,4,Raspberry Pi 5,,,1922,,,Complete real SCN2A/SCN1A site annotation; same files and all report rows,whole_process,True,ooff,3,0.10237693297676742,0,benchmarks/ddg/iterations/20260908T103259.402302-real-site-annotation/result.json
20260908T103259.402302-real-site-annotation,4,Raspberry Pi 5,,,1922,,,Complete real SCN2A/SCN1A site annotation; same files and all report rows,whole_process,True,rust-baseline,3,0.10234258198761381,0,benchmarks/ddg/iterations/20260908T103259.402302-real-site-annotation/result.json
20260908T103259.402302-real-site-annotation,4,Raspberry Pi 5,,,1922,,,Complete real SCN2A/SCN1A site annotation; same files and all report rows,whole_process,True,rust-baseline,4,0.12975920000462793,0,benchmarks/ddg/iterations/20260908T103259.402302-real-site-annotation/result.json
20260908T103259.402302-real-site-annotation,4,Raspberry Pi 5,,,1922,,,Complete real SCN2A/SCN1A site annotation; same files and all report rows,whole_process,True,ooff,4,0.0971860290155746,0,benchmarks/ddg/iterations/20260908T103259.402302-real-site-annotation/result.json
20260908T103259.402302-real-site-annotation,4,Raspberry Pi 5,,,1922,,,Complete real SCN2A/SCN1A site annotation; same files and all report rows,whole_process,True,ooff,5,0.09658526798011735,0,benchmarks/ddg/iterations/20260908T103259.402302-real-site-annotation/result.json
20260908T103259.402302-real-site-annotation,4,Raspberry Pi 5,,,1922,,,Complete real SCN2A/SCN1A site annotation; same files and all report rows,whole_process,True,rust-baseline,5,0.09977272199466825,0,benchmarks/ddg/iterations/20260908T103259.402302-real-site-annotation/result.json
20260908T103259.402302-real-site-annotation,4,Raspberry Pi 5,,,1922,,,Complete real SCN2A/SCN1A site annotation; same files and all report rows,whole_process,True,rust-baseline,6,0.09690962100285105,0,benchmarks/ddg/iterations/20260908T103259.402302-real-site-annotation/result.json
20260908T103259.402302-real-site-annotation,4,Raspberry Pi 5,,,1922,,,Complete real SCN2A/SCN1A site annotation; same files and all report rows,whole_process,True,ooff,6,0.10374717798549682,0,benchmarks/ddg/iterations/20260908T103259.402302-real-site-annotation/result.json
20260908T103301.806682-real-site-annotation,4,Raspberry Pi 5,,,1922,,,Complete real SCN2A/SCN1A site annotation; same files and all report rows,whole_process,True,vienna-baseline,0,0.25801139502436854,0,benchmarks/ddg/iterations/20260908T103301.806682-real-site-annotation/result.json
20260908T103301.806682-real-site-annotation,4,Raspberry Pi 5,,,1922,,,Complete real SCN2A/SCN1A site annotation; same files and all report rows,whole_process,True,ooff,0,0.09725202899426222,0,benchmarks/ddg/iterations/20260908T103301.806682-real-site-annotation/result.json
20260908T103301.806682-real-site-annotation,4,Raspberry Pi 5,,,1922,,,Complete real SCN2A/SCN1A site annotation; same files and all report rows,whole_process,True,ooff,1,0.10219067399157211,0,benchmarks/ddg/iterations/20260908T103301.806682-real-site-annotation/result.json
20260908T103301.806682-real-site-annotation,4,Raspberry Pi 5,,,1922,,,Complete real SCN2A/SCN1A site annotation; same files and all report rows,whole_process,True,vienna-baseline,1,0.26478708200738765,0,benchmarks/ddg/iterations/20260908T103301.806682-real-site-annotation/result.json
20260908T103301.806682-real-site-annotation,4,Raspberry Pi 5,,,1922,,,Complete real SCN2A/SCN1A site annotation; same files and all report rows,whole_process,True,vienna-baseline,2,0.251547987019876,0,benchmarks/ddg/iterations/20260908T103301.806682-real-site-annotation/result.json
20260908T103301.806682-real-site-annotation,4,Raspberry Pi 5,,,1922,,,Complete real SCN2A/SCN1A site annotation; same files and all report rows,whole_process,True,ooff,2,0.10714411400840618,0,benchmarks/ddg/iterations/20260908T103301.806682-real-site-annotation/result.json
20260908T103303.348632-estimate-sites-10000-records1000-rust,4,Raspberry Pi 5,1000,,10000,,,Synthetic near-match intervals of length 17–23; no genome discovery or large-reference IO measured,whole_process,True,viennarna,0,2.1916073170141317,0,benchmarks/ddg/iterations/20260908T103303.348632-estimate-sites-10000-records1000-rust/result.json
20260908T103303.348632-estimate-sites-10000-records1000-rust,4,Raspberry Pi 5,1000,,10000,,,Synthetic near-match intervals of length 17–23; no genome discovery or large-reference IO measured,whole_process,True,ooff,0,0.20024989001103677,0,benchmarks/ddg/iterations/20260908T103303.348632-estimate-sites-10000-records1000-rust/result.json
20260908T103345.681632-real-sites-discovery-10000,1,Raspberry Pi 5,10000,,28222,,,"Actual distinct SCN2A ASOs against real SCN1A pre-mRNA, exhaustive k3 interval discovery; no energy timing",site_discovery,False,discovery,0,6.768777585006319,0,benchmarks/ddg/iterations/20260908T103345.681632-real-sites-discovery-10000/result.json
20260908T103353.260461-real-sites-discovery-100000,1,Raspberry Pi 5,100000,,273825,,,"Actual distinct SCN2A ASOs against real SCN1A pre-mRNA, exhaustive k3 interval discovery; no energy timing",site_discovery,False,discovery,0,67.39866694700322,0,benchmarks/ddg/iterations/20260908T103353.260461-real-sites-discovery-100000/result.json
20260908T103534.925438-real-site-annotation,4,Raspberry Pi 5,10000,,28222,,,Complete real SCN2A/SCN1A site annotation; same files and all report rows,whole_process,True,vienna-baseline,0,4.197204791998956,0,benchmarks/ddg/iterations/20260908T103534.925438-real-site-annotation/result.json
20260908T103534.925438-real-site-annotation,4,Raspberry Pi 5,10000,,28222,38222,31920,Complete real SCN2A/SCN1A site annotation; same files and all report rows,whole_process,True,ooff,0,1.2902050699922256,0,benchmarks/ddg/iterations/20260908T103534.925438-real-site-annotation/result.json
20260908T103534.925438-real-site-annotation,4,Raspberry Pi 5,10000,,28222,38222,31920,Complete real SCN2A/SCN1A site annotation; same files and all report rows,whole_process,True,ooff,1,1.2690028590150177,0,benchmarks/ddg/iterations/20260908T103534.925438-real-site-annotation/result.json
20260908T103534.925438-real-site-annotation,4,Raspberry Pi 5,10000,,28222,,,Complete real SCN2A/SCN1A site annotation; same files and all report rows,whole_process,True,vienna-baseline,1,4.208142065006541,0,benchmarks/ddg/iterations/20260908T103534.925438-real-site-annotation/result.json
20260908T103534.925438-real-site-annotation,4,Raspberry Pi 5,10000,,28222,,,Complete real SCN2A/SCN1A site annotation; same files and all report rows,whole_process,True,vienna-baseline,2,4.200931692001177,0,benchmarks/ddg/iterations/20260908T103534.925438-real-site-annotation/result.json
20260908T103534.925438-real-site-annotation,4,Raspberry Pi 5,10000,,28222,38222,31920,Complete real SCN2A/SCN1A site annotation; same files and all report rows,whole_process,True,ooff,2,1.2931184489862062,0,benchmarks/ddg/iterations/20260908T103534.925438-real-site-annotation/result.json
20260908T103554.623075-real-site-annotation,4,Raspberry Pi 5,100000,,273825,,,Complete real SCN2A/SCN1A site annotation; same files and all report rows,whole_process,True,vienna-baseline,0,39.055924974003574,0,benchmarks/ddg/iterations/20260908T103554.623075-real-site-annotation/result.json
20260908T103554.623075-real-site-annotation,4,Raspberry Pi 5,100000,,273825,373825,315659,Complete real SCN2A/SCN1A site annotation; same files and all report rows,whole_process,True,ooff,0,12.744874427997274,0,benchmarks/ddg/iterations/20260908T103554.623075-real-site-annotation/result.json
20260908T103554.623075-real-site-annotation,4,Raspberry Pi 5,100000,,273825,373825,315659,Complete real SCN2A/SCN1A site annotation; same files and all report rows,whole_process,True,ooff,1,12.695106336992467,0,benchmarks/ddg/iterations/20260908T103554.623075-real-site-annotation/result.json
20260908T103554.623075-real-site-annotation,4,Raspberry Pi 5,100000,,273825,,,Complete real SCN2A/SCN1A site annotation; same files and all report rows,whole_process,True,vienna-baseline,1,38.92290303998743,0,benchmarks/ddg/iterations/20260908T103554.623075-real-site-annotation/result.json
20260908T103554.623075-real-site-annotation,4,Raspberry Pi 5,100000,,273825,,,Complete real SCN2A/SCN1A site annotation; same files and all report rows,whole_process,True,vienna-baseline,2,38.8205566900142,0,benchmarks/ddg/iterations/20260908T103554.623075-real-site-annotation/result.json
20260908T103554.623075-real-site-annotation,4,Raspberry Pi 5,100000,,273825,373825,315659,Complete real SCN2A/SCN1A site annotation; same files and all report rows,whole_process,True,ooff,2,12.772527463006554,0,benchmarks/ddg/iterations/20260908T103554.623075-real-site-annotation/result.json
20260908T104143.986110-real-site-annotation,4,Raspberry Pi 5,100000,,273825,373825,315659,Complete real SCN2A/SCN1A site annotation; same files and all report rows,whole_process,True,rust-baseline,0,12.687242847983725,0,benchmarks/ddg/iterations/20260908T104143.986110-real-site-annotation/result.json
20260908T104143.986110-real-site-annotation,4,Raspberry Pi 5,100000,,273825,296647,238481,Complete real SCN2A/SCN1A site annotation; same files and all report rows,whole_process,True,ooff,0,12.046759001997998,0,benchmarks/ddg/iterations/20260908T104143.986110-real-site-annotation/result.json
20260908T104143.986110-real-site-annotation,4,Raspberry Pi 5,100000,,273825,296647,238481,Complete real SCN2A/SCN1A site annotation; same files and all report rows,whole_process,True,ooff,1,11.930965288978769,0,benchmarks/ddg/iterations/20260908T104143.986110-real-site-annotation/result.json
20260908T104143.986110-real-site-annotation,4,Raspberry Pi 5,100000,,273825,373825,315659,Complete real SCN2A/SCN1A site annotation; same files and all report rows,whole_process,True,rust-baseline,1,12.454225380992284,0,benchmarks/ddg/iterations/20260908T104143.986110-real-site-annotation/result.json
20260908T104143.986110-real-site-annotation,4,Raspberry Pi 5,100000,,273825,373825,315659,Complete real SCN2A/SCN1A site annotation; same files and all report rows,whole_process,True,rust-baseline,2,12.3904388769879,0,benchmarks/ddg/iterations/20260908T104143.986110-real-site-annotation/result.json
20260908T104143.986110-real-site-annotation,4,Raspberry Pi 5,100000,,273825,296647,238481,Complete real SCN2A/SCN1A site annotation; same files and all report rows,whole_process,True,ooff,2,11.900500107993139,0,benchmarks/ddg/iterations/20260908T104143.986110-real-site-annotation/result.json
20260908T104527.038836-real-site-annotation,4,Raspberry Pi 5,100000,,273825,296647,238481,Complete real SCN2A/SCN1A site annotation; same files and all report rows,whole_process,True,rust-baseline,0,11.94599265398574,0,benchmarks/ddg/iterations/20260908T104527.038836-real-site-annotation/result.json
20260908T104527.038836-real-site-annotation,4,Raspberry Pi 5,100000,,273825,296647,238481,Complete real SCN2A/SCN1A site annotation; same files and all report rows,whole_process,True,ooff,0,7.1201802260184195,0,benchmarks/ddg/iterations/20260908T104527.038836-real-site-annotation/result.json
20260908T104527.038836-real-site-annotation,4,Raspberry Pi 5,100000,,273825,296647,238481,Complete real SCN2A/SCN1A site annotation; same files and all report rows,whole_process,True,ooff,1,7.128467806003755,0,benchmarks/ddg/iterations/20260908T104527.038836-real-site-annotation/result.json
20260908T104527.038836-real-site-annotation,4,Raspberry Pi 5,100000,,273825,296647,238481,Complete real SCN2A/SCN1A site annotation; same files and all report rows,whole_process,True,rust-baseline,1,12.018514425988542,0,benchmarks/ddg/iterations/20260908T104527.038836-real-site-annotation/result.json
20260908T104527.038836-real-site-annotation,4,Raspberry Pi 5,100000,,273825,296647,238481,Complete real SCN2A/SCN1A site annotation; same files and all report rows,whole_process,True,rust-baseline,2,11.999031794985058,0,benchmarks/ddg/iterations/20260908T104527.038836-real-site-annotation/result.json
20260908T104527.038836-real-site-annotation,4,Raspberry Pi 5,100000,,273825,296647,238481,Complete real SCN2A/SCN1A site annotation; same files and all report rows,whole_process,True,ooff,2,7.251246708998224,0,benchmarks/ddg/iterations/20260908T104527.038836-real-site-annotation/result.json
20260908T104655.104800-real-site-annotation,4,Raspberry Pi 5,100000,,273825,,,Complete real SCN2A/SCN1A site annotation; same files and all report rows,whole_process,True,vienna-baseline,0,38.78687715600245,0,benchmarks/ddg/iterations/20260908T104655.104800-real-site-annotation/result.json
20260908T104655.104800-real-site-annotation,4,Raspberry Pi 5,100000,,273825,296647,238481,Complete real SCN2A/SCN1A site annotation; same files and all report rows,whole_process,True,ooff,0,7.188906819996191,0,benchmarks/ddg/iterations/20260908T104655.104800-real-site-annotation/result.json
20260908T104655.104800-real-site-annotation,4,Raspberry Pi 5,100000,,273825,296647,238481,Complete real SCN2A/SCN1A site annotation; same files and all report rows,whole_process,True,ooff,1,7.143245813989779,0,benchmarks/ddg/iterations/20260908T104655.104800-real-site-annotation/result.json
20260908T104655.104800-real-site-annotation,4,Raspberry Pi 5,100000,,273825,,,Complete real SCN2A/SCN1A site annotation; same files and all report rows,whole_process,True,vienna-baseline,1,38.84269284398761,0,benchmarks/ddg/iterations/20260908T104655.104800-real-site-annotation/result.json
20260908T104655.104800-real-site-annotation,4,Raspberry Pi 5,100000,,273825,,,Complete real SCN2A/SCN1A site annotation; same files and all report rows,whole_process,True,vienna-baseline,2,38.88460280399886,0,benchmarks/ddg/iterations/20260908T104655.104800-real-site-annotation/result.json
20260908T104655.104800-real-site-annotation,4,Raspberry Pi 5,100000,,273825,296647,238481,Complete real SCN2A/SCN1A site annotation; same files and all report rows,whole_process,True,ooff,2,7.180836834013462,0,benchmarks/ddg/iterations/20260908T104655.104800-real-site-annotation/result.json
20260908T105047.125660-real-site-annotation,4,Raspberry Pi 5,10000,,28222,,,Complete real SCN2A/SCN1A site annotation; same files and all report rows,whole_process,True,vienna-baseline,0,4.181657572014956,0,benchmarks/ddg/iterations/20260908T105047.125660-real-site-annotation/result.json
20260908T105047.125660-real-site-annotation,4,Raspberry Pi 5,10000,,28222,30552,24250,Complete real SCN2A/SCN1A site annotation; same files and all report rows,whole_process,True,ooff,0,0.7287249799992424,0,benchmarks/ddg/iterations/20260908T105047.125660-real-site-annotation/result.json
20260908T105047.125660-real-site-annotation,4,Raspberry Pi 5,10000,,28222,30552,24250,Complete real SCN2A/SCN1A site annotation; same files and all report rows,whole_process,True,ooff,1,0.7255463039909955,0,benchmarks/ddg/iterations/20260908T105047.125660-real-site-annotation/result.json
20260908T105047.125660-real-site-annotation,4,Raspberry Pi 5,10000,,28222,,,Complete real SCN2A/SCN1A site annotation; same files and all report rows,whole_process,True,vienna-baseline,1,4.198162751010386,0,benchmarks/ddg/iterations/20260908T105047.125660-real-site-annotation/result.json
20260908T105047.125660-real-site-annotation,4,Raspberry Pi 5,10000,,28222,,,Complete real SCN2A/SCN1A site annotation; same files and all report rows,whole_process,True,vienna-baseline,2,4.169251128012547,0,benchmarks/ddg/iterations/20260908T105047.125660-real-site-annotation/result.json
20260908T105047.125660-real-site-annotation,4,Raspberry Pi 5,10000,,28222,30552,24250,Complete real SCN2A/SCN1A site annotation; same files and all report rows,whole_process,True,ooff,2,0.7455315859988332,0,benchmarks/ddg/iterations/20260908T105047.125660-real-site-annotation/result.json
20260908T105105.109056-estimate-sites-10000-records1000-rust,4,Raspberry Pi 5,1000,,10000,,,Synthetic near-match intervals of length 17–23; no genome discovery or large-reference IO measured,whole_process,True,viennarna,0,2.1920513639925048,0,benchmarks/ddg/iterations/20260908T105105.109056-estimate-sites-10000-records1000-rust/result.json
20260908T105105.109056-estimate-sites-10000-records1000-rust,4,Raspberry Pi 5,1000,,10000,,,Synthetic near-match intervals of length 17–23; no genome discovery or large-reference IO measured,whole_process,True,ooff,0,0.2019767859892454,0,benchmarks/ddg/iterations/20260908T105105.109056-estimate-sites-10000-records1000-rust/result.json
20260908T105315.328753-real-site-annotation,4,Raspberry Pi 5,100000,,273825,296647,238481,Complete real SCN2A/SCN1A site annotation; same files and all report rows,whole_process,True,rust-baseline,0,7.203924848989118,0,benchmarks/ddg/iterations/20260908T105315.328753-real-site-annotation/result.json
20260908T105315.328753-real-site-annotation,4,Raspberry Pi 5,100000,,273825,296647,238481,Complete real SCN2A/SCN1A site annotation; same files and all report rows,whole_process,True,ooff,0,6.382072944979882,0,benchmarks/ddg/iterations/20260908T105315.328753-real-site-annotation/result.json
20260908T105315.328753-real-site-annotation,4,Raspberry Pi 5,100000,,273825,296647,238481,Complete real SCN2A/SCN1A site annotation; same files and all report rows,whole_process,True,ooff,1,6.285841121978592,0,benchmarks/ddg/iterations/20260908T105315.328753-real-site-annotation/result.json
20260908T105315.328753-real-site-annotation,4,Raspberry Pi 5,100000,,273825,296647,238481,Complete real SCN2A/SCN1A site annotation; same files and all report rows,whole_process,True,rust-baseline,1,7.235659128986299,0,benchmarks/ddg/iterations/20260908T105315.328753-real-site-annotation/result.json
20260908T105315.328753-real-site-annotation,4,Raspberry Pi 5,100000,,273825,296647,238481,Complete real SCN2A/SCN1A site annotation; same files and all report rows,whole_process,True,rust-baseline,2,7.158381084998837,0,benchmarks/ddg/iterations/20260908T105315.328753-real-site-annotation/result.json
20260908T105315.328753-real-site-annotation,4,Raspberry Pi 5,100000,,273825,296647,238481,Complete real SCN2A/SCN1A site annotation; same files and all report rows,whole_process,True,ooff,2,6.352474875020562,0,benchmarks/ddg/iterations/20260908T105315.328753-real-site-annotation/result.json
20260908T105426.272867-real-site-annotation,4,Raspberry Pi 5,100000,,273825,0,0,Complete real SCN2A/SCN1A site annotation; same files and all report rows,whole_process,True,vienna-baseline,0,28.059846376010682,0,benchmarks/ddg/iterations/20260908T105426.272867-real-site-annotation/result.json
20260908T105426.272867-real-site-annotation,4,Raspberry Pi 5,100000,,273825,296647,238481,Complete real SCN2A/SCN1A site annotation; same files and all report rows,whole_process,True,ooff,0,6.322298933984712,0,benchmarks/ddg/iterations/20260908T105426.272867-real-site-annotation/result.json
20260908T105426.272867-real-site-annotation,4,Raspberry Pi 5,100000,,273825,296647,238481,Complete real SCN2A/SCN1A site annotation; same files and all report rows,whole_process,True,ooff,1,6.317004899989115,0,benchmarks/ddg/iterations/20260908T105426.272867-real-site-annotation/result.json
20260908T105426.272867-real-site-annotation,4,Raspberry Pi 5,100000,,273825,0,0,Complete real SCN2A/SCN1A site annotation; same files and all report rows,whole_process,True,vienna-baseline,1,28.108132816996658,0,benchmarks/ddg/iterations/20260908T105426.272867-real-site-annotation/result.json
20260908T105426.272867-real-site-annotation,4,Raspberry Pi 5,100000,,273825,0,0,Complete real SCN2A/SCN1A site annotation; same files and all report rows,whole_process,True,vienna-baseline,2,28.285861437994754,0,benchmarks/ddg/iterations/20260908T105426.272867-real-site-annotation/result.json
20260908T105426.272867-real-site-annotation,4,Raspberry Pi 5,100000,,273825,296647,238481,Complete real SCN2A/SCN1A site annotation; same files and all report rows,whole_process,True,ooff,2,6.412588536011754,0,benchmarks/ddg/iterations/20260908T105426.272867-real-site-annotation/result.json
20260908T110130.176140-ec2-initial-workers-1,1,Raspberry Pi 5,,1825,,,,"Compute-only golden pairs, includes pair encoding and DP, excludes IO/startup",kernel_compute,True,rust-kernel,0,6.69032109,0,benchmarks/ddg/iterations/20260908T110130.176140-ec2-initial-workers-1/result.json
20260908T110130.176140-ec2-initial-workers-1,1,Raspberry Pi 5,,1825,,,,"Compute-only golden pairs, includes pair encoding and DP, excludes IO/startup",kernel_compute,True,rust-kernel,1,6.694345914,0,benchmarks/ddg/iterations/20260908T110130.176140-ec2-initial-workers-1/result.json
20260908T110130.176140-ec2-initial-workers-1,1,Raspberry Pi 5,,1825,,,,"Compute-only golden pairs, includes pair encoding and DP, excludes IO/startup",kernel_compute,True,rust-kernel,2,6.693740088,0,benchmarks/ddg/iterations/20260908T110130.176140-ec2-initial-workers-1/result.json
20260908T110150.512281-ec2-initial-workers-2,2,Raspberry Pi 5,,1825,,,,"Compute-only golden pairs, includes pair encoding and DP, excludes IO/startup",kernel_compute,True,rust-kernel,0,3.5677578089999997,0,benchmarks/ddg/iterations/20260908T110150.512281-ec2-initial-workers-2/result.json
20260908T110150.512281-ec2-initial-workers-2,2,Raspberry Pi 5,,1825,,,,"Compute-only golden pairs, includes pair encoding and DP, excludes IO/startup",kernel_compute,True,rust-kernel,1,3.558602911,0,benchmarks/ddg/iterations/20260908T110150.512281-ec2-initial-workers-2/result.json
20260908T110150.512281-ec2-initial-workers-2,2,Raspberry Pi 5,,1825,,,,"Compute-only golden pairs, includes pair encoding and DP, excludes IO/startup",kernel_compute,True,rust-kernel,2,3.551585809,0,benchmarks/ddg/iterations/20260908T110150.512281-ec2-initial-workers-2/result.json
20260908T110201.448043-ec2-initial-workers-4,4,Raspberry Pi 5,,1825,,,,"Compute-only golden pairs, includes pair encoding and DP, excludes IO/startup",kernel_compute,True,rust-kernel,0,1.850640997,0,benchmarks/ddg/iterations/20260908T110201.448043-ec2-initial-workers-4/result.json
20260908T110201.448043-ec2-initial-workers-4,4,Raspberry Pi 5,,1825,,,,"Compute-only golden pairs, includes pair encoding and DP, excludes IO/startup",kernel_compute,True,rust-kernel,1,1.831031479,0,benchmarks/ddg/iterations/20260908T110201.448043-ec2-initial-workers-4/result.json
20260908T110201.448043-ec2-initial-workers-4,4,Raspberry Pi 5,,1825,,,,"Compute-only golden pairs, includes pair encoding and DP, excludes IO/startup",kernel_compute,True,rust-kernel,2,1.825697467,0,benchmarks/ddg/iterations/20260908T110201.448043-ec2-initial-workers-4/result.json
20260908T110207.215066-ec2-initial-workers-8,8,Raspberry Pi 5,,1825,,,,"Compute-only golden pairs, includes pair encoding and DP, excludes IO/startup",kernel_compute,True,rust-kernel,0,1.4659978439999999,0,benchmarks/ddg/iterations/20260908T110207.215066-ec2-initial-workers-8/result.json
20260908T110207.215066-ec2-initial-workers-8,8,Raspberry Pi 5,,1825,,,,"Compute-only golden pairs, includes pair encoding and DP, excludes IO/startup",kernel_compute,True,rust-kernel,1,1.4715622289999999,0,benchmarks/ddg/iterations/20260908T110207.215066-ec2-initial-workers-8/result.json
20260908T110207.215066-ec2-initial-workers-8,8,Raspberry Pi 5,,1825,,,,"Compute-only golden pairs, includes pair encoding and DP, excludes IO/startup",kernel_compute,True,rust-kernel,2,1.508144459,0,benchmarks/ddg/iterations/20260908T110207.215066-ec2-initial-workers-8/result.json
20260908T111931.612056-ec2-avx2-real-vs-scalar,1,ec2-c7i.2xlarge-x86_64,,28222,,,,"Compute-only golden pairs, includes pair encoding and DP, excludes IO/startup",kernel_compute,True,rust-kernel,0,2.7206243199999998,0,benchmarks/ddg/iterations/20260908T111931.612056-ec2-avx2-real-vs-scalar/result.json
20260908T111931.612056-ec2-avx2-real-vs-scalar,1,ec2-c7i.2xlarge-x86_64,,28222,,,,"Compute-only golden pairs, includes pair encoding and DP, excludes IO/startup",kernel_compute,True,native-baseline,0,1.751659524,0,benchmarks/ddg/iterations/20260908T111931.612056-ec2-avx2-real-vs-scalar/result.json
20260908T111931.612056-ec2-avx2-real-vs-scalar,1,ec2-c7i.2xlarge-x86_64,,28222,,,,"Compute-only golden pairs, includes pair encoding and DP, excludes IO/startup",kernel_compute,True,native-baseline,1,1.789996175,0,benchmarks/ddg/iterations/20260908T111931.612056-ec2-avx2-real-vs-scalar/result.json
20260908T111931.612056-ec2-avx2-real-vs-scalar,1,ec2-c7i.2xlarge-x86_64,,28222,,,,"Compute-only golden pairs, includes pair encoding and DP, excludes IO/startup",kernel_compute,True,rust-kernel,1,2.722368416,0,benchmarks/ddg/iterations/20260908T111931.612056-ec2-avx2-real-vs-scalar/result.json
20260908T111931.612056-ec2-avx2-real-vs-scalar,1,ec2-c7i.2xlarge-x86_64,,28222,,,,"Compute-only golden pairs, includes pair encoding and DP, excludes IO/startup",kernel_compute,True,rust-kernel,2,2.7202082,0,benchmarks/ddg/iterations/20260908T111931.612056-ec2-avx2-real-vs-scalar/result.json
20260908T111931.612056-ec2-avx2-real-vs-scalar,1,ec2-c7i.2xlarge-x86_64,,28222,,,,"Compute-only golden pairs, includes pair encoding and DP, excludes IO/startup",kernel_compute,True,native-baseline,2,1.751611929,0,benchmarks/ddg/iterations/20260908T111931.612056-ec2-avx2-real-vs-scalar/result.json
20260908T112312.660670-ec2-avx2-gather-real-vs-scalar,1,ec2-c7i.2xlarge-x86_64,,28222,,,,"Compute-only golden pairs, includes pair encoding and DP, excludes IO/startup",kernel_compute,True,rust-kernel,0,0.433501652,0,benchmarks/ddg/iterations/20260908T112312.660670-ec2-avx2-gather-real-vs-scalar/result.json
20260908T112312.660670-ec2-avx2-gather-real-vs-scalar,1,ec2-c7i.2xlarge-x86_64,,28222,,,,"Compute-only golden pairs, includes pair encoding and DP, excludes IO/startup",kernel_compute,True,native-baseline,0,1.781958419,0,benchmarks/ddg/iterations/20260908T112312.660670-ec2-avx2-gather-real-vs-scalar/result.json
20260908T112312.660670-ec2-avx2-gather-real-vs-scalar,1,ec2-c7i.2xlarge-x86_64,,28222,,,,"Compute-only golden pairs, includes pair encoding and DP, excludes IO/startup",kernel_compute,True,native-baseline,1,1.776482358,0,benchmarks/ddg/iterations/20260908T112312.660670-ec2-avx2-gather-real-vs-scalar/result.json
20260908T112312.660670-ec2-avx2-gather-real-vs-scalar,1,ec2-c7i.2xlarge-x86_64,,28222,,,,"Compute-only golden pairs, includes pair encoding and DP, excludes IO/startup",kernel_compute,True,rust-kernel,1,0.434402958,0,benchmarks/ddg/iterations/20260908T112312.660670-ec2-avx2-gather-real-vs-scalar/result.json
20260908T112312.660670-ec2-avx2-gather-real-vs-scalar,1,ec2-c7i.2xlarge-x86_64,,28222,,,,"Compute-only golden pairs, includes pair encoding and DP, excludes IO/startup",kernel_compute,True,rust-kernel,2,0.433493311,0,benchmarks/ddg/iterations/20260908T112312.660670-ec2-avx2-gather-real-vs-scalar/result.json
20260908T112312.660670-ec2-avx2-gather-real-vs-scalar,1,ec2-c7i.2xlarge-x86_64,,28222,,,,"Compute-only golden pairs, includes pair encoding and DP, excludes IO/startup",kernel_compute,True,native-baseline,2,1.766487648,0,benchmarks/ddg/iterations/20260908T112312.660670-ec2-avx2-gather-real-vs-scalar/result.json
20260908T112415.853057-ec2-avx2-vienna-library-workers-1,1,ec2-c7i.2xlarge-x86_64,,28222,,,,"Compute-only golden pairs, includes pair encoding and DP, excludes IO/startup",kernel_compute,True,rust-kernel,0,0.445855042,0,benchmarks/ddg/iterations/20260908T112415.853057-ec2-avx2-vienna-library-workers-1/result.json
20260908T112415.853057-ec2-avx2-vienna-library-workers-1,1,ec2-c7i.2xlarge-x86_64,,28222,,,,"Compute-only golden pairs, includes pair encoding and DP, excludes IO/startup",kernel_compute,True,vienna-library,0,8.433567294,0,benchmarks/ddg/iterations/20260908T112415.853057-ec2-avx2-vienna-library-workers-1/result.json
20260908T112415.853057-ec2-avx2-vienna-library-workers-1,1,ec2-c7i.2xlarge-x86_64,,28222,,,,"Compute-only golden pairs, includes pair encoding and DP, excludes IO/startup",kernel_compute,True,vienna-library,1,8.499077324,0,benchmarks/ddg/iterations/20260908T112415.853057-ec2-avx2-vienna-library-workers-1/result.json
20260908T112415.853057-ec2-avx2-vienna-library-workers-1,1,ec2-c7i.2xlarge-x86_64,,28222,,,,"Compute-only golden pairs, includes pair encoding and DP, excludes IO/startup",kernel_compute,True,rust-kernel,1,0.433230232,0,benchmarks/ddg/iterations/20260908T112415.853057-ec2-avx2-vienna-library-workers-1/result.json
20260908T112415.853057-ec2-avx2-vienna-library-workers-1,1,ec2-c7i.2xlarge-x86_64,,28222,,,,"Compute-only golden pairs, includes pair encoding and DP, excludes IO/startup",kernel_compute,True,rust-kernel,2,0.445879794,0,benchmarks/ddg/iterations/20260908T112415.853057-ec2-avx2-vienna-library-workers-1/result.json
20260908T112415.853057-ec2-avx2-vienna-library-workers-1,1,ec2-c7i.2xlarge-x86_64,,28222,,,,"Compute-only golden pairs, includes pair encoding and DP, excludes IO/startup",kernel_compute,True,vienna-library,2,8.432871995,0,benchmarks/ddg/iterations/20260908T112415.853057-ec2-avx2-vienna-library-workers-1/result.json
20260908T112453.319550-ec2-avx2-vienna-library-workers-2,2,ec2-c7i.2xlarge-x86_64,,28222,,,,"Compute-only golden pairs, includes pair encoding and DP, excludes IO/startup",kernel_compute,True,rust-kernel,0,0.22180462,0,benchmarks/ddg/iterations/20260908T112453.319550-ec2-avx2-vienna-library-workers-2/result.json
20260908T112453.319550-ec2-avx2-vienna-library-workers-2,2,ec2-c7i.2xlarge-x86_64,,28222,,,,"Compute-only golden pairs, includes pair encoding and DP, excludes IO/startup",kernel_compute,True,vienna-library,0,4.59067898,0,benchmarks/ddg/iterations/20260908T112453.319550-ec2-avx2-vienna-library-workers-2/result.json
20260908T112453.319550-ec2-avx2-vienna-library-workers-2,2,ec2-c7i.2xlarge-x86_64,,28222,,,,"Compute-only golden pairs, includes pair encoding and DP, excludes IO/startup",kernel_compute,True,vienna-library,1,4.568750724,0,benchmarks/ddg/iterations/20260908T112453.319550-ec2-avx2-vienna-library-workers-2/result.json
20260908T112453.319550-ec2-avx2-vienna-library-workers-2,2,ec2-c7i.2xlarge-x86_64,,28222,,,,"Compute-only golden pairs, includes pair encoding and DP, excludes IO/startup",kernel_compute,True,rust-kernel,1,0.221899746,0,benchmarks/ddg/iterations/20260908T112453.319550-ec2-avx2-vienna-library-workers-2/result.json
20260908T112453.319550-ec2-avx2-vienna-library-workers-2,2,ec2-c7i.2xlarge-x86_64,,28222,,,,"Compute-only golden pairs, includes pair encoding and DP, excludes IO/startup",kernel_compute,True,rust-kernel,2,0.228068328,0,benchmarks/ddg/iterations/20260908T112453.319550-ec2-avx2-vienna-library-workers-2/result.json
20260908T112453.319550-ec2-avx2-vienna-library-workers-2,2,ec2-c7i.2xlarge-x86_64,,28222,,,,"Compute-only golden pairs, includes pair encoding and DP, excludes IO/startup",kernel_compute,True,vienna-library,2,4.588350129,0,benchmarks/ddg/iterations/20260908T112453.319550-ec2-avx2-vienna-library-workers-2/result.json
20260908T112514.700132-ec2-avx2-vienna-library-workers-4,4,ec2-c7i.2xlarge-x86_64,,28222,,,,"Compute-only golden pairs, includes pair encoding and DP, excludes IO/startup",kernel_compute,True,rust-kernel,0,0.116695576,0,benchmarks/ddg/iterations/20260908T112514.700132-ec2-avx2-vienna-library-workers-4/result.json
20260908T112514.700132-ec2-avx2-vienna-library-workers-4,4,ec2-c7i.2xlarge-x86_64,,28222,,,,"Compute-only golden pairs, includes pair encoding and DP, excludes IO/startup",kernel_compute,True,vienna-library,0,2.303414389,0,benchmarks/ddg/iterations/20260908T112514.700132-ec2-avx2-vienna-library-workers-4/result.json
20260908T112514.700132-ec2-avx2-vienna-library-workers-4,4,ec2-c7i.2xlarge-x86_64,,28222,,,,"Compute-only golden pairs, includes pair encoding and DP, excludes IO/startup",kernel_compute,True,vienna-library,1,2.303818287,0,benchmarks/ddg/iterations/20260908T112514.700132-ec2-avx2-vienna-library-workers-4/result.json
20260908T112514.700132-ec2-avx2-vienna-library-workers-4,4,ec2-c7i.2xlarge-x86_64,,28222,,,,"Compute-only golden pairs, includes pair encoding and DP, excludes IO/startup",kernel_compute,True,rust-kernel,1,0.116749921,0,benchmarks/ddg/iterations/20260908T112514.700132-ec2-avx2-vienna-library-workers-4/result.json
20260908T112514.700132-ec2-avx2-vienna-library-workers-4,4,ec2-c7i.2xlarge-x86_64,,28222,,,,"Compute-only golden pairs, includes pair encoding and DP, excludes IO/startup",kernel_compute,True,rust-kernel,2,0.11377266,0,benchmarks/ddg/iterations/20260908T112514.700132-ec2-avx2-vienna-library-workers-4/result.json
20260908T112514.700132-ec2-avx2-vienna-library-workers-4,4,ec2-c7i.2xlarge-x86_64,,28222,,,,"Compute-only golden pairs, includes pair encoding and DP, excludes IO/startup",kernel_compute,True,vienna-library,2,2.317689844,0,benchmarks/ddg/iterations/20260908T112514.700132-ec2-avx2-vienna-library-workers-4/result.json
20260908T112526.603468-ec2-avx2-vienna-library-workers-8,8,ec2-c7i.2xlarge-x86_64,,28222,,,,"Compute-only golden pairs, includes pair encoding and DP, excludes IO/startup",kernel_compute,True,rust-kernel,0,0.097831889,0,benchmarks/ddg/iterations/20260908T112526.603468-ec2-avx2-vienna-library-workers-8/result.json
20260908T112526.603468-ec2-avx2-vienna-library-workers-8,8,ec2-c7i.2xlarge-x86_64,,28222,,,,"Compute-only golden pairs, includes pair encoding and DP, excludes IO/startup",kernel_compute,True,vienna-library,0,1.965630164,0,benchmarks/ddg/iterations/20260908T112526.603468-ec2-avx2-vienna-library-workers-8/result.json
20260908T112526.603468-ec2-avx2-vienna-library-workers-8,8,ec2-c7i.2xlarge-x86_64,,28222,,,,"Compute-only golden pairs, includes pair encoding and DP, excludes IO/startup",kernel_compute,True,vienna-library,1,1.992326005,0,benchmarks/ddg/iterations/20260908T112526.603468-ec2-avx2-vienna-library-workers-8/result.json
20260908T112526.603468-ec2-avx2-vienna-library-workers-8,8,ec2-c7i.2xlarge-x86_64,,28222,,,,"Compute-only golden pairs, includes pair encoding and DP, excludes IO/startup",kernel_compute,True,rust-kernel,1,0.098444299,0,benchmarks/ddg/iterations/20260908T112526.603468-ec2-avx2-vienna-library-workers-8/result.json
20260908T112526.603468-ec2-avx2-vienna-library-workers-8,8,ec2-c7i.2xlarge-x86_64,,28222,,,,"Compute-only golden pairs, includes pair encoding and DP, excludes IO/startup",kernel_compute,True,rust-kernel,2,0.098508363,0,benchmarks/ddg/iterations/20260908T112526.603468-ec2-avx2-vienna-library-workers-8/result.json
20260908T112526.603468-ec2-avx2-vienna-library-workers-8,8,ec2-c7i.2xlarge-x86_64,,28222,,,,"Compute-only golden pairs, includes pair encoding and DP, excludes IO/startup",kernel_compute,True,vienna-library,2,2.049691577,0,benchmarks/ddg/iterations/20260908T112526.603468-ec2-avx2-vienna-library-workers-8/result.json
20260908T113801.828561-ec2-auto-avx512-vs-avx2-workers-1,1,ec2-c7i.2xlarge-x86_64,,28222,,,,"Compute-only golden pairs, includes pair encoding and DP, excludes IO/startup",kernel_compute,True,rust-kernel,0,1.015974054,0,benchmarks/ddg/iterations/20260908T113801.828561-ec2-auto-avx512-vs-avx2-workers-1/result.json
20260908T113801.828561-ec2-auto-avx512-vs-avx2-workers-1,1,ec2-c7i.2xlarge-x86_64,,28222,,,,"Compute-only golden pairs, includes pair encoding and DP, excludes IO/startup",kernel_compute,True,native-baseline,0,1.43764154,0,benchmarks/ddg/iterations/20260908T113801.828561-ec2-auto-avx512-vs-avx2-workers-1/result.json
20260908T113801.828561-ec2-auto-avx512-vs-avx2-workers-1,1,ec2-c7i.2xlarge-x86_64,,28222,,,,"Compute-only golden pairs, includes pair encoding and DP, excludes IO/startup",kernel_compute,True,native-baseline,1,1.435788934,0,benchmarks/ddg/iterations/20260908T113801.828561-ec2-auto-avx512-vs-avx2-workers-1/result.json
20260908T113801.828561-ec2-auto-avx512-vs-avx2-workers-1,1,ec2-c7i.2xlarge-x86_64,,28222,,,,"Compute-only golden pairs, includes pair encoding and DP, excludes IO/startup",kernel_compute,True,rust-kernel,1,1.014456307,0,benchmarks/ddg/iterations/20260908T113801.828561-ec2-auto-avx512-vs-avx2-workers-1/result.json
20260908T113801.828561-ec2-auto-avx512-vs-avx2-workers-1,1,ec2-c7i.2xlarge-x86_64,,28222,,,,"Compute-only golden pairs, includes pair encoding and DP, excludes IO/startup",kernel_compute,True,rust-kernel,2,1.016869644,0,benchmarks/ddg/iterations/20260908T113801.828561-ec2-auto-avx512-vs-avx2-workers-1/result.json
20260908T113801.828561-ec2-auto-avx512-vs-avx2-workers-1,1,ec2-c7i.2xlarge-x86_64,,28222,,,,"Compute-only golden pairs, includes pair encoding and DP, excludes IO/startup",kernel_compute,True,native-baseline,2,1.427669667,0,benchmarks/ddg/iterations/20260908T113801.828561-ec2-auto-avx512-vs-avx2-workers-1/result.json
20260908T113813.580392-ec2-auto-avx512-vs-avx2-workers-8,8,ec2-c7i.2xlarge-x86_64,,28222,,,,"Compute-only golden pairs, includes pair encoding and DP, excludes IO/startup",kernel_compute,True,rust-kernel,0,0.228711952,0,benchmarks/ddg/iterations/20260908T113813.580392-ec2-auto-avx512-vs-avx2-workers-8/result.json
20260908T113813.580392-ec2-auto-avx512-vs-avx2-workers-8,8,ec2-c7i.2xlarge-x86_64,,28222,,,,"Compute-only golden pairs, includes pair encoding and DP, excludes IO/startup",kernel_compute,True,native-baseline,0,0.323967474,0,benchmarks/ddg/iterations/20260908T113813.580392-ec2-auto-avx512-vs-avx2-workers-8/result.json
20260908T113813.580392-ec2-auto-avx512-vs-avx2-workers-8,8,ec2-c7i.2xlarge-x86_64,,28222,,,,"Compute-only golden pairs, includes pair encoding and DP, excludes IO/startup",kernel_compute,True,native-baseline,1,0.322647506,0,benchmarks/ddg/iterations/20260908T113813.580392-ec2-auto-avx512-vs-avx2-workers-8/result.json
20260908T113813.580392-ec2-auto-avx512-vs-avx2-workers-8,8,ec2-c7i.2xlarge-x86_64,,28222,,,,"Compute-only golden pairs, includes pair encoding and DP, excludes IO/startup",kernel_compute,True,rust-kernel,1,0.230015679,0,benchmarks/ddg/iterations/20260908T113813.580392-ec2-auto-avx512-vs-avx2-workers-8/result.json
20260908T113813.580392-ec2-auto-avx512-vs-avx2-workers-8,8,ec2-c7i.2xlarge-x86_64,,28222,,,,"Compute-only golden pairs, includes pair encoding and DP, excludes IO/startup",kernel_compute,True,rust-kernel,2,0.230473607,0,benchmarks/ddg/iterations/20260908T113813.580392-ec2-auto-avx512-vs-avx2-workers-8/result.json
20260908T113813.580392-ec2-auto-avx512-vs-avx2-workers-8,8,ec2-c7i.2xlarge-x86_64,,28222,,,,"Compute-only golden pairs, includes pair encoding and DP, excludes IO/startup",kernel_compute,True,native-baseline,2,0.321572516,0,benchmarks/ddg/iterations/20260908T113813.580392-ec2-auto-avx512-vs-avx2-workers-8/result.json
20260908T114335.266528-ec2-prefix-unique-vs-scalar,1,ec2-c7i.2xlarge-x86_64,,20543,,,,"Compute-only golden pairs, includes pair encoding and DP, excludes IO/startup",kernel_compute,True,rust-kernel,0,0.709849419,0,benchmarks/ddg/iterations/20260908T114335.266528-ec2-prefix-unique-vs-scalar/result.json
20260908T114335.266528-ec2-prefix-unique-vs-scalar,1,ec2-c7i.2xlarge-x86_64,,20543,,,,"Compute-only golden pairs, includes pair encoding and DP, excludes IO/startup",kernel_compute,True,native-baseline,0,1.309714166,0,benchmarks/ddg/iterations/20260908T114335.266528-ec2-prefix-unique-vs-scalar/result.json
20260908T114335.266528-ec2-prefix-unique-vs-scalar,1,ec2-c7i.2xlarge-x86_64,,20543,,,,"Compute-only golden pairs, includes pair encoding and DP, excludes IO/startup",kernel_compute,True,native-baseline,1,1.31078548,0,benchmarks/ddg/iterations/20260908T114335.266528-ec2-prefix-unique-vs-scalar/result.json
20260908T114335.266528-ec2-prefix-unique-vs-scalar,1,ec2-c7i.2xlarge-x86_64,,20543,,,,"Compute-only golden pairs, includes pair encoding and DP, excludes IO/startup",kernel_compute,True,rust-kernel,1,0.711113569,0,benchmarks/ddg/iterations/20260908T114335.266528-ec2-prefix-unique-vs-scalar/result.json
20260908T114335.266528-ec2-prefix-unique-vs-scalar,1,ec2-c7i.2xlarge-x86_64,,20543,,,,"Compute-only golden pairs, includes pair encoding and DP, excludes IO/startup",kernel_compute,True,rust-kernel,2,0.71100073,0,benchmarks/ddg/iterations/20260908T114335.266528-ec2-prefix-unique-vs-scalar/result.json
20260908T114335.266528-ec2-prefix-unique-vs-scalar,1,ec2-c7i.2xlarge-x86_64,,20543,,,,"Compute-only golden pairs, includes pair encoding and DP, excludes IO/startup",kernel_compute,True,native-baseline,2,1.318989798,0,benchmarks/ddg/iterations/20260908T114335.266528-ec2-prefix-unique-vs-scalar/result.json
20260908T114929.744186-ec2-shared-avx512-unique,1,ec2-c7i.2xlarge-x86_64,,20543,,,,"Compute-only golden pairs, includes pair encoding and DP, excludes IO/startup",kernel_compute,True,rust-kernel,0,0.83240294,0,benchmarks/ddg/iterations/20260908T114929.744186-ec2-shared-avx512-unique/result.json
20260908T114929.744186-ec2-shared-avx512-unique,1,ec2-c7i.2xlarge-x86_64,,20543,,,,"Compute-only golden pairs, includes pair encoding and DP, excludes IO/startup",kernel_compute,True,native-baseline,0,0.803582854,0,benchmarks/ddg/iterations/20260908T114929.744186-ec2-shared-avx512-unique/result.json
20260908T114929.744186-ec2-shared-avx512-unique,1,ec2-c7i.2xlarge-x86_64,,20543,,,,"Compute-only golden pairs, includes pair encoding and DP, excludes IO/startup",kernel_compute,True,native-baseline,1,0.803487193,0,benchmarks/ddg/iterations/20260908T114929.744186-ec2-shared-avx512-unique/result.json
20260908T114929.744186-ec2-shared-avx512-unique,1,ec2-c7i.2xlarge-x86_64,,20543,,,,"Compute-only golden pairs, includes pair encoding and DP, excludes IO/startup",kernel_compute,True,rust-kernel,1,0.830593588,0,benchmarks/ddg/iterations/20260908T114929.744186-ec2-shared-avx512-unique/result.json
20260908T114929.744186-ec2-shared-avx512-unique,1,ec2-c7i.2xlarge-x86_64,,20543,,,,"Compute-only golden pairs, includes pair encoding and DP, excludes IO/startup",kernel_compute,True,rust-kernel,2,0.835966059,0,benchmarks/ddg/iterations/20260908T114929.744186-ec2-shared-avx512-unique/result.json
20260908T114929.744186-ec2-shared-avx512-unique,1,ec2-c7i.2xlarge-x86_64,,20543,,,,"Compute-only golden pairs, includes pair encoding and DP, excludes IO/startup",kernel_compute,True,native-baseline,2,0.805084245,0,benchmarks/ddg/iterations/20260908T114929.744186-ec2-shared-avx512-unique/result.json
20260908T115815.908861-ec2-minplus-avx512-unique,1,EC2 c7i.2xlarge Xeon 8488C 4 cores 8 threads,,20543,,,,"Compute-only golden pairs, includes pair encoding and DP, excludes IO/startup",kernel_compute,True,rust-kernel,0,1.245628897,0,benchmarks/ddg/iterations/20260908T115815.908861-ec2-minplus-avx512-unique/result.json
20260908T115815.908861-ec2-minplus-avx512-unique,1,EC2 c7i.2xlarge Xeon 8488C 4 cores 8 threads,,20543,,,,"Compute-only golden pairs, includes pair encoding and DP, excludes IO/startup",kernel_compute,True,native-baseline,0,0.818167147,0,benchmarks/ddg/iterations/20260908T115815.908861-ec2-minplus-avx512-unique/result.json
20260908T115815.908861-ec2-minplus-avx512-unique,1,EC2 c7i.2xlarge Xeon 8488C 4 cores 8 threads,,20543,,,,"Compute-only golden pairs, includes pair encoding and DP, excludes IO/startup",kernel_compute,True,native-baseline,1,0.817810945,0,benchmarks/ddg/iterations/20260908T115815.908861-ec2-minplus-avx512-unique/result.json
20260908T115815.908861-ec2-minplus-avx512-unique,1,EC2 c7i.2xlarge Xeon 8488C 4 cores 8 threads,,20543,,,,"Compute-only golden pairs, includes pair encoding and DP, excludes IO/startup",kernel_compute,True,rust-kernel,1,1.245087668,0,benchmarks/ddg/iterations/20260908T115815.908861-ec2-minplus-avx512-unique/result.json
20260908T115815.908861-ec2-minplus-avx512-unique,1,EC2 c7i.2xlarge Xeon 8488C 4 cores 8 threads,,20543,,,,"Compute-only golden pairs, includes pair encoding and DP, excludes IO/startup",kernel_compute,True,rust-kernel,2,1.249520512,0,benchmarks/ddg/iterations/20260908T115815.908861-ec2-minplus-avx512-unique/result.json
20260908T115815.908861-ec2-minplus-avx512-unique,1,EC2 c7i.2xlarge Xeon 8488C 4 cores 8 threads,,20543,,,,"Compute-only golden pairs, includes pair encoding and DP, excludes IO/startup",kernel_compute,True,native-baseline,2,0.817627078,0,benchmarks/ddg/iterations/20260908T115815.908861-ec2-minplus-avx512-unique/result.json
20260908T115853.730209-ec2-auto-avx512-vienna-library-workers-8,8,EC2 c7i.2xlarge Xeon 8488C 4 cores 8 threads,,28222,,,,"Compute-only golden pairs, includes pair encoding and DP, excludes IO/startup",kernel_compute,True,rust-kernel,0,0.071854887,0,benchmarks/ddg/iterations/20260908T115853.730209-ec2-auto-avx512-vienna-library-workers-8/result.json
20260908T115853.730209-ec2-auto-avx512-vienna-library-workers-8,8,EC2 c7i.2xlarge Xeon 8488C 4 cores 8 threads,,28222,,,,"Compute-only golden pairs, includes pair encoding and DP, excludes IO/startup",kernel_compute,True,vienna-library,0,2.069124339,0,benchmarks/ddg/iterations/20260908T115853.730209-ec2-auto-avx512-vienna-library-workers-8/result.json
20260908T115853.730209-ec2-auto-avx512-vienna-library-workers-8,8,EC2 c7i.2xlarge Xeon 8488C 4 cores 8 threads,,28222,,,,"Compute-only golden pairs, includes pair encoding and DP, excludes IO/startup",kernel_compute,True,vienna-library,1,1.993474811,0,benchmarks/ddg/iterations/20260908T115853.730209-ec2-auto-avx512-vienna-library-workers-8/result.json
20260908T115853.730209-ec2-auto-avx512-vienna-library-workers-8,8,EC2 c7i.2xlarge Xeon 8488C 4 cores 8 threads,,28222,,,,"Compute-only golden pairs, includes pair encoding and DP, excludes IO/startup",kernel_compute,True,rust-kernel,1,0.071809909,0,benchmarks/ddg/iterations/20260908T115853.730209-ec2-auto-avx512-vienna-library-workers-8/result.json
20260908T115853.730209-ec2-auto-avx512-vienna-library-workers-8,8,EC2 c7i.2xlarge Xeon 8488C 4 cores 8 threads,,28222,,,,"Compute-only golden pairs, includes pair encoding and DP, excludes IO/startup",kernel_compute,True,rust-kernel,2,0.071501918,0,benchmarks/ddg/iterations/20260908T115853.730209-ec2-auto-avx512-vienna-library-workers-8/result.json
20260908T115853.730209-ec2-auto-avx512-vienna-library-workers-8,8,EC2 c7i.2xlarge Xeon 8488C 4 cores 8 threads,,28222,,,,"Compute-only golden pairs, includes pair encoding and DP, excludes IO/startup",kernel_compute,True,vienna-library,2,2.020380694,0,benchmarks/ddg/iterations/20260908T115853.730209-ec2-auto-avx512-vienna-library-workers-8/result.json
20260908T120440.575550-real-site-annotation,8,EC2 c7i.2xlarge Xeon 8488C 4 cores 8 threads,100000,,273825,0,0,Complete real SCN2A/SCN1A site annotation; same files and all report rows,whole_process,True,vienna-baseline,0,12.080943689999998,0,benchmarks/ddg/iterations/20260908T120440.575550-real-site-annotation/result.json
20260908T120440.575550-real-site-annotation,8,EC2 c7i.2xlarge Xeon 8488C 4 cores 8 threads,100000,,273825,296647,238481,Complete real SCN2A/SCN1A site annotation; same files and all report rows,whole_process,True,ooff,0,2.2386593049999988,0,benchmarks/ddg/iterations/20260908T120440.575550-real-site-annotation/result.json
20260908T120440.575550-real-site-annotation,8,EC2 c7i.2xlarge Xeon 8488C 4 cores 8 threads,100000,,273825,296647,238481,Complete real SCN2A/SCN1A site annotation; same files and all report rows,whole_process,True,ooff,1,2.251184340000009,0,benchmarks/ddg/iterations/20260908T120440.575550-real-site-annotation/result.json
20260908T120440.575550-real-site-annotation,8,EC2 c7i.2xlarge Xeon 8488C 4 cores 8 threads,100000,,273825,0,0,Complete real SCN2A/SCN1A site annotation; same files and all report rows,whole_process,True,vienna-baseline,1,12.075393130999998,0,benchmarks/ddg/iterations/20260908T120440.575550-real-site-annotation/result.json
20260908T120440.575550-real-site-annotation,8,EC2 c7i.2xlarge Xeon 8488C 4 cores 8 threads,100000,,273825,0,0,Complete real SCN2A/SCN1A site annotation; same files and all report rows,whole_process,True,vienna-baseline,2,12.047092792,0,benchmarks/ddg/iterations/20260908T120440.575550-real-site-annotation/result.json
20260908T120440.575550-real-site-annotation,8,EC2 c7i.2xlarge Xeon 8488C 4 cores 8 threads,100000,,273825,296647,238481,Complete real SCN2A/SCN1A site annotation; same files and all report rows,whole_process,True,ooff,2,2.336835148000006,0,benchmarks/ddg/iterations/20260908T120440.575550-real-site-annotation/result.json
20260908T121058.529664-real-site-annotation,8,EC2 c7i.2xlarge Xeon 8488C 4 cores 8 threads,100000,,273825,0,0,Complete real SCN2A/SCN1A site annotation; same files and all report rows,whole_process,True,vienna-baseline,0,9.98735267799998,0,benchmarks/ddg/iterations/20260908T121058.529664-real-site-annotation/result.json
20260908T121058.529664-real-site-annotation,8,EC2 c7i.2xlarge Xeon 8488C 4 cores 8 threads,100000,,273825,296647,238481,Complete real SCN2A/SCN1A site annotation; same files and all report rows,whole_process,True,ooff,0,1.2792937620000089,0,benchmarks/ddg/iterations/20260908T121058.529664-real-site-annotation/result.json
20260908T121058.529664-real-site-annotation,8,EC2 c7i.2xlarge Xeon 8488C 4 cores 8 threads,100000,,273825,296647,238481,Complete real SCN2A/SCN1A site annotation; same files and all report rows,whole_process,True,ooff,1,1.3162287679999736,0,benchmarks/ddg/iterations/20260908T121058.529664-real-site-annotation/result.json
20260908T121058.529664-real-site-annotation,8,EC2 c7i.2xlarge Xeon 8488C 4 cores 8 threads,100000,,273825,0,0,Complete real SCN2A/SCN1A site annotation; same files and all report rows,whole_process,True,vienna-baseline,1,10.06564410599998,0,benchmarks/ddg/iterations/20260908T121058.529664-real-site-annotation/result.json
20260908T121058.529664-real-site-annotation,8,EC2 c7i.2xlarge Xeon 8488C 4 cores 8 threads,100000,,273825,0,0,Complete real SCN2A/SCN1A site annotation; same files and all report rows,whole_process,True,vienna-baseline,2,10.052383910000003,0,benchmarks/ddg/iterations/20260908T121058.529664-real-site-annotation/result.json
20260908T121058.529664-real-site-annotation,8,EC2 c7i.2xlarge Xeon 8488C 4 cores 8 threads,100000,,273825,296647,238481,Complete real SCN2A/SCN1A site annotation; same files and all report rows,whole_process,True,ooff,2,1.3356838520000451,0,benchmarks/ddg/iterations/20260908T121058.529664-real-site-annotation/result.json
20260908T121257.055425-real-site-annotation,8,EC2 c7i.2xlarge Xeon 8488C 4 cores 8 threads,100000,,273825,0,0,Complete real SCN2A/SCN1A site annotation; same files and all report rows,whole_process,True,vienna-baseline,0,10.063573511000072,0,benchmarks/ddg/iterations/20260908T121257.055425-real-site-annotation/result.json
20260908T121257.055425-real-site-annotation,8,EC2 c7i.2xlarge Xeon 8488C 4 cores 8 threads,100000,,273825,296647,238481,Complete real SCN2A/SCN1A site annotation; same files and all report rows,whole_process,True,ooff,0,1.1551162179999892,0,benchmarks/ddg/iterations/20260908T121257.055425-real-site-annotation/result.json
20260908T121257.055425-real-site-annotation,8,EC2 c7i.2xlarge Xeon 8488C 4 cores 8 threads,100000,,273825,296647,238481,Complete real SCN2A/SCN1A site annotation; same files and all report rows,whole_process,True,ooff,1,1.1521093559999827,0,benchmarks/ddg/iterations/20260908T121257.055425-real-site-annotation/result.json
20260908T121257.055425-real-site-annotation,8,EC2 c7i.2xlarge Xeon 8488C 4 cores 8 threads,100000,,273825,0,0,Complete real SCN2A/SCN1A site annotation; same files and all report rows,whole_process,True,vienna-baseline,1,10.047489966000057,0,benchmarks/ddg/iterations/20260908T121257.055425-real-site-annotation/result.json
20260908T121257.055425-real-site-annotation,8,EC2 c7i.2xlarge Xeon 8488C 4 cores 8 threads,100000,,273825,0,0,Complete real SCN2A/SCN1A site annotation; same files and all report rows,whole_process,True,vienna-baseline,2,9.95061994599996,0,benchmarks/ddg/iterations/20260908T121257.055425-real-site-annotation/result.json
20260908T121257.055425-real-site-annotation,8,EC2 c7i.2xlarge Xeon 8488C 4 cores 8 threads,100000,,273825,296647,238481,Complete real SCN2A/SCN1A site annotation; same files and all report rows,whole_process,True,ooff,2,1.1932893939999758,0,benchmarks/ddg/iterations/20260908T121257.055425-real-site-annotation/result.json
20260908T121453.889560-real-site-annotation,8,EC2 c7i.2xlarge Xeon 8488C 4 cores 8 threads,100000,,273825,296647,238481,Complete real SCN2A/SCN1A site annotation; same files and all report rows,whole_process,True,rust-baseline,0,1.1702257630000759,0,benchmarks/ddg/iterations/20260908T121453.889560-real-site-annotation/result.json
20260908T121453.889560-real-site-annotation,8,EC2 c7i.2xlarge Xeon 8488C 4 cores 8 threads,100000,,273825,296647,238481,Complete real SCN2A/SCN1A site annotation; same files and all report rows,whole_process,True,ooff,0,1.1545632410000053,0,benchmarks/ddg/iterations/20260908T121453.889560-real-site-annotation/result.json
20260908T121453.889560-real-site-annotation,8,EC2 c7i.2xlarge Xeon 8488C 4 cores 8 threads,100000,,273825,296647,238481,Complete real SCN2A/SCN1A site annotation; same files and all report rows,whole_process,True,ooff,1,1.1852453700000751,0,benchmarks/ddg/iterations/20260908T121453.889560-real-site-annotation/result.json
20260908T121453.889560-real-site-annotation,8,EC2 c7i.2xlarge Xeon 8488C 4 cores 8 threads,100000,,273825,296647,238481,Complete real SCN2A/SCN1A site annotation; same files and all report rows,whole_process,True,rust-baseline,1,1.6489366910000172,0,benchmarks/ddg/iterations/20260908T121453.889560-real-site-annotation/result.json
20260908T121453.889560-real-site-annotation,8,EC2 c7i.2xlarge Xeon 8488C 4 cores 8 threads,100000,,273825,296647,238481,Complete real SCN2A/SCN1A site annotation; same files and all report rows,whole_process,True,rust-baseline,2,1.2510416139999734,0,benchmarks/ddg/iterations/20260908T121453.889560-real-site-annotation/result.json
20260908T121453.889560-real-site-annotation,8,EC2 c7i.2xlarge Xeon 8488C 4 cores 8 threads,100000,,273825,296647,238481,Complete real SCN2A/SCN1A site annotation; same files and all report rows,whole_process,True,ooff,2,4.268003915000008,0,benchmarks/ddg/iterations/20260908T121453.889560-real-site-annotation/result.json
20260908T121721.230384-real-site-annotation,8,EC2 c7i.2xlarge Xeon 8488C 4 cores 8 threads,100000,,273825,0,0,Complete real SCN2A/SCN1A site annotation; same files and all report rows,whole_process,True,vienna-baseline,0,9.983242988999905,0,benchmarks/ddg/iterations/20260908T121721.230384-real-site-annotation/result.json
20260908T121721.230384-real-site-annotation,8,EC2 c7i.2xlarge Xeon 8488C 4 cores 8 threads,100000,,273825,296647,238481,Complete real SCN2A/SCN1A site annotation; same files and all report rows,whole_process,True,ooff,0,1.118794477999927,0,benchmarks/ddg/iterations/20260908T121721.230384-real-site-annotation/result.json
20260908T121721.230384-real-site-annotation,8,EC2 c7i.2xlarge Xeon 8488C 4 cores 8 threads,100000,,273825,296647,238481,Complete real SCN2A/SCN1A site annotation; same files and all report rows,whole_process,True,ooff,1,1.0951202600000443,0,benchmarks/ddg/iterations/20260908T121721.230384-real-site-annotation/result.json
20260908T121721.230384-real-site-annotation,8,EC2 c7i.2xlarge Xeon 8488C 4 cores 8 threads,100000,,273825,0,0,Complete real SCN2A/SCN1A site annotation; same files and all report rows,whole_process,True,vienna-baseline,1,10.020492966000006,0,benchmarks/ddg/iterations/20260908T121721.230384-real-site-annotation/result.json
20260908T121721.230384-real-site-annotation,8,EC2 c7i.2xlarge Xeon 8488C 4 cores 8 threads,100000,,273825,0,0,Complete real SCN2A/SCN1A site annotation; same files and all report rows,whole_process,True,vienna-baseline,2,10.096412551999947,0,benchmarks/ddg/iterations/20260908T121721.230384-real-site-annotation/result.json
20260908T121721.230384-real-site-annotation,8,EC2 c7i.2xlarge Xeon 8488C 4 cores 8 threads,100000,,273825,296647,238481,Complete real SCN2A/SCN1A site annotation; same files and all report rows,whole_process,True,ooff,2,1.1206368019999218,0,benchmarks/ddg/iterations/20260908T121721.230384-real-site-annotation/result.json
20260908T122005.749442-real-site-annotation,8,EC2 c7i.2xlarge Xeon 8488C 4 cores 8 threads,100000,,273825,0,0,Complete real SCN2A/SCN1A site annotation; same files and all report rows,whole_process,True,vienna-baseline,0,9.818998790000023,0,benchmarks/ddg/iterations/20260908T122005.749442-real-site-annotation/result.json
20260908T122005.749442-real-site-annotation,8,EC2 c7i.2xlarge Xeon 8488C 4 cores 8 threads,100000,,273825,296647,238481,Complete real SCN2A/SCN1A site annotation; same files and all report rows,whole_process,True,ooff,0,1.0146836600001734,0,benchmarks/ddg/iterations/20260908T122005.749442-real-site-annotation/result.json
20260908T122005.749442-real-site-annotation,8,EC2 c7i.2xlarge Xeon 8488C 4 cores 8 threads,100000,,273825,296647,238481,Complete real SCN2A/SCN1A site annotation; same files and all report rows,whole_process,True,ooff,1,1.0261905280001429,0,benchmarks/ddg/iterations/20260908T122005.749442-real-site-annotation/result.json
20260908T122005.749442-real-site-annotation,8,EC2 c7i.2xlarge Xeon 8488C 4 cores 8 threads,100000,,273825,0,0,Complete real SCN2A/SCN1A site annotation; same files and all report rows,whole_process,True,vienna-baseline,1,9.82383043599998,0,benchmarks/ddg/iterations/20260908T122005.749442-real-site-annotation/result.json
20260908T122005.749442-real-site-annotation,8,EC2 c7i.2xlarge Xeon 8488C 4 cores 8 threads,100000,,273825,0,0,Complete real SCN2A/SCN1A site annotation; same files and all report rows,whole_process,True,vienna-baseline,2,9.75725685700013,0,benchmarks/ddg/iterations/20260908T122005.749442-real-site-annotation/result.json
20260908T122005.749442-real-site-annotation,8,EC2 c7i.2xlarge Xeon 8488C 4 cores 8 threads,100000,,273825,296647,238481,Complete real SCN2A/SCN1A site annotation; same files and all report rows,whole_process,True,ooff,2,1.0164813000001232,0,benchmarks/ddg/iterations/20260908T122005.749442-real-site-annotation/result.json
20260908T122228.749370-real-site-annotation,8,EC2 c7i.2xlarge Xeon 8488C 4 cores 8 threads,100000,,273825,0,0,Complete real SCN2A/SCN1A site annotation; same files and all report rows,whole_process,True,vienna-baseline,0,9.758840269999837,0,benchmarks/ddg/iterations/20260908T122228.749370-real-site-annotation/result.json
20260908T122228.749370-real-site-annotation,8,EC2 c7i.2xlarge Xeon 8488C 4 cores 8 threads,100000,,273825,296647,238481,Complete real SCN2A/SCN1A site annotation; same files and all report rows,whole_process,True,ooff,0,0.9877011389999097,0,benchmarks/ddg/iterations/20260908T122228.749370-real-site-annotation/result.json
20260908T122228.749370-real-site-annotation,8,EC2 c7i.2xlarge Xeon 8488C 4 cores 8 threads,100000,,273825,296647,238481,Complete real SCN2A/SCN1A site annotation; same files and all report rows,whole_process,True,ooff,1,1.0013001760000861,0,benchmarks/ddg/iterations/20260908T122228.749370-real-site-annotation/result.json
20260908T122228.749370-real-site-annotation,8,EC2 c7i.2xlarge Xeon 8488C 4 cores 8 threads,100000,,273825,0,0,Complete real SCN2A/SCN1A site annotation; same files and all report rows,whole_process,True,vienna-baseline,1,9.848851544999889,0,benchmarks/ddg/iterations/20260908T122228.749370-real-site-annotation/result.json
20260908T122228.749370-real-site-annotation,8,EC2 c7i.2xlarge Xeon 8488C 4 cores 8 threads,100000,,273825,0,0,Complete real SCN2A/SCN1A site annotation; same files and all report rows,whole_process,True,vienna-baseline,2,9.653971127999966,0,benchmarks/ddg/iterations/20260908T122228.749370-real-site-annotation/result.json
20260908T122228.749370-real-site-annotation,8,EC2 c7i.2xlarge Xeon 8488C 4 cores 8 threads,100000,,273825,296647,238481,Complete real SCN2A/SCN1A site annotation; same files and all report rows,whole_process,True,ooff,2,1.0122038699998939,0,benchmarks/ddg/iterations/20260908T122228.749370-real-site-annotation/result.json
20260908T122341.403813-real-site-annotation,4,EC2 c7i.2xlarge Xeon 8488C 4 cores 8 threads,100000,,273825,0,0,Complete real SCN2A/SCN1A site annotation; same files and all report rows,whole_process,True,vienna-baseline,0,11.76492685800008,0,benchmarks/ddg/iterations/20260908T122341.403813-real-site-annotation/result.json
20260908T122341.403813-real-site-annotation,4,EC2 c7i.2xlarge Xeon 8488C 4 cores 8 threads,100000,,273825,296647,238481,Complete real SCN2A/SCN1A site annotation; same files and all report rows,whole_process,True,ooff,0,1.10685568100007,0,benchmarks/ddg/iterations/20260908T122341.403813-real-site-annotation/result.json
20260908T122341.403813-real-site-annotation,4,EC2 c7i.2xlarge Xeon 8488C 4 cores 8 threads,100000,,273825,296647,238481,Complete real SCN2A/SCN1A site annotation; same files and all report rows,whole_process,True,ooff,1,1.1070613520000734,0,benchmarks/ddg/iterations/20260908T122341.403813-real-site-annotation/result.json
20260908T122341.403813-real-site-annotation,4,EC2 c7i.2xlarge Xeon 8488C 4 cores 8 threads,100000,,273825,0,0,Complete real SCN2A/SCN1A site annotation; same files and all report rows,whole_process,True,vienna-baseline,1,11.810769899999968,0,benchmarks/ddg/iterations/20260908T122341.403813-real-site-annotation/result.json
20260908T122341.403813-real-site-annotation,4,EC2 c7i.2xlarge Xeon 8488C 4 cores 8 threads,100000,,273825,0,0,Complete real SCN2A/SCN1A site annotation; same files and all report rows,whole_process,True,vienna-baseline,2,11.809776417999956,0,benchmarks/ddg/iterations/20260908T122341.403813-real-site-annotation/result.json
20260908T122341.403813-real-site-annotation,4,EC2 c7i.2xlarge Xeon 8488C 4 cores 8 threads,100000,,273825,296647,238481,Complete real SCN2A/SCN1A site annotation; same files and all report rows,whole_process,True,ooff,2,1.1061384440001802,0,benchmarks/ddg/iterations/20260908T122341.403813-real-site-annotation/result.json
20260908T122554.400775-real-site-annotation,8,EC2 c7i.2xlarge Xeon 8488C 4 cores 8 threads,100000,,273825,0,0,Complete real SCN2A/SCN1A site annotation; same files and all report rows,whole_process,True,vienna-baseline,0,9.784349653999925,0,benchmarks/ddg/iterations/20260908T122554.400775-real-site-annotation/result.json
20260908T122554.400775-real-site-annotation,8,EC2 c7i.2xlarge Xeon 8488C 4 cores 8 threads,100000,,273825,296647,238481,Complete real SCN2A/SCN1A site annotation; same files and all report rows,whole_process,True,ooff,0,1.0221001429999887,0,benchmarks/ddg/iterations/20260908T122554.400775-real-site-annotation/result.json
20260908T122554.400775-real-site-annotation,8,EC2 c7i.2xlarge Xeon 8488C 4 cores 8 threads,100000,,273825,296647,238481,Complete real SCN2A/SCN1A site annotation; same files and all report rows,whole_process,True,ooff,1,1.0208282860000963,0,benchmarks/ddg/iterations/20260908T122554.400775-real-site-annotation/result.json
20260908T122554.400775-real-site-annotation,8,EC2 c7i.2xlarge Xeon 8488C 4 cores 8 threads,100000,,273825,0,0,Complete real SCN2A/SCN1A site annotation; same files and all report rows,whole_process,True,vienna-baseline,1,9.998186524000175,0,benchmarks/ddg/iterations/20260908T122554.400775-real-site-annotation/result.json
20260908T122554.400775-real-site-annotation,8,EC2 c7i.2xlarge Xeon 8488C 4 cores 8 threads,100000,,273825,0,0,Complete real SCN2A/SCN1A site annotation; same files and all report rows,whole_process,True,vienna-baseline,2,9.72023921899995,0,benchmarks/ddg/iterations/20260908T122554.400775-real-site-annotation/result.json
20260908T122554.400775-real-site-annotation,8,EC2 c7i.2xlarge Xeon 8488C 4 cores 8 threads,100000,,273825,296647,238481,Complete real SCN2A/SCN1A site annotation; same files and all report rows,whole_process,True,ooff,2,1.0181687629999487,0,benchmarks/ddg/iterations/20260908T122554.400775-real-site-annotation/result.json
20260908T122707.290092-real-site-annotation,4,EC2 c7i.2xlarge Xeon 8488C 4 cores 8 threads,100000,,273825,0,0,Complete real SCN2A/SCN1A site annotation; same files and all report rows,whole_process,True,vienna-baseline,0,11.794865069000025,0,benchmarks/ddg/iterations/20260908T122707.290092-real-site-annotation/result.json
20260908T122707.290092-real-site-annotation,4,EC2 c7i.2xlarge Xeon 8488C 4 cores 8 threads,100000,,273825,296647,238481,Complete real SCN2A/SCN1A site annotation; same files and all report rows,whole_process,True,ooff,0,1.1129870690001553,0,benchmarks/ddg/iterations/20260908T122707.290092-real-site-annotation/result.json
20260908T122707.290092-real-site-annotation,4,EC2 c7i.2xlarge Xeon 8488C 4 cores 8 threads,100000,,273825,296647,238481,Complete real SCN2A/SCN1A site annotation; same files and all report rows,whole_process,True,ooff,1,1.1221414770000138,0,benchmarks/ddg/iterations/20260908T122707.290092-real-site-annotation/result.json
20260908T122707.290092-real-site-annotation,4,EC2 c7i.2xlarge Xeon 8488C 4 cores 8 threads,100000,,273825,0,0,Complete real SCN2A/SCN1A site annotation; same files and all report rows,whole_process,True,vienna-baseline,1,11.808636004999926,0,benchmarks/ddg/iterations/20260908T122707.290092-real-site-annotation/result.json
20260908T122707.290092-real-site-annotation,4,EC2 c7i.2xlarge Xeon 8488C 4 cores 8 threads,100000,,273825,0,0,Complete real SCN2A/SCN1A site annotation; same files and all report rows,whole_process,True,vienna-baseline,2,11.786202295999828,0,benchmarks/ddg/iterations/20260908T122707.290092-real-site-annotation/result.json
20260908T122707.290092-real-site-annotation,4,EC2 c7i.2xlarge Xeon 8488C 4 cores 8 threads,100000,,273825,296647,238481,Complete real SCN2A/SCN1A site annotation; same files and all report rows,whole_process,True,ooff,2,1.1164132040000823,0,benchmarks/ddg/iterations/20260908T122707.290092-real-site-annotation/result.json
20260908T1300-full-reference-sequence-reuse,1,EC2 c7i.2xlarge Xeon 8488C,1000,,45113535,,,Read-only exact sequence-reuse analysis; no energy speed comparison,sequence_reuse_census,False,reuse-census,0,32.570064285,0,benchmarks/ddg/iterations/20260908T1300-full-reference-sequence-reuse/result.json
20260908T130610.268465-ec2-shared-paths-full-reference-unique100k,1,EC2 c7i.2xlarge Xeon 8488C 4 cores 8 threads,,100000,,,,"Compute-only golden pairs, includes pair encoding and DP, excludes IO/startup",kernel_compute,True,rust-kernel,0,1.301822906,0,benchmarks/ddg/iterations/20260908T130610.268465-ec2-shared-paths-full-reference-unique100k/result.json
20260908T130610.268465-ec2-shared-paths-full-reference-unique100k,1,EC2 c7i.2xlarge Xeon 8488C 4 cores 8 threads,,100000,,,,"Compute-only golden pairs, includes pair encoding and DP, excludes IO/startup",kernel_compute,True,native-baseline,0,1.089606313,0,benchmarks/ddg/iterations/20260908T130610.268465-ec2-shared-paths-full-reference-unique100k/result.json
20260908T130610.268465-ec2-shared-paths-full-reference-unique100k,1,EC2 c7i.2xlarge Xeon 8488C 4 cores 8 threads,,100000,,,,"Compute-only golden pairs, includes pair encoding and DP, excludes IO/startup",kernel_compute,True,native-baseline,1,1.088334277,0,benchmarks/ddg/iterations/20260908T130610.268465-ec2-shared-paths-full-reference-unique100k/result.json
20260908T130610.268465-ec2-shared-paths-full-reference-unique100k,1,EC2 c7i.2xlarge Xeon 8488C 4 cores 8 threads,,100000,,,,"Compute-only golden pairs, includes pair encoding and DP, excludes IO/startup",kernel_compute,True,rust-kernel,1,1.2991293640000001,0,benchmarks/ddg/iterations/20260908T130610.268465-ec2-shared-paths-full-reference-unique100k/result.json
20260908T130610.268465-ec2-shared-paths-full-reference-unique100k,1,EC2 c7i.2xlarge Xeon 8488C 4 cores 8 threads,,100000,,,,"Compute-only golden pairs, includes pair encoding and DP, excludes IO/startup",kernel_compute,True,rust-kernel,2,1.306762432,0,benchmarks/ddg/iterations/20260908T130610.268465-ec2-shared-paths-full-reference-unique100k/result.json
20260908T130610.268465-ec2-shared-paths-full-reference-unique100k,1,EC2 c7i.2xlarge Xeon 8488C 4 cores 8 threads,,100000,,,,"Compute-only golden pairs, includes pair encoding and DP, excludes IO/startup",kernel_compute,True,native-baseline,2,1.0913259,0,benchmarks/ddg/iterations/20260908T130610.268465-ec2-shared-paths-full-reference-unique100k/result.json
20260908T131502.058254-ec2-shared-paths-full-reference-all-unique,8,EC2 c7i.2xlarge Xeon 8488C 4 cores 8 threads,,2931542,,,,"Compute-only golden pairs, includes pair encoding and DP, excludes IO/startup",kernel_compute,True,rust-kernel,0,2.5927235619999998,0,benchmarks/ddg/iterations/20260908T131502.058254-ec2-shared-paths-full-reference-all-unique/result.json
20260908T131502.058254-ec2-shared-paths-full-reference-all-unique,8,EC2 c7i.2xlarge Xeon 8488C 4 cores 8 threads,,2931542,,,,"Compute-only golden pairs, includes pair encoding and DP, excludes IO/startup",kernel_compute,True,native-baseline,0,1.925291803,0,benchmarks/ddg/iterations/20260908T131502.058254-ec2-shared-paths-full-reference-all-unique/result.json
20260908T131502.058254-ec2-shared-paths-full-reference-all-unique,8,EC2 c7i.2xlarge Xeon 8488C 4 cores 8 threads,,2931542,,,,"Compute-only golden pairs, includes pair encoding and DP, excludes IO/startup",kernel_compute,True,native-baseline,1,1.9253087949999999,0,benchmarks/ddg/iterations/20260908T131502.058254-ec2-shared-paths-full-reference-all-unique/result.json
20260908T131502.058254-ec2-shared-paths-full-reference-all-unique,8,EC2 c7i.2xlarge Xeon 8488C 4 cores 8 threads,,2931542,,,,"Compute-only golden pairs, includes pair encoding and DP, excludes IO/startup",kernel_compute,True,rust-kernel,1,2.613516887,0,benchmarks/ddg/iterations/20260908T131502.058254-ec2-shared-paths-full-reference-all-unique/result.json
20260908T131502.058254-ec2-shared-paths-full-reference-all-unique,8,EC2 c7i.2xlarge Xeon 8488C 4 cores 8 threads,,2931542,,,,"Compute-only golden pairs, includes pair encoding and DP, excludes IO/startup",kernel_compute,True,rust-kernel,2,2.619131349,0,benchmarks/ddg/iterations/20260908T131502.058254-ec2-shared-paths-full-reference-all-unique/result.json
20260908T131502.058254-ec2-shared-paths-full-reference-all-unique,8,EC2 c7i.2xlarge Xeon 8488C 4 cores 8 threads,,2931542,,,,"Compute-only golden pairs, includes pair encoding and DP, excludes IO/startup",kernel_compute,True,native-baseline,2,1.931220305,0,benchmarks/ddg/iterations/20260908T131502.058254-ec2-shared-paths-full-reference-all-unique/result.json
20260908T131623.311715-ec2-shared-adjacent-full-reference-all-unique,8,EC2 c7i.2xlarge Xeon 8488C 4 cores 8 threads,,2931542,,,,"Compute-only golden pairs, includes pair encoding and DP, excludes IO/startup",kernel_compute,True,rust-kernel,0,1.926264086,0,benchmarks/ddg/iterations/20260908T131623.311715-ec2-shared-adjacent-full-reference-all-unique/result.json
20260908T131623.311715-ec2-shared-adjacent-full-reference-all-unique,8,EC2 c7i.2xlarge Xeon 8488C 4 cores 8 threads,,2931542,,,,"Compute-only golden pairs, includes pair encoding and DP, excludes IO/startup",kernel_compute,True,native-baseline,0,1.925347385,0,benchmarks/ddg/iterations/20260908T131623.311715-ec2-shared-adjacent-full-reference-all-unique/result.json
20260908T131623.311715-ec2-shared-adjacent-full-reference-all-unique,8,EC2 c7i.2xlarge Xeon 8488C 4 cores 8 threads,,2931542,,,,"Compute-only golden pairs, includes pair encoding and DP, excludes IO/startup",kernel_compute,True,native-baseline,1,1.925656356,0,benchmarks/ddg/iterations/20260908T131623.311715-ec2-shared-adjacent-full-reference-all-unique/result.json
20260908T131623.311715-ec2-shared-adjacent-full-reference-all-unique,8,EC2 c7i.2xlarge Xeon 8488C 4 cores 8 threads,,2931542,,,,"Compute-only golden pairs, includes pair encoding and DP, excludes IO/startup",kernel_compute,True,rust-kernel,1,1.914721604,0,benchmarks/ddg/iterations/20260908T131623.311715-ec2-shared-adjacent-full-reference-all-unique/result.json
20260908T131623.311715-ec2-shared-adjacent-full-reference-all-unique,8,EC2 c7i.2xlarge Xeon 8488C 4 cores 8 threads,,2931542,,,,"Compute-only golden pairs, includes pair encoding and DP, excludes IO/startup",kernel_compute,True,rust-kernel,2,1.938063501,0,benchmarks/ddg/iterations/20260908T131623.311715-ec2-shared-adjacent-full-reference-all-unique/result.json
20260908T131623.311715-ec2-shared-adjacent-full-reference-all-unique,8,EC2 c7i.2xlarge Xeon 8488C 4 cores 8 threads,,2931542,,,,"Compute-only golden pairs, includes pair encoding and DP, excludes IO/startup",kernel_compute,True,native-baseline,2,1.933999197,0,benchmarks/ddg/iterations/20260908T131623.311715-ec2-shared-adjacent-full-reference-all-unique/result.json
20260908T132022.190737-ec2-avx512-vienna-full-reference-all-unique,8,EC2 c7i.2xlarge Xeon 8488C 4 cores 8 threads,,2931542,,,,"Compute-only golden pairs, includes pair encoding and DP, excludes IO/startup",kernel_compute,True,rust-kernel,0,1.9207005700000002,0,benchmarks/ddg/iterations/20260908T132022.190737-ec2-avx512-vienna-full-reference-all-unique/result.json
20260908T132022.190737-ec2-avx512-vienna-full-reference-all-unique,8,EC2 c7i.2xlarge Xeon 8488C 4 cores 8 threads,,2931542,,,,"Compute-only golden pairs, includes pair encoding and DP, excludes IO/startup",kernel_compute,True,vienna-library,0,64.018351497,0,benchmarks/ddg/iterations/20260908T132022.190737-ec2-avx512-vienna-full-reference-all-unique/result.json
20260908T132022.190737-ec2-avx512-vienna-full-reference-all-unique,8,EC2 c7i.2xlarge Xeon 8488C 4 cores 8 threads,,2931542,,,,"Compute-only golden pairs, includes pair encoding and DP, excludes IO/startup",kernel_compute,True,vienna-library,1,63.975902893,0,benchmarks/ddg/iterations/20260908T132022.190737-ec2-avx512-vienna-full-reference-all-unique/result.json
20260908T132022.190737-ec2-avx512-vienna-full-reference-all-unique,8,EC2 c7i.2xlarge Xeon 8488C 4 cores 8 threads,,2931542,,,,"Compute-only golden pairs, includes pair encoding and DP, excludes IO/startup",kernel_compute,True,rust-kernel,1,1.927657736,0,benchmarks/ddg/iterations/20260908T132022.190737-ec2-avx512-vienna-full-reference-all-unique/result.json
20260908T132022.190737-ec2-avx512-vienna-full-reference-all-unique,8,EC2 c7i.2xlarge Xeon 8488C 4 cores 8 threads,,2931542,,,,"Compute-only golden pairs, includes pair encoding and DP, excludes IO/startup",kernel_compute,True,rust-kernel,2,1.92387883,0,benchmarks/ddg/iterations/20260908T132022.190737-ec2-avx512-vienna-full-reference-all-unique/result.json
20260908T132022.190737-ec2-avx512-vienna-full-reference-all-unique,8,EC2 c7i.2xlarge Xeon 8488C 4 cores 8 threads,,2931542,,,,"Compute-only golden pairs, includes pair encoding and DP, excludes IO/startup",kernel_compute,True,vienna-library,2,63.946095882,0,benchmarks/ddg/iterations/20260908T132022.190737-ec2-avx512-vienna-full-reference-all-unique/result.json
20260908T154414.515307-pulp-neon-golden,1,"Raspberry Pi 5, Cortex-A76, aarch64, pulp 0.22.3 NEON",,1825,,,,"Compute-only 1,825 diverse oracle pairs, includes pair encoding and DP, excludes IO/startup",kernel_compute,True,rust-kernel,0,1.004052257,0,benchmarks/ddg/iterations/20260908T154414.515307-pulp-neon-golden/result.json
20260908T154414.515307-pulp-neon-golden,1,"Raspberry Pi 5, Cortex-A76, aarch64, pulp 0.22.3 NEON",,1825,,,,"Compute-only 1,825 diverse oracle pairs, includes pair encoding and DP, excludes IO/startup",kernel_compute,True,native-baseline,0,1.176732192,0,benchmarks/ddg/iterations/20260908T154414.515307-pulp-neon-golden/result.json
20260908T154414.515307-pulp-neon-golden,1,"Raspberry Pi 5, Cortex-A76, aarch64, pulp 0.22.3 NEON",,1825,,,,"Compute-only 1,825 diverse oracle pairs, includes pair encoding and DP, excludes IO/startup",kernel_compute,True,native-baseline,1,1.151240257,0,benchmarks/ddg/iterations/20260908T154414.515307-pulp-neon-golden/result.json
20260908T154414.515307-pulp-neon-golden,1,"Raspberry Pi 5, Cortex-A76, aarch64, pulp 0.22.3 NEON",,1825,,,,"Compute-only 1,825 diverse oracle pairs, includes pair encoding and DP, excludes IO/startup",kernel_compute,True,rust-kernel,1,1.018021496,0,benchmarks/ddg/iterations/20260908T154414.515307-pulp-neon-golden/result.json
20260908T154414.515307-pulp-neon-golden,1,"Raspberry Pi 5, Cortex-A76, aarch64, pulp 0.22.3 NEON",,1825,,,,"Compute-only 1,825 diverse oracle pairs, includes pair encoding and DP, excludes IO/startup",kernel_compute,True,rust-kernel,2,1.000721095,0,benchmarks/ddg/iterations/20260908T154414.515307-pulp-neon-golden/result.json
20260908T154414.515307-pulp-neon-golden,1,"Raspberry Pi 5, Cortex-A76, aarch64, pulp 0.22.3 NEON",,1825,,,,"Compute-only 1,825 diverse oracle pairs, includes pair encoding and DP, excludes IO/startup",kernel_compute,True,native-baseline,2,1.150999906,0,benchmarks/ddg/iterations/20260908T154414.515307-pulp-neon-golden/result.json
20260908T154421.822452-pulp-neon-real-unique,1,"Raspberry Pi 5, Cortex-A76, aarch64, pulp 0.22.3 NEON",,20543,,,,"Compute-only 20,543 unique real-site pairs, includes pair encoding and DP, excludes IO/startup",kernel_compute,True,rust-kernel,0,1.244699429,0,benchmarks/ddg/iterations/20260908T154421.822452-pulp-neon-real-unique/result.json
20260908T154421.822452-pulp-neon-real-unique,1,"Raspberry Pi 5, Cortex-A76, aarch64, pulp 0.22.3 NEON",,20543,,,,"Compute-only 20,543 unique real-site pairs, includes pair encoding and DP, excludes IO/startup",kernel_compute,True,native-baseline,0,2.649977569,0,benchmarks/ddg/iterations/20260908T154421.822452-pulp-neon-real-unique/result.json
20260908T154421.822452-pulp-neon-real-unique,1,"Raspberry Pi 5, Cortex-A76, aarch64, pulp 0.22.3 NEON",,20543,,,,"Compute-only 20,543 unique real-site pairs, includes pair encoding and DP, excludes IO/startup",kernel_compute,True,native-baseline,1,2.643027262,0,benchmarks/ddg/iterations/20260908T154421.822452-pulp-neon-real-unique/result.json
20260908T154421.822452-pulp-neon-real-unique,1,"Raspberry Pi 5, Cortex-A76, aarch64, pulp 0.22.3 NEON",,20543,,,,"Compute-only 20,543 unique real-site pairs, includes pair encoding and DP, excludes IO/startup",kernel_compute,True,rust-kernel,1,1.244986184,0,benchmarks/ddg/iterations/20260908T154421.822452-pulp-neon-real-unique/result.json
20260908T154421.822452-pulp-neon-real-unique,1,"Raspberry Pi 5, Cortex-A76, aarch64, pulp 0.22.3 NEON",,20543,,,,"Compute-only 20,543 unique real-site pairs, includes pair encoding and DP, excludes IO/startup",kernel_compute,True,rust-kernel,2,1.243978915,0,benchmarks/ddg/iterations/20260908T154421.822452-pulp-neon-real-unique/result.json
20260908T154421.822452-pulp-neon-real-unique,1,"Raspberry Pi 5, Cortex-A76, aarch64, pulp 0.22.3 NEON",,20543,,,,"Compute-only 20,543 unique real-site pairs, includes pair encoding and DP, excludes IO/startup",kernel_compute,True,native-baseline,2,2.6431623650000002,0,benchmarks/ddg/iterations/20260908T154421.822452-pulp-neon-real-unique/result.json
